{
  	"stats": {
  	  	"maxCombo": 345,
  	  	"accuracy": 98.76,
  	  	"misses": 3,
  	  	"score": 152508
  	},
  	"inputs": [
  	  	{
  	  	  	"press": true,
  	  	  	"dir": 2,
  	  	  	"time": -2092.85714285714,
  	  	  	"judgement": null
  	  	},
  	  	{
  	  	  	"press": true,
  	  	  	"dir": 3,
  	  	  	"time": -2092.85714285714,
  	  	  	"judgement": null
  	  	},
  	  	{
  	  	  	"press": false,
  	  	  	"dir": 2,
  	  	  	"time": -1876.19047619048,
  	  	  	"judgement": null
  	  	},
  	  	{
  	  	  	"press": false,
  	  	  	"dir": 3,
  	  	  	"time": -1842.85714285714,
  	  	  	"judgement": null
  	  	},
  	  	{
  	  	  	"press": true,
  	  	  	"dir": 2,
  	  	  	"time": -1659.52380952381,
  	  	  	"judgement": null
  	  	},
  	  	{
  	  	  	"press": true,
  	  	  	"dir": 3,
  	  	  	"time": -1659.52380952381,
  	  	  	"judgement": null
  	  	},
  	  	{
  	  	  	"press": false,
  	  	  	"dir": 2,
  	  	  	"time": -1326.19047619047,
  	  	  	"judgement": null
  	  	},
  	  	{
  	  	  	"press": false,
  	  	  	"dir": 3,
  	  	  	"time": -1276.19047619047,
  	  	  	"judgement": null
  	  	},
  	  	{
  	  	  	"press": true,
  	  	  	"dir": 0,
  	  	  	"time": -809.523809523806,
  	  	  	"judgement": null
  	  	},
  	  	{
  	  	  	"press": true,
  	  	  	"dir": 1,
  	  	  	"time": -809.523809523806,
  	  	  	"judgement": null
  	  	},
  	  	{
  	  	  	"press": false,
  	  	  	"dir": 1,
  	  	  	"time": -492.85714285714,
  	  	  	"judgement": null
  	  	},
  	  	{
  	  	  	"press": false,
  	  	  	"dir": 0,
  	  	  	"time": -476.190476190473,
  	  	  	"judgement": null
  	  	},
  	  	{
  	  	  	"press": true,
  	  	  	"dir": 0,
  	  	  	"time": -292.85714285714,
  	  	  	"judgement": null
  	  	},
  	  	{
  	  	  	"press": true,
  	  	  	"dir": 1,
  	  	  	"time": -292.85714285714,
  	  	  	"judgement": null
  	  	},
  	  	{
  	  	  	"press": true,
  	  	  	"dir": 2,
  	  	  	"time": -259.523809523806,
  	  	  	"judgement": null
  	  	},
  	  	{
  	  	  	"press": true,
  	  	  	"dir": 3,
  	  	  	"time": -259.523809523806,
  	  	  	"judgement": null
  	  	},
  	  	{
  	  	  	"press": false,
  	  	  	"dir": 2,
  	  	  	"time": -159.523809523806,
  	  	  	"judgement": null
  	  	},
  	  	{
  	  	  	"press": false,
  	  	  	"dir": 3,
  	  	  	"time": -159.523809523806,
  	  	  	"judgement": null
  	  	},
  	  	{
  	  	  	"press": false,
  	  	  	"dir": 0,
  	  	  	"time": -109.523809523806,
  	  	  	"judgement": null
  	  	},
  	  	{
  	  	  	"press": false,
  	  	  	"dir": 1,
  	  	  	"time": -109.523809523806,
  	  	  	"judgement": null
  	  	},
  	  	{
  	  	  	"press": true,
  	  	  	"dir": 1,
  	  	  	"time": 107.14285714286,
  	  	  	"judgement": "sick"
  	  	},
  	  	{
  	  	  	"press": false,
  	  	  	"dir": 1,
  	  	  	"time": 823.809523809527,
  	  	  	"judgement": null
  	  	},
  	  	{
  	  	  	"press": true,
  	  	  	"dir": 0,
  	  	  	"time": 990.476190476193,
  	  	  	"judgement": null
  	  	},
  	  	{
  	  	  	"press": true,
  	  	  	"dir": 1,
  	  	  	"time": 990.476190476193,
  	  	  	"judgement": null
  	  	},
  	  	{
  	  	  	"press": true,
  	  	  	"dir": 2,
  	  	  	"time": 990.476190476193,
  	  	  	"judgement": null
  	  	},
  	  	{
  	  	  	"press": false,
  	  	  	"dir": 2,
  	  	  	"time": 1123.80952380953,
  	  	  	"judgement": null
  	  	},
  	  	{
  	  	  	"press": false,
  	  	  	"dir": 0,
  	  	  	"time": 1223.80952380953,
  	  	  	"judgement": null
  	  	},
  	  	{
  	  	  	"press": false,
  	  	  	"dir": 1,
  	  	  	"time": 1223.80952380953,
  	  	  	"judgement": null
  	  	},
  	  	{
  	  	  	"press": true,
  	  	  	"dir": 0,
  	  	  	"time": 1407.14285714286,
  	  	  	"judgement": null
  	  	},
  	  	{
  	  	  	"press": true,
  	  	  	"dir": 2,
  	  	  	"time": 1457.14285714286,
  	  	  	"judgement": null
  	  	},
  	  	{
  	  	  	"press": true,
  	  	  	"dir": 3,
  	  	  	"time": 1457.14285714286,
  	  	  	"judgement": null
  	  	},
  	  	{
  	  	  	"press": false,
  	  	  	"dir": 2,
  	  	  	"time": 1540.4761904762,
  	  	  	"judgement": null
  	  	},
  	  	{
  	  	  	"press": false,
  	  	  	"dir": 3,
  	  	  	"time": 1540.4761904762,
  	  	  	"judgement": null
  	  	},
  	  	{
  	  	  	"press": false,
  	  	  	"dir": 0,
  	  	  	"time": 1657.14285714286,
  	  	  	"judgement": null
  	  	},
  	  	{
  	  	  	"press": true,
  	  	  	"dir": 0,
  	  	  	"time": 1840.4761904762,
  	  	  	"judgement": null
  	  	},
  	  	{
  	  	  	"press": true,
  	  	  	"dir": 3,
  	  	  	"time": 2073.80952380953,
  	  	  	"judgement": null
  	  	},
  	  	{
  	  	  	"press": false,
  	  	  	"dir": 0,
  	  	  	"time": 2073.80952380953,
  	  	  	"judgement": null
  	  	},
  	  	{
  	  	  	"press": true,
  	  	  	"dir": 2,
  	  	  	"time": 2107.14285714286,
  	  	  	"judgement": null
  	  	},
  	  	{
  	  	  	"press": false,
  	  	  	"dir": 3,
  	  	  	"time": 2123.80952380953,
  	  	  	"judgement": null
  	  	},
  	  	{
  	  	  	"press": false,
  	  	  	"dir": 2,
  	  	  	"time": 2157.14285714286,
  	  	  	"judgement": null
  	  	},
  	  	{
  	  	  	"press": true,
  	  	  	"dir": 2,
  	  	  	"time": 2257.14285714286,
  	  	  	"judgement": null
  	  	},
  	  	{
  	  	  	"press": false,
  	  	  	"dir": 2,
  	  	  	"time": 2357.14285714286,
  	  	  	"judgement": null
  	  	},
  	  	{
  	  	  	"press": true,
  	  	  	"dir": 1,
  	  	  	"time": 2473.80952380953,
  	  	  	"judgement": null
  	  	},
  	  	{
  	  	  	"press": false,
  	  	  	"dir": 1,
  	  	  	"time": 2590.47619047619,
  	  	  	"judgement": null
  	  	},
  	  	{
  	  	  	"press": true,
  	  	  	"dir": 1,
  	  	  	"time": 2873.80952380952,
  	  	  	"judgement": "sick"
  	  	},
  	  	{
  	  	  	"press": false,
  	  	  	"dir": 1,
  	  	  	"time": 2990.47619047619,
  	  	  	"judgement": null
  	  	},
  	  	{
  	  	  	"press": true,
  	  	  	"dir": 3,
  	  	  	"time": 3007.14285714286,
  	  	  	"judgement": "sick"
  	  	},
  	  	{
  	  	  	"press": false,
  	  	  	"dir": 3,
  	  	  	"time": 3090.47619047619,
  	  	  	"judgement": null
  	  	},
  	  	{
  	  	  	"press": true,
  	  	  	"dir": 1,
  	  	  	"time": 3107.14285714285,
  	  	  	"judgement": "sick"
  	  	},
  	  	{
  	  	  	"press": false,
  	  	  	"dir": 1,
  	  	  	"time": 3207.14285714285,
  	  	  	"judgement": null
  	  	},
  	  	{
  	  	  	"press": true,
  	  	  	"dir": 1,
  	  	  	"time": 3323.80952380952,
  	  	  	"judgement": "sick"
  	  	},
  	  	{
  	  	  	"press": false,
  	  	  	"dir": 1,
  	  	  	"time": 3457.14285714285,
  	  	  	"judgement": null
  	  	},
  	  	{
  	  	  	"press": true,
  	  	  	"dir": 0,
  	  	  	"time": 3757.14285714285,
  	  	  	"judgement": "sick"
  	  	},
  	  	{
  	  	  	"press": true,
  	  	  	"dir": 1,
  	  	  	"time": 3873.80952380951,
  	  	  	"judgement": "sick"
  	  	},
  	  	{
  	  	  	"press": false,
  	  	  	"dir": 0,
  	  	  	"time": 3907.14285714285,
  	  	  	"judgement": null
  	  	},
  	  	{
  	  	  	"press": true,
  	  	  	"dir": 3,
  	  	  	"time": 3973.80952380951,
  	  	  	"judgement": "sick"
  	  	},
  	  	{
  	  	  	"press": false,
  	  	  	"dir": 1,
  	  	  	"time": 3973.80952380951,
  	  	  	"judgement": null
  	  	},
  	  	{
  	  	  	"press": false,
  	  	  	"dir": 3,
  	  	  	"time": 4057.14285714285,
  	  	  	"judgement": null
  	  	},
  	  	{
  	  	  	"press": true,
  	  	  	"dir": 0,
  	  	  	"time": 4423.80952380952,
  	  	  	"judgement": null
  	  	},
  	  	{
  	  	  	"press": true,
  	  	  	"dir": 2,
  	  	  	"time": 4423.80952380952,
  	  	  	"judgement": null
  	  	},
  	  	{
  	  	  	"press": true,
  	  	  	"dir": 3,
  	  	  	"time": 4423.80952380952,
  	  	  	"judgement": null
  	  	},
  	  	{
  	  	  	"press": true,
  	  	  	"dir": 1,
  	  	  	"time": 4440.47619047619,
  	  	  	"judgement": null
  	  	},
  	  	{
  	  	  	"press": false,
  	  	  	"dir": 2,
  	  	  	"time": 4490.47619047619,
  	  	  	"judgement": null
  	  	},
  	  	{
  	  	  	"press": false,
  	  	  	"dir": 3,
  	  	  	"time": 4490.47619047619,
  	  	  	"judgement": null
  	  	},
  	  	{
  	  	  	"press": false,
  	  	  	"dir": 0,
  	  	  	"time": 4523.80952380952,
  	  	  	"judgement": null
  	  	},
  	  	{
  	  	  	"press": false,
  	  	  	"dir": 1,
  	  	  	"time": 4523.80952380952,
  	  	  	"judgement": null
  	  	},
  	  	{
  	  	  	"press": true,
  	  	  	"dir": 0,
  	  	  	"time": 4807.14285714286,
  	  	  	"judgement": null
  	  	},
  	  	{
  	  	  	"press": true,
  	  	  	"dir": 1,
  	  	  	"time": 4807.14285714286,
  	  	  	"judgement": null
  	  	},
  	  	{
  	  	  	"press": true,
  	  	  	"dir": 2,
  	  	  	"time": 4857.14285714286,
  	  	  	"judgement": null
  	  	},
  	  	{
  	  	  	"press": true,
  	  	  	"dir": 3,
  	  	  	"time": 4857.14285714286,
  	  	  	"judgement": null
  	  	},
  	  	{
  	  	  	"press": false,
  	  	  	"dir": 2,
  	  	  	"time": 4923.80952380953,
  	  	  	"judgement": null
  	  	},
  	  	{
  	  	  	"press": false,
  	  	  	"dir": 3,
  	  	  	"time": 4923.80952380953,
  	  	  	"judgement": null
  	  	},
  	  	{
  	  	  	"press": false,
  	  	  	"dir": 0,
  	  	  	"time": 4990.4761904762,
  	  	  	"judgement": null
  	  	},
  	  	{
  	  	  	"press": false,
  	  	  	"dir": 1,
  	  	  	"time": 4990.4761904762,
  	  	  	"judgement": null
  	  	},
  	  	{
  	  	  	"press": true,
  	  	  	"dir": 3,
  	  	  	"time": 5457.14285714287,
  	  	  	"judgement": "sick"
  	  	},
  	  	{
  	  	  	"press": true,
  	  	  	"dir": 1,
  	  	  	"time": 5557.14285714287,
  	  	  	"judgement": "sick"
  	  	},
  	  	{
  	  	  	"press": false,
  	  	  	"dir": 3,
  	  	  	"time": 5557.14285714287,
  	  	  	"judgement": null
  	  	},
  	  	{
  	  	  	"press": false,
  	  	  	"dir": 1,
  	  	  	"time": 5657.14285714287,
  	  	  	"judgement": null
  	  	},
  	  	{
  	  	  	"press": true,
  	  	  	"dir": 2,
  	  	  	"time": 5673.80952380954,
  	  	  	"judgement": "sick"
  	  	},
  	  	{
  	  	  	"press": false,
  	  	  	"dir": 2,
  	  	  	"time": 5757.14285714288,
  	  	  	"judgement": null
  	  	},
  	  	{
  	  	  	"press": true,
  	  	  	"dir": 3,
  	  	  	"time": 5890.47619047621,
  	  	  	"judgement": "sick"
  	  	},
  	  	{
  	  	  	"press": false,
  	  	  	"dir": 3,
  	  	  	"time": 5973.80952380955,
  	  	  	"judgement": null
  	  	},
  	  	{
  	  	  	"press": true,
  	  	  	"dir": 0,
  	  	  	"time": 6073.80952380955,
  	  	  	"judgement": "sick"
  	  	},
  	  	{
  	  	  	"press": true,
  	  	  	"dir": 1,
  	  	  	"time": 6123.80952380955,
  	  	  	"judgement": "sick"
  	  	},
  	  	{
  	  	  	"press": false,
  	  	  	"dir": 0,
  	  	  	"time": 6140.47619047622,
  	  	  	"judgement": null
  	  	},
  	  	{
  	  	  	"press": false,
  	  	  	"dir": 1,
  	  	  	"time": 6190.47619047622,
  	  	  	"judgement": null
  	  	},
  	  	{
  	  	  	"press": true,
  	  	  	"dir": 1,
  	  	  	"time": 6323.80952380955,
  	  	  	"judgement": "sick"
  	  	},
  	  	{
  	  	  	"press": false,
  	  	  	"dir": 1,
  	  	  	"time": 6423.80952380955,
  	  	  	"judgement": null
  	  	},
  	  	{
  	  	  	"press": true,
  	  	  	"dir": 3,
  	  	  	"time": 6540.47619047622,
  	  	  	"judgement": "sick"
  	  	},
  	  	{
  	  	  	"press": false,
  	  	  	"dir": 3,
  	  	  	"time": 6607.14285714289,
  	  	  	"judgement": null
  	  	},
  	  	{
  	  	  	"press": true,
  	  	  	"dir": 0,
  	  	  	"time": 6723.80952380956,
  	  	  	"judgement": "sick"
  	  	},
  	  	{
  	  	  	"press": false,
  	  	  	"dir": 0,
  	  	  	"time": 6790.47619047623,
  	  	  	"judgement": null
  	  	},
  	  	{
  	  	  	"press": true,
  	  	  	"dir": 1,
  	  	  	"time": 6940.47619047623,
  	  	  	"judgement": "sick"
  	  	},
  	  	{
  	  	  	"press": true,
  	  	  	"dir": 2,
  	  	  	"time": 7373.80952380957,
  	  	  	"judgement": null
  	  	},
  	  	{
  	  	  	"press": true,
  	  	  	"dir": 3,
  	  	  	"time": 7373.80952380957,
  	  	  	"judgement": null
  	  	},
  	  	{
  	  	  	"press": false,
  	  	  	"dir": 2,
  	  	  	"time": 7440.47619047624,
  	  	  	"judgement": null
  	  	},
  	  	{
  	  	  	"press": false,
  	  	  	"dir": 3,
  	  	  	"time": 7457.14285714291,
  	  	  	"judgement": null
  	  	},
  	  	{
  	  	  	"press": true,
  	  	  	"dir": 2,
  	  	  	"time": 7857.14285714291,
  	  	  	"judgement": null
  	  	},
  	  	{
  	  	  	"press": true,
  	  	  	"dir": 3,
  	  	  	"time": 7857.14285714291,
  	  	  	"judgement": null
  	  	},
  	  	{
  	  	  	"press": false,
  	  	  	"dir": 2,
  	  	  	"time": 7907.14285714292,
  	  	  	"judgement": null
  	  	},
  	  	{
  	  	  	"press": false,
  	  	  	"dir": 3,
  	  	  	"time": 7923.80952380958,
  	  	  	"judgement": null
  	  	},
  	  	{
  	  	  	"press": true,
  	  	  	"dir": 2,
  	  	  	"time": 8273.80952380958,
  	  	  	"judgement": null
  	  	},
  	  	{
  	  	  	"press": true,
  	  	  	"dir": 3,
  	  	  	"time": 8273.80952380958,
  	  	  	"judgement": null
  	  	},
  	  	{
  	  	  	"press": false,
  	  	  	"dir": 2,
  	  	  	"time": 8340.47619047625,
  	  	  	"judgement": null
  	  	},
  	  	{
  	  	  	"press": false,
  	  	  	"dir": 3,
  	  	  	"time": 8340.47619047625,
  	  	  	"judgement": null
  	  	},
  	  	{
  	  	  	"press": false,
  	  	  	"dir": 1,
  	  	  	"time": 8657.1428571429,
  	  	  	"judgement": null
  	  	},
  	  	{
  	  	  	"press": true,
  	  	  	"dir": 0,
  	  	  	"time": 8907.1428571429,
  	  	  	"judgement": null
  	  	},
  	  	{
  	  	  	"press": true,
  	  	  	"dir": 1,
  	  	  	"time": 8907.1428571429,
  	  	  	"judgement": null
  	  	},
  	  	{
  	  	  	"press": true,
  	  	  	"dir": 2,
  	  	  	"time": 8940.47619047623,
  	  	  	"judgement": null
  	  	},
  	  	{
  	  	  	"press": true,
  	  	  	"dir": 3,
  	  	  	"time": 8940.47619047623,
  	  	  	"judgement": null
  	  	},
  	  	{
  	  	  	"press": false,
  	  	  	"dir": 0,
  	  	  	"time": 9007.14285714289,
  	  	  	"judgement": null
  	  	},
  	  	{
  	  	  	"press": false,
  	  	  	"dir": 1,
  	  	  	"time": 9007.14285714289,
  	  	  	"judgement": null
  	  	},
  	  	{
  	  	  	"press": false,
  	  	  	"dir": 2,
  	  	  	"time": 9007.14285714289,
  	  	  	"judgement": null
  	  	},
  	  	{
  	  	  	"press": false,
  	  	  	"dir": 3,
  	  	  	"time": 9007.14285714289,
  	  	  	"judgement": null
  	  	},
  	  	{
  	  	  	"press": true,
  	  	  	"dir": 2,
  	  	  	"time": 9140.47619047622,
  	  	  	"judgement": null
  	  	},
  	  	{
  	  	  	"press": true,
  	  	  	"dir": 3,
  	  	  	"time": 9140.47619047622,
  	  	  	"judgement": null
  	  	},
  	  	{
  	  	  	"press": false,
  	  	  	"dir": 2,
  	  	  	"time": 9173.80952380955,
  	  	  	"judgement": null
  	  	},
  	  	{
  	  	  	"press": false,
  	  	  	"dir": 3,
  	  	  	"time": 9173.80952380955,
  	  	  	"judgement": null
  	  	},
  	  	{
  	  	  	"press": true,
  	  	  	"dir": 0,
  	  	  	"time": 9323.80952380955,
  	  	  	"judgement": null
  	  	},
  	  	{
  	  	  	"press": false,
  	  	  	"dir": 0,
  	  	  	"time": 9523.80952380954,
  	  	  	"judgement": null
  	  	},
  	  	{
  	  	  	"press": true,
  	  	  	"dir": 1,
  	  	  	"time": 9707.14285714287,
  	  	  	"judgement": "sick"
  	  	},
  	  	{
  	  	  	"press": false,
  	  	  	"dir": 1,
  	  	  	"time": 9790.4761904762,
  	  	  	"judgement": null
  	  	},
  	  	{
  	  	  	"press": true,
  	  	  	"dir": 3,
  	  	  	"time": 9840.47619047619,
  	  	  	"judgement": "sick"
  	  	},
  	  	{
  	  	  	"press": true,
  	  	  	"dir": 1,
  	  	  	"time": 9940.47619047619,
  	  	  	"judgement": "sick"
  	  	},
  	  	{
  	  	  	"press": false,
  	  	  	"dir": 3,
  	  	  	"time": 9940.47619047619,
  	  	  	"judgement": null
  	  	},
  	  	{
  	  	  	"press": false,
  	  	  	"dir": 1,
  	  	  	"time": 10023.8095238095,
  	  	  	"judgement": null
  	  	},
  	  	{
  	  	  	"press": true,
  	  	  	"dir": 1,
  	  	  	"time": 10173.8095238095,
  	  	  	"judgement": "sick"
  	  	},
  	  	{
  	  	  	"press": false,
  	  	  	"dir": 1,
  	  	  	"time": 10357.1428571428,
  	  	  	"judgement": null
  	  	},
  	  	{
  	  	  	"press": true,
  	  	  	"dir": 0,
  	  	  	"time": 10640.4761904762,
  	  	  	"judgement": "sick"
  	  	},
  	  	{
  	  	  	"press": true,
  	  	  	"dir": 1,
  	  	  	"time": 10740.4761904762,
  	  	  	"judgement": "sick"
  	  	},
  	  	{
  	  	  	"press": false,
  	  	  	"dir": 0,
  	  	  	"time": 10757.1428571428,
  	  	  	"judgement": null
  	  	},
  	  	{
  	  	  	"press": true,
  	  	  	"dir": 3,
  	  	  	"time": 10823.8095238095,
  	  	  	"judgement": "sick"
  	  	},
  	  	{
  	  	  	"press": false,
  	  	  	"dir": 1,
  	  	  	"time": 10857.1428571428,
  	  	  	"judgement": null
  	  	},
  	  	{
  	  	  	"press": false,
  	  	  	"dir": 3,
  	  	  	"time": 10923.8095238095,
  	  	  	"judgement": null
  	  	},
  	  	{
  	  	  	"press": true,
  	  	  	"dir": 0,
  	  	  	"time": 11207.1428571428,
  	  	  	"judgement": null
  	  	},
  	  	{
  	  	  	"press": true,
  	  	  	"dir": 1,
  	  	  	"time": 11223.8095238095,
  	  	  	"judgement": null
  	  	},
  	  	{
  	  	  	"press": true,
  	  	  	"dir": 2,
  	  	  	"time": 11257.1428571428,
  	  	  	"judgement": null
  	  	},
  	  	{
  	  	  	"press": true,
  	  	  	"dir": 3,
  	  	  	"time": 11257.1428571428,
  	  	  	"judgement": null
  	  	},
  	  	{
  	  	  	"press": false,
  	  	  	"dir": 2,
  	  	  	"time": 11373.8095238095,
  	  	  	"judgement": null
  	  	},
  	  	{
  	  	  	"press": false,
  	  	  	"dir": 3,
  	  	  	"time": 11373.8095238095,
  	  	  	"judgement": null
  	  	},
  	  	{
  	  	  	"press": false,
  	  	  	"dir": 1,
  	  	  	"time": 11457.1428571428,
  	  	  	"judgement": null
  	  	},
  	  	{
  	  	  	"press": false,
  	  	  	"dir": 0,
  	  	  	"time": 11507.1428571428,
  	  	  	"judgement": null
  	  	},
  	  	{
  	  	  	"press": true,
  	  	  	"dir": 2,
  	  	  	"time": 11673.8095238095,
  	  	  	"judgement": null
  	  	},
  	  	{
  	  	  	"press": true,
  	  	  	"dir": 3,
  	  	  	"time": 11673.8095238095,
  	  	  	"judgement": null
  	  	},
  	  	{
  	  	  	"press": true,
  	  	  	"dir": 0,
  	  	  	"time": 11723.8095238095,
  	  	  	"judgement": null
  	  	},
  	  	{
  	  	  	"press": true,
  	  	  	"dir": 1,
  	  	  	"time": 11723.8095238095,
  	  	  	"judgement": null
  	  	},
  	  	{
  	  	  	"press": false,
  	  	  	"dir": 3,
  	  	  	"time": 11757.1428571428,
  	  	  	"judgement": null
  	  	},
  	  	{
  	  	  	"press": false,
  	  	  	"dir": 2,
  	  	  	"time": 11790.4761904761,
  	  	  	"judgement": null
  	  	},
  	  	{
  	  	  	"press": false,
  	  	  	"dir": 0,
  	  	  	"time": 11873.8095238095,
  	  	  	"judgement": null
  	  	},
  	  	{
  	  	  	"press": false,
  	  	  	"dir": 1,
  	  	  	"time": 11873.8095238095,
  	  	  	"judgement": null
  	  	},
  	  	{
  	  	  	"press": true,
  	  	  	"dir": 2,
  	  	  	"time": 12107.1428571428,
  	  	  	"judgement": null
  	  	},
  	  	{
  	  	  	"press": true,
  	  	  	"dir": 3,
  	  	  	"time": 12107.1428571428,
  	  	  	"judgement": null
  	  	},
  	  	{
  	  	  	"press": false,
  	  	  	"dir": 2,
  	  	  	"time": 12140.4761904761,
  	  	  	"judgement": null
  	  	},
  	  	{
  	  	  	"press": false,
  	  	  	"dir": 3,
  	  	  	"time": 12140.4761904761,
  	  	  	"judgement": null
  	  	},
  	  	{
  	  	  	"press": true,
  	  	  	"dir": 3,
  	  	  	"time": 12323.8095238094,
  	  	  	"judgement": "sick"
  	  	},
  	  	{
  	  	  	"press": true,
  	  	  	"dir": 1,
  	  	  	"time": 12440.4761904761,
  	  	  	"judgement": "sick"
  	  	},
  	  	{
  	  	  	"press": false,
  	  	  	"dir": 3,
  	  	  	"time": 12440.4761904761,
  	  	  	"judgement": null
  	  	},
  	  	{
  	  	  	"press": false,
  	  	  	"dir": 1,
  	  	  	"time": 12523.8095238094,
  	  	  	"judgement": null
  	  	},
  	  	{
  	  	  	"press": true,
  	  	  	"dir": 0,
  	  	  	"time": 12540.4761904761,
  	  	  	"judgement": "sick"
  	  	},
  	  	{
  	  	  	"press": false,
  	  	  	"dir": 0,
  	  	  	"time": 12657.1428571428,
  	  	  	"judgement": null
  	  	},
  	  	{
  	  	  	"press": true,
  	  	  	"dir": 3,
  	  	  	"time": 12723.8095238094,
  	  	  	"judgement": "sick"
  	  	},
  	  	{
  	  	  	"press": true,
  	  	  	"dir": 1,
  	  	  	"time": 12807.1428571428,
  	  	  	"judgement": "sick"
  	  	},
  	  	{
  	  	  	"press": false,
  	  	  	"dir": 3,
  	  	  	"time": 12807.1428571428,
  	  	  	"judgement": null
  	  	},
  	  	{
  	  	  	"press": false,
  	  	  	"dir": 1,
  	  	  	"time": 12907.1428571427,
  	  	  	"judgement": null
  	  	},
  	  	{
  	  	  	"press": true,
  	  	  	"dir": 2,
  	  	  	"time": 12957.1428571427,
  	  	  	"judgement": "sick"
  	  	},
  	  	{
  	  	  	"press": false,
  	  	  	"dir": 2,
  	  	  	"time": 13057.1428571427,
  	  	  	"judgement": null
  	  	},
  	  	{
  	  	  	"press": true,
  	  	  	"dir": 0,
  	  	  	"time": 13157.1428571427,
  	  	  	"judgement": "sick"
  	  	},
  	  	{
  	  	  	"press": false,
  	  	  	"dir": 0,
  	  	  	"time": 13240.4761904761,
  	  	  	"judgement": null
  	  	},
  	  	{
  	  	  	"press": true,
  	  	  	"dir": 2,
  	  	  	"time": 13373.8095238094,
  	  	  	"judgement": "sick"
  	  	},
  	  	{
  	  	  	"press": false,
  	  	  	"dir": 2,
  	  	  	"time": 13473.8095238094,
  	  	  	"judgement": null
  	  	},
  	  	{
  	  	  	"press": true,
  	  	  	"dir": 1,
  	  	  	"time": 13573.8095238094,
  	  	  	"judgement": "sick"
  	  	},
  	  	{
  	  	  	"press": false,
  	  	  	"dir": 1,
  	  	  	"time": 13723.8095238094,
  	  	  	"judgement": null
  	  	},
  	  	{
  	  	  	"press": true,
  	  	  	"dir": 2,
  	  	  	"time": 13807.1428571427,
  	  	  	"judgement": null
  	  	},
  	  	{
  	  	  	"press": true,
  	  	  	"dir": 3,
  	  	  	"time": 13807.1428571427,
  	  	  	"judgement": null
  	  	},
  	  	{
  	  	  	"press": false,
  	  	  	"dir": 2,
  	  	  	"time": 13923.8095238094,
  	  	  	"judgement": null
  	  	},
  	  	{
  	  	  	"press": false,
  	  	  	"dir": 3,
  	  	  	"time": 13940.476190476,
  	  	  	"judgement": null
  	  	},
  	  	{
  	  	  	"press": true,
  	  	  	"dir": 0,
  	  	  	"time": 14240.476190476,
  	  	  	"judgement": null
  	  	},
  	  	{
  	  	  	"press": true,
  	  	  	"dir": 1,
  	  	  	"time": 14240.476190476,
  	  	  	"judgement": null
  	  	},
  	  	{
  	  	  	"press": true,
  	  	  	"dir": 2,
  	  	  	"time": 14273.8095238094,
  	  	  	"judgement": null
  	  	},
  	  	{
  	  	  	"press": true,
  	  	  	"dir": 3,
  	  	  	"time": 14273.8095238094,
  	  	  	"judgement": null
  	  	},
  	  	{
  	  	  	"press": false,
  	  	  	"dir": 2,
  	  	  	"time": 14357.1428571427,
  	  	  	"judgement": null
  	  	},
  	  	{
  	  	  	"press": false,
  	  	  	"dir": 3,
  	  	  	"time": 14357.1428571427,
  	  	  	"judgement": null
  	  	},
  	  	{
  	  	  	"press": true,
  	  	  	"dir": 2,
  	  	  	"time": 14690.476190476,
  	  	  	"judgement": null
  	  	},
  	  	{
  	  	  	"press": true,
  	  	  	"dir": 3,
  	  	  	"time": 14690.476190476,
  	  	  	"judgement": null
  	  	},
  	  	{
  	  	  	"press": false,
  	  	  	"dir": 1,
  	  	  	"time": 14757.1428571427,
  	  	  	"judgement": null
  	  	},
  	  	{
  	  	  	"press": false,
  	  	  	"dir": 2,
  	  	  	"time": 14790.476190476,
  	  	  	"judgement": null
  	  	},
  	  	{
  	  	  	"press": false,
  	  	  	"dir": 3,
  	  	  	"time": 14790.476190476,
  	  	  	"judgement": null
  	  	},
  	  	{
  	  	  	"press": false,
  	  	  	"dir": 0,
  	  	  	"time": 14807.1428571427,
  	  	  	"judgement": null
  	  	},
  	  	{
  	  	  	"press": true,
  	  	  	"dir": 0,
  	  	  	"time": 15090.476190476,
  	  	  	"judgement": null
  	  	},
  	  	{
  	  	  	"press": true,
  	  	  	"dir": 1,
  	  	  	"time": 15090.476190476,
  	  	  	"judgement": null
  	  	},
  	  	{
  	  	  	"press": true,
  	  	  	"dir": 2,
  	  	  	"time": 15107.1428571427,
  	  	  	"judgement": null
  	  	},
  	  	{
  	  	  	"press": true,
  	  	  	"dir": 3,
  	  	  	"time": 15107.1428571427,
  	  	  	"judgement": null
  	  	},
  	  	{
  	  	  	"press": false,
  	  	  	"dir": 2,
  	  	  	"time": 15223.8095238093,
  	  	  	"judgement": null
  	  	},
  	  	{
  	  	  	"press": false,
  	  	  	"dir": 3,
  	  	  	"time": 15223.8095238093,
  	  	  	"judgement": null
  	  	},
  	  	{
  	  	  	"press": false,
  	  	  	"dir": 1,
  	  	  	"time": 15307.1428571427,
  	  	  	"judgement": null
  	  	},
  	  	{
  	  	  	"press": false,
  	  	  	"dir": 0,
  	  	  	"time": 15323.8095238093,
  	  	  	"judgement": null
  	  	},
  	  	{
  	  	  	"press": true,
  	  	  	"dir": 0,
  	  	  	"time": 15540.476190476,
  	  	  	"judgement": null
  	  	},
  	  	{
  	  	  	"press": true,
  	  	  	"dir": 1,
  	  	  	"time": 15540.476190476,
  	  	  	"judgement": null
  	  	},
  	  	{
  	  	  	"press": true,
  	  	  	"dir": 2,
  	  	  	"time": 15540.476190476,
  	  	  	"judgement": null
  	  	},
  	  	{
  	  	  	"press": true,
  	  	  	"dir": 3,
  	  	  	"time": 15540.476190476,
  	  	  	"judgement": null
  	  	},
  	  	{
  	  	  	"press": false,
  	  	  	"dir": 2,
  	  	  	"time": 15657.1428571426,
  	  	  	"judgement": null
  	  	},
  	  	{
  	  	  	"press": false,
  	  	  	"dir": 3,
  	  	  	"time": 15657.1428571426,
  	  	  	"judgement": null
  	  	},
  	  	{
  	  	  	"press": false,
  	  	  	"dir": 1,
  	  	  	"time": 15740.476190476,
  	  	  	"judgement": null
  	  	},
  	  	{
  	  	  	"press": false,
  	  	  	"dir": 0,
  	  	  	"time": 15757.1428571426,
  	  	  	"judgement": null
  	  	},
  	  	{
  	  	  	"press": true,
  	  	  	"dir": 2,
  	  	  	"time": 15973.8095238093,
  	  	  	"judgement": null
  	  	},
  	  	{
  	  	  	"press": true,
  	  	  	"dir": 3,
  	  	  	"time": 15973.8095238093,
  	  	  	"judgement": null
  	  	},
  	  	{
  	  	  	"press": false,
  	  	  	"dir": 2,
  	  	  	"time": 16040.476190476,
  	  	  	"judgement": null
  	  	},
  	  	{
  	  	  	"press": false,
  	  	  	"dir": 3,
  	  	  	"time": 16040.476190476,
  	  	  	"judgement": null
  	  	},
  	  	{
  	  	  	"press": true,
  	  	  	"dir": 0,
  	  	  	"time": 16390.476190476,
  	  	  	"judgement": null
  	  	},
  	  	{
  	  	  	"press": true,
  	  	  	"dir": 1,
  	  	  	"time": 16390.476190476,
  	  	  	"judgement": null
  	  	},
  	  	{
  	  	  	"press": true,
  	  	  	"dir": 2,
  	  	  	"time": 16390.476190476,
  	  	  	"judgement": null
  	  	},
  	  	{
  	  	  	"press": true,
  	  	  	"dir": 3,
  	  	  	"time": 16390.476190476,
  	  	  	"judgement": null
  	  	},
  	  	{
  	  	  	"press": false,
  	  	  	"dir": 2,
  	  	  	"time": 16473.8095238093,
  	  	  	"judgement": null
  	  	},
  	  	{
  	  	  	"press": false,
  	  	  	"dir": 3,
  	  	  	"time": 16490.476190476,
  	  	  	"judgement": null
  	  	},
  	  	{
  	  	  	"press": false,
  	  	  	"dir": 0,
  	  	  	"time": 16689,
  	  	  	"judgement": null
  	  	},
  	  	{
  	  	  	"press": false,
  	  	  	"dir": 1,
  	  	  	"time": 16689,
  	  	  	"judgement": null
  	  	},
  	  	{
  	  	  	"press": true,
  	  	  	"dir": 0,
  	  	  	"time": 16855.6666666667,
  	  	  	"judgement": null
  	  	},
  	  	{
  	  	  	"press": true,
  	  	  	"dir": 1,
  	  	  	"time": 16855.6666666667,
  	  	  	"judgement": null
  	  	},
  	  	{
  	  	  	"press": true,
  	  	  	"dir": 2,
  	  	  	"time": 16855.6666666667,
  	  	  	"judgement": null
  	  	},
  	  	{
  	  	  	"press": true,
  	  	  	"dir": 3,
  	  	  	"time": 16855.6666666667,
  	  	  	"judgement": null
  	  	},
  	  	{
  	  	  	"press": false,
  	  	  	"dir": 1,
  	  	  	"time": 17022.3333333334,
  	  	  	"judgement": null
  	  	},
  	  	{
  	  	  	"press": false,
  	  	  	"dir": 2,
  	  	  	"time": 17022.3333333334,
  	  	  	"judgement": null
  	  	},
  	  	{
  	  	  	"press": false,
  	  	  	"dir": 3,
  	  	  	"time": 17022.3333333334,
  	  	  	"judgement": null
  	  	},
  	  	{
  	  	  	"press": false,
  	  	  	"dir": 0,
  	  	  	"time": 17039,
  	  	  	"judgement": null
  	  	},
  	  	{
  	  	  	"press": true,
  	  	  	"dir": 2,
  	  	  	"time": 17255.6666666667,
  	  	  	"judgement": "sick"
  	  	},
  	  	{
  	  	  	"press": true,
  	  	  	"dir": 3,
  	  	  	"time": 17289.0000000001,
  	  	  	"judgement": "sick"
  	  	},
  	  	{
  	  	  	"press": false,
  	  	  	"dir": 2,
  	  	  	"time": 17322.3333333334,
  	  	  	"judgement": null
  	  	},
  	  	{
  	  	  	"press": false,
  	  	  	"dir": 3,
  	  	  	"time": 17422.3333333334,
  	  	  	"judgement": null
  	  	},
  	  	{
  	  	  	"press": true,
  	  	  	"dir": 1,
  	  	  	"time": 17439.0000000001,
  	  	  	"judgement": "sick"
  	  	},
  	  	{
  	  	  	"press": false,
  	  	  	"dir": 1,
  	  	  	"time": 17572.3333333334,
  	  	  	"judgement": null
  	  	},
  	  	{
  	  	  	"press": true,
  	  	  	"dir": 2,
  	  	  	"time": 17905.6666666668,
  	  	  	"judgement": "sick"
  	  	},
  	  	{
  	  	  	"press": false,
  	  	  	"dir": 2,
  	  	  	"time": 18022.3333333334,
  	  	  	"judgement": null
  	  	},
  	  	{
  	  	  	"press": true,
  	  	  	"dir": 1,
  	  	  	"time": 18322.3333333335,
  	  	  	"judgement": "sick"
  	  	},
  	  	{
  	  	  	"press": false,
  	  	  	"dir": 1,
  	  	  	"time": 18405.6666666668,
  	  	  	"judgement": null
  	  	},
  	  	{
  	  	  	"press": true,
  	  	  	"dir": 3,
  	  	  	"time": 18539.0000000001,
  	  	  	"judgement": "sick"
  	  	},
  	  	{
  	  	  	"press": false,
  	  	  	"dir": 3,
  	  	  	"time": 18639.0000000002,
  	  	  	"judgement": null
  	  	},
  	  	{
  	  	  	"press": true,
  	  	  	"dir": 0,
  	  	  	"time": 18755.6666666668,
  	  	  	"judgement": "sick"
  	  	},
  	  	{
  	  	  	"press": false,
  	  	  	"dir": 0,
  	  	  	"time": 19122.3333333335,
  	  	  	"judgement": null
  	  	},
  	  	{
  	  	  	"press": true,
  	  	  	"dir": 2,
  	  	  	"time": 19172.3333333335,
  	  	  	"judgement": "sick"
  	  	},
  	  	{
  	  	  	"press": false,
  	  	  	"dir": 2,
  	  	  	"time": 19289.0000000002,
  	  	  	"judgement": null
  	  	},
  	  	{
  	  	  	"press": true,
  	  	  	"dir": 1,
  	  	  	"time": 19405.6666666669,
  	  	  	"judgement": "sick"
  	  	},
  	  	{
  	  	  	"press": false,
  	  	  	"dir": 1,
  	  	  	"time": 19505.6666666669,
  	  	  	"judgement": null
  	  	},
  	  	{
  	  	  	"press": true,
  	  	  	"dir": 3,
  	  	  	"time": 19605.6666666669,
  	  	  	"judgement": "sick"
  	  	},
  	  	{
  	  	  	"press": false,
  	  	  	"dir": 3,
  	  	  	"time": 19689.0000000002,
  	  	  	"judgement": null
  	  	},
  	  	{
  	  	  	"press": true,
  	  	  	"dir": 0,
  	  	  	"time": 19822.3333333336,
  	  	  	"judgement": "sick"
  	  	},
  	  	{
  	  	  	"press": true,
  	  	  	"dir": 1,
  	  	  	"time": 19872.3333333336,
  	  	  	"judgement": "sick"
  	  	},
  	  	{
  	  	  	"press": false,
  	  	  	"dir": 0,
  	  	  	"time": 19889.0000000002,
  	  	  	"judgement": null
  	  	},
  	  	{
  	  	  	"press": true,
  	  	  	"dir": 3,
  	  	  	"time": 20039.0000000003,
  	  	  	"judgement": "sick"
  	  	},
  	  	{
  	  	  	"press": false,
  	  	  	"dir": 1,
  	  	  	"time": 20105.6666666669,
  	  	  	"judgement": null
  	  	},
  	  	{
  	  	  	"press": true,
  	  	  	"dir": 2,
  	  	  	"time": 20255.6666666669,
  	  	  	"judgement": "sick"
  	  	},
  	  	{
  	  	  	"press": false,
  	  	  	"dir": 3,
  	  	  	"time": 20255.6666666669,
  	  	  	"judgement": null
  	  	},
  	  	{
  	  	  	"press": true,
  	  	  	"dir": 0,
  	  	  	"time": 20455.666666667,
  	  	  	"judgement": "sick"
  	  	},
  	  	{
  	  	  	"press": false,
  	  	  	"dir": 2,
  	  	  	"time": 20455.666666667,
  	  	  	"judgement": null
  	  	},
  	  	{
  	  	  	"press": false,
  	  	  	"dir": 0,
  	  	  	"time": 20655.666666667,
  	  	  	"judgement": null
  	  	},
  	  	{
  	  	  	"press": true,
  	  	  	"dir": 3,
  	  	  	"time": 20672.3333333336,
  	  	  	"judgement": "sick"
  	  	},
  	  	{
  	  	  	"press": false,
  	  	  	"dir": 3,
  	  	  	"time": 20872.3333333336,
  	  	  	"judgement": null
  	  	},
  	  	{
  	  	  	"press": true,
  	  	  	"dir": 1,
  	  	  	"time": 21089.0000000003,
  	  	  	"judgement": "sick"
  	  	},
  	  	{
  	  	  	"press": false,
  	  	  	"dir": 1,
  	  	  	"time": 21222.3333333337,
  	  	  	"judgement": null
  	  	},
  	  	{
  	  	  	"press": true,
  	  	  	"dir": 0,
  	  	  	"time": 21968,
  	  	  	"judgement": null
  	  	},
  	  	{
  	  	  	"press": true,
  	  	  	"dir": 1,
  	  	  	"time": 22051.3333333334,
  	  	  	"judgement": null
  	  	},
  	  	{
  	  	  	"press": false,
  	  	  	"dir": 0,
  	  	  	"time": 22184.6666666667,
  	  	  	"judgement": null
  	  	},
  	  	{
  	  	  	"press": false,
  	  	  	"dir": 1,
  	  	  	"time": 22334.6666666667,
  	  	  	"judgement": null
  	  	},
  	  	{
  	  	  	"press": true,
  	  	  	"dir": 2,
  	  	  	"time": 22418.0000000001,
  	  	  	"judgement": null
  	  	},
  	  	{
  	  	  	"press": true,
  	  	  	"dir": 3,
  	  	  	"time": 22418.0000000001,
  	  	  	"judgement": null
  	  	},
  	  	{
  	  	  	"press": false,
  	  	  	"dir": 3,
  	  	  	"time": 22568.0000000001,
  	  	  	"judgement": null
  	  	},
  	  	{
  	  	  	"press": false,
  	  	  	"dir": 2,
  	  	  	"time": 22584.6666666668,
  	  	  	"judgement": null
  	  	},
  	  	{
  	  	  	"press": true,
  	  	  	"dir": 0,
  	  	  	"time": 22634.6666666668,
  	  	  	"judgement": null
  	  	},
  	  	{
  	  	  	"press": false,
  	  	  	"dir": 0,
  	  	  	"time": 22934.6666666668,
  	  	  	"judgement": null
  	  	},
  	  	{
  	  	  	"press": true,
  	  	  	"dir": 3,
  	  	  	"time": 23034.6666666668,
  	  	  	"judgement": null
  	  	},
  	  	{
  	  	  	"press": false,
  	  	  	"dir": 3,
  	  	  	"time": 23218.0000000001,
  	  	  	"judgement": null
  	  	},
  	  	{
  	  	  	"press": true,
  	  	  	"dir": 1,
  	  	  	"time": 23251.3333333335,
  	  	  	"judgement": null
  	  	},
  	  	{
  	  	  	"press": false,
  	  	  	"dir": 1,
  	  	  	"time": 23451.3333333335,
  	  	  	"judgement": null
  	  	},
  	  	{
  	  	  	"press": true,
  	  	  	"dir": 2,
  	  	  	"time": 23484.6666666668,
  	  	  	"judgement": null
  	  	},
  	  	{
  	  	  	"press": false,
  	  	  	"dir": 2,
  	  	  	"time": 23634.6666666668,
  	  	  	"judgement": null
  	  	},
  	  	{
  	  	  	"press": true,
  	  	  	"dir": 0,
  	  	  	"time": 23668.0000000002,
  	  	  	"judgement": null
  	  	},
  	  	{
  	  	  	"press": true,
  	  	  	"dir": 3,
  	  	  	"time": 23801.3333333335,
  	  	  	"judgement": null
  	  	},
  	  	{
  	  	  	"press": false,
  	  	  	"dir": 0,
  	  	  	"time": 23834.6666666668,
  	  	  	"judgement": null
  	  	},
  	  	{
  	  	  	"press": false,
  	  	  	"dir": 3,
  	  	  	"time": 23884.6666666668,
  	  	  	"judgement": null
  	  	},
  	  	{
  	  	  	"press": true,
  	  	  	"dir": 2,
  	  	  	"time": 24101.3333333335,
  	  	  	"judgement": "sick"
  	  	},
  	  	{
  	  	  	"press": true,
  	  	  	"dir": 3,
  	  	  	"time": 24168.0000000002,
  	  	  	"judgement": "sick"
  	  	},
  	  	{
  	  	  	"press": false,
  	  	  	"dir": 2,
  	  	  	"time": 24184.6666666669,
  	  	  	"judgement": null
  	  	},
  	  	{
  	  	  	"press": false,
  	  	  	"dir": 3,
  	  	  	"time": 24284.6666666669,
  	  	  	"judgement": null
  	  	},
  	  	{
  	  	  	"press": true,
  	  	  	"dir": 0,
  	  	  	"time": 24318.0000000002,
  	  	  	"judgement": "sick"
  	  	},
  	  	{
  	  	  	"press": false,
  	  	  	"dir": 0,
  	  	  	"time": 24418.0000000002,
  	  	  	"judgement": null
  	  	},
  	  	{
  	  	  	"press": true,
  	  	  	"dir": 1,
  	  	  	"time": 24734.6666666669,
  	  	  	"judgement": "sick"
  	  	},
  	  	{
  	  	  	"press": false,
  	  	  	"dir": 1,
  	  	  	"time": 24834.6666666669,
  	  	  	"judgement": null
  	  	},
  	  	{
  	  	  	"press": true,
  	  	  	"dir": 2,
  	  	  	"time": 25184.6666666669,
  	  	  	"judgement": "sick"
  	  	},
  	  	{
  	  	  	"press": false,
  	  	  	"dir": 2,
  	  	  	"time": 25301.3333333336,
  	  	  	"judgement": null
  	  	},
  	  	{
  	  	  	"press": true,
  	  	  	"dir": 0,
  	  	  	"time": 25384.666666667,
  	  	  	"judgement": "sick"
  	  	},
  	  	{
  	  	  	"press": false,
  	  	  	"dir": 0,
  	  	  	"time": 25501.3333333336,
  	  	  	"judgement": null
  	  	},
  	  	{
  	  	  	"press": true,
  	  	  	"dir": 1,
  	  	  	"time": 25601.3333333336,
  	  	  	"judgement": "sick"
  	  	},
  	  	{
  	  	  	"press": true,
  	  	  	"dir": 3,
  	  	  	"time": 25634.666666667,
  	  	  	"judgement": "good"
  	  	},
  	  	{
  	  	  	"press": false,
  	  	  	"dir": 1,
  	  	  	"time": 25684.666666667,
  	  	  	"judgement": null
  	  	},
  	  	{
  	  	  	"press": false,
  	  	  	"dir": 3,
  	  	  	"time": 25768.0000000003,
  	  	  	"judgement": null
  	  	},
  	  	{
  	  	  	"press": true,
  	  	  	"dir": 1,
  	  	  	"time": 25801.3333333337,
  	  	  	"judgement": "sick"
  	  	},
  	  	{
  	  	  	"press": false,
  	  	  	"dir": 1,
  	  	  	"time": 25901.3333333337,
  	  	  	"judgement": null
  	  	},
  	  	{
  	  	  	"press": true,
  	  	  	"dir": 3,
  	  	  	"time": 26001.3333333337,
  	  	  	"judgement": "sick"
  	  	},
  	  	{
  	  	  	"press": true,
  	  	  	"dir": 2,
  	  	  	"time": 26118.0000000003,
  	  	  	"judgement": "sick"
  	  	},
  	  	{
  	  	  	"press": false,
  	  	  	"dir": 3,
  	  	  	"time": 26134.666666667,
  	  	  	"judgement": null
  	  	},
  	  	{
  	  	  	"press": false,
  	  	  	"dir": 2,
  	  	  	"time": 26184.666666667,
  	  	  	"judgement": null
  	  	},
  	  	{
  	  	  	"press": true,
  	  	  	"dir": 0,
  	  	  	"time": 26201.3333333337,
  	  	  	"judgement": "sick"
  	  	},
  	  	{
  	  	  	"press": false,
  	  	  	"dir": 0,
  	  	  	"time": 26301.3333333337,
  	  	  	"judgement": null
  	  	},
  	  	{
  	  	  	"press": true,
  	  	  	"dir": 1,
  	  	  	"time": 26468.0000000004,
  	  	  	"judgement": "sick"
  	  	},
  	  	{
  	  	  	"press": true,
  	  	  	"dir": 0,
  	  	  	"time": 26534.666666667,
  	  	  	"judgement": "sick"
  	  	},
  	  	{
  	  	  	"press": false,
  	  	  	"dir": 1,
  	  	  	"time": 26534.666666667,
  	  	  	"judgement": null
  	  	},
  	  	{
  	  	  	"press": true,
  	  	  	"dir": 1,
  	  	  	"time": 26651.3333333337,
  	  	  	"judgement": "sick"
  	  	},
  	  	{
  	  	  	"press": false,
  	  	  	"dir": 0,
  	  	  	"time": 26668.0000000004,
  	  	  	"judgement": null
  	  	},
  	  	{
  	  	  	"press": false,
  	  	  	"dir": 1,
  	  	  	"time": 26768.0000000004,
  	  	  	"judgement": null
  	  	},
  	  	{
  	  	  	"press": true,
  	  	  	"dir": 2,
  	  	  	"time": 26868.0000000004,
  	  	  	"judgement": "sick"
  	  	},
  	  	{
  	  	  	"press": false,
  	  	  	"dir": 2,
  	  	  	"time": 26968.0000000004,
  	  	  	"judgement": null
  	  	},
  	  	{
  	  	  	"press": true,
  	  	  	"dir": 0,
  	  	  	"time": 27084.6666666671,
  	  	  	"judgement": "sick"
  	  	},
  	  	{
  	  	  	"press": false,
  	  	  	"dir": 0,
  	  	  	"time": 27201.3333333338,
  	  	  	"judgement": null
  	  	},
  	  	{
  	  	  	"press": true,
  	  	  	"dir": 3,
  	  	  	"time": 27301.3333333338,
  	  	  	"judgement": "sick"
  	  	},
  	  	{
  	  	  	"press": false,
  	  	  	"dir": 3,
  	  	  	"time": 27401.3333333338,
  	  	  	"judgement": null
  	  	},
  	  	{
  	  	  	"press": true,
  	  	  	"dir": 1,
  	  	  	"time": 27751.3333333338,
  	  	  	"judgement": "sick"
  	  	},
  	  	{
  	  	  	"press": false,
  	  	  	"dir": 1,
  	  	  	"time": 29784.6666666673,
  	  	  	"judgement": null
  	  	},
  	  	{
  	  	  	"press": true,
  	  	  	"dir": 0,
  	  	  	"time": 30934.6666666674,
  	  	  	"judgement": null
  	  	},
  	  	{
  	  	  	"press": true,
  	  	  	"dir": 3,
  	  	  	"time": 30968.0000000007,
  	  	  	"judgement": null
  	  	},
  	  	{
  	  	  	"press": false,
  	  	  	"dir": 0,
  	  	  	"time": 31168.0000000007,
  	  	  	"judgement": null
  	  	},
  	  	{
  	  	  	"press": false,
  	  	  	"dir": 3,
  	  	  	"time": 31184.6666666674,
  	  	  	"judgement": null
  	  	},
  	  	{
  	  	  	"press": true,
  	  	  	"dir": 0,
  	  	  	"time": 31351.3333333341,
  	  	  	"judgement": null
  	  	},
  	  	{
  	  	  	"press": true,
  	  	  	"dir": 1,
  	  	  	"time": 31351.3333333341,
  	  	  	"judgement": null
  	  	},
  	  	{
  	  	  	"press": true,
  	  	  	"dir": 2,
  	  	  	"time": 31601.3333333341,
  	  	  	"judgement": null
  	  	},
  	  	{
  	  	  	"press": true,
  	  	  	"dir": 3,
  	  	  	"time": 31601.3333333341,
  	  	  	"judgement": null
  	  	},
  	  	{
  	  	  	"press": false,
  	  	  	"dir": 0,
  	  	  	"time": 31601.3333333341,
  	  	  	"judgement": null
  	  	},
  	  	{
  	  	  	"press": false,
  	  	  	"dir": 1,
  	  	  	"time": 31601.3333333341,
  	  	  	"judgement": null
  	  	},
  	  	{
  	  	  	"press": false,
  	  	  	"dir": 3,
  	  	  	"time": 31651.3333333341,
  	  	  	"judgement": null
  	  	},
  	  	{
  	  	  	"press": false,
  	  	  	"dir": 2,
  	  	  	"time": 31684.6666666674,
  	  	  	"judgement": null
  	  	},
  	  	{
  	  	  	"press": true,
  	  	  	"dir": 0,
  	  	  	"time": 31801.3333333341,
  	  	  	"judgement": null
  	  	},
  	  	{
  	  	  	"press": true,
  	  	  	"dir": 1,
  	  	  	"time": 31801.3333333341,
  	  	  	"judgement": null
  	  	},
  	  	{
  	  	  	"press": true,
  	  	  	"dir": 2,
  	  	  	"time": 32034.6666666674,
  	  	  	"judgement": null
  	  	},
  	  	{
  	  	  	"press": false,
  	  	  	"dir": 0,
  	  	  	"time": 32151.3333333341,
  	  	  	"judgement": null
  	  	},
  	  	{
  	  	  	"press": false,
  	  	  	"dir": 1,
  	  	  	"time": 32184.6666666675,
  	  	  	"judgement": null
  	  	},
  	  	{
  	  	  	"press": false,
  	  	  	"dir": 2,
  	  	  	"time": 32184.6666666675,
  	  	  	"judgement": null
  	  	},
  	  	{
  	  	  	"press": true,
  	  	  	"dir": 1,
  	  	  	"time": 32651.3333333342,
  	  	  	"judgement": "sick"
  	  	},
  	  	{
  	  	  	"press": true,
  	  	  	"dir": 0,
  	  	  	"time": 32883.6666666667,
  	  	  	"judgement": "sick"
  	  	},
  	  	{
  	  	  	"press": false,
  	  	  	"dir": 1,
  	  	  	"time": 32917,
  	  	  	"judgement": null
  	  	},
  	  	{
  	  	  	"press": true,
  	  	  	"dir": 3,
  	  	  	"time": 33100.3333333333,
  	  	  	"judgement": "sick"
  	  	},
  	  	{
  	  	  	"press": false,
  	  	  	"dir": 0,
  	  	  	"time": 33133.6666666666,
  	  	  	"judgement": null
  	  	},
  	  	{
  	  	  	"press": true,
  	  	  	"dir": 1,
  	  	  	"time": 33300.3333333333,
  	  	  	"judgement": "sick"
  	  	},
  	  	{
  	  	  	"press": false,
  	  	  	"dir": 3,
  	  	  	"time": 33333.6666666666,
  	  	  	"judgement": null
  	  	},
  	  	{
  	  	  	"press": true,
  	  	  	"dir": 2,
  	  	  	"time": 33516.9999999999,
  	  	  	"judgement": "sick"
  	  	},
  	  	{
  	  	  	"press": false,
  	  	  	"dir": 1,
  	  	  	"time": 33533.6666666666,
  	  	  	"judgement": null
  	  	},
  	  	{
  	  	  	"press": true,
  	  	  	"dir": 1,
  	  	  	"time": 33750.3333333332,
  	  	  	"judgement": "sick"
  	  	},
  	  	{
  	  	  	"press": false,
  	  	  	"dir": 2,
  	  	  	"time": 33750.3333333332,
  	  	  	"judgement": null
  	  	},
  	  	{
  	  	  	"press": true,
  	  	  	"dir": 3,
  	  	  	"time": 33966.9999999998,
  	  	  	"judgement": "sick"
  	  	},
  	  	{
  	  	  	"press": false,
  	  	  	"dir": 1,
  	  	  	"time": 33966.9999999998,
  	  	  	"judgement": null
  	  	},
  	  	{
  	  	  	"press": true,
  	  	  	"dir": 1,
  	  	  	"time": 34166.9999999998,
  	  	  	"judgement": "sick"
  	  	},
  	  	{
  	  	  	"press": false,
  	  	  	"dir": 3,
  	  	  	"time": 34166.9999999998,
  	  	  	"judgement": null
  	  	},
  	  	{
  	  	  	"press": true,
  	  	  	"dir": 0,
  	  	  	"time": 34583.6666666664,
  	  	  	"judgement": "sick"
  	  	},
  	  	{
  	  	  	"press": false,
  	  	  	"dir": 1,
  	  	  	"time": 34600.3333333331,
  	  	  	"judgement": null
  	  	},
  	  	{
  	  	  	"press": false,
  	  	  	"dir": 0,
  	  	  	"time": 34883.6666666664,
  	  	  	"judgement": null
  	  	},
  	  	{
  	  	  	"press": true,
  	  	  	"dir": 1,
  	  	  	"time": 35033.6666666663,
  	  	  	"judgement": "sick"
  	  	},
  	  	{
  	  	  	"press": true,
  	  	  	"dir": 3,
  	  	  	"time": 35133.6666666663,
  	  	  	"judgement": "sick"
  	  	},
  	  	{
  	  	  	"press": false,
  	  	  	"dir": 1,
  	  	  	"time": 35133.6666666663,
  	  	  	"judgement": null
  	  	},
  	  	{
  	  	  	"press": false,
  	  	  	"dir": 3,
  	  	  	"time": 35233.6666666663,
  	  	  	"judgement": null
  	  	},
  	  	{
  	  	  	"press": true,
  	  	  	"dir": 1,
  	  	  	"time": 35283.6666666663,
  	  	  	"judgement": "sick"
  	  	},
  	  	{
  	  	  	"press": false,
  	  	  	"dir": 1,
  	  	  	"time": 35333.6666666663,
  	  	  	"judgement": null
  	  	},
  	  	{
  	  	  	"press": true,
  	  	  	"dir": 1,
  	  	  	"time": 35483.6666666663,
  	  	  	"judgement": "sick"
  	  	},
  	  	{
  	  	  	"press": true,
  	  	  	"dir": 0,
  	  	  	"time": 35566.9999999996,
  	  	  	"judgement": "sick"
  	  	},
  	  	{
  	  	  	"press": false,
  	  	  	"dir": 1,
  	  	  	"time": 35600.3333333329,
  	  	  	"judgement": null
  	  	},
  	  	{
  	  	  	"press": true,
  	  	  	"dir": 2,
  	  	  	"time": 35666.9999999996,
  	  	  	"judgement": "sick"
  	  	},
  	  	{
  	  	  	"press": false,
  	  	  	"dir": 0,
  	  	  	"time": 35683.6666666662,
  	  	  	"judgement": null
  	  	},
  	  	{
  	  	  	"press": false,
  	  	  	"dir": 2,
  	  	  	"time": 35766.9999999996,
  	  	  	"judgement": null
  	  	},
  	  	{
  	  	  	"press": true,
  	  	  	"dir": 1,
  	  	  	"time": 35883.6666666662,
  	  	  	"judgement": "sick"
  	  	},
  	  	{
  	  	  	"press": true,
  	  	  	"dir": 3,
  	  	  	"time": 36316.9999999995,
  	  	  	"judgement": "sick"
  	  	},
  	  	{
  	  	  	"press": false,
  	  	  	"dir": 1,
  	  	  	"time": 36333.6666666662,
  	  	  	"judgement": null
  	  	},
  	  	{
  	  	  	"press": false,
  	  	  	"dir": 3,
  	  	  	"time": 36533.6666666661,
  	  	  	"judgement": null
  	  	},
  	  	{
  	  	  	"press": true,
  	  	  	"dir": 1,
  	  	  	"time": 36733.6666666661,
  	  	  	"judgement": "sick"
  	  	},
  	  	{
  	  	  	"press": false,
  	  	  	"dir": 1,
  	  	  	"time": 36800.3333333328,
  	  	  	"judgement": null
  	  	},
  	  	{
  	  	  	"press": true,
  	  	  	"dir": 2,
  	  	  	"time": 36816.9999999994,
  	  	  	"judgement": "sick"
  	  	},
  	  	{
  	  	  	"press": false,
  	  	  	"dir": 2,
  	  	  	"time": 36916.9999999994,
  	  	  	"judgement": null
  	  	},
  	  	{
  	  	  	"press": true,
  	  	  	"dir": 1,
  	  	  	"time": 36950.3333333327,
  	  	  	"judgement": "sick"
  	  	},
  	  	{
  	  	  	"press": false,
  	  	  	"dir": 1,
  	  	  	"time": 37066.9999999994,
  	  	  	"judgement": null
  	  	},
  	  	{
  	  	  	"press": true,
  	  	  	"dir": 3,
  	  	  	"time": 37166.9999999994,
  	  	  	"judgement": "sick"
  	  	},
  	  	{
  	  	  	"press": false,
  	  	  	"dir": 3,
  	  	  	"time": 37250.3333333327,
  	  	  	"judgement": null
  	  	},
  	  	{
  	  	  	"press": true,
  	  	  	"dir": 1,
  	  	  	"time": 37283.666666666,
  	  	  	"judgement": "sick"
  	  	},
  	  	{
  	  	  	"press": true,
  	  	  	"dir": 0,
  	  	  	"time": 37366.9999999993,
  	  	  	"judgement": "sick"
  	  	},
  	  	{
  	  	  	"press": false,
  	  	  	"dir": 1,
  	  	  	"time": 37366.9999999993,
  	  	  	"judgement": null
  	  	},
  	  	{
  	  	  	"press": false,
  	  	  	"dir": 0,
  	  	  	"time": 37516.9999999993,
  	  	  	"judgement": null
  	  	},
  	  	{
  	  	  	"press": true,
  	  	  	"dir": 2,
  	  	  	"time": 37600.3333333326,
  	  	  	"judgement": "sick"
  	  	},
  	  	{
  	  	  	"press": false,
  	  	  	"dir": 2,
  	  	  	"time": 37666.9999999993,
  	  	  	"judgement": null
  	  	},
  	  	{
  	  	  	"press": true,
  	  	  	"dir": 3,
  	  	  	"time": 37816.9999999993,
  	  	  	"judgement": "sick"
  	  	},
  	  	{
  	  	  	"press": true,
  	  	  	"dir": 2,
  	  	  	"time": 37866.9999999993,
  	  	  	"judgement": "sick"
  	  	},
  	  	{
  	  	  	"press": false,
  	  	  	"dir": 3,
  	  	  	"time": 37916.9999999993,
  	  	  	"judgement": null
  	  	},
  	  	{
  	  	  	"press": false,
  	  	  	"dir": 2,
  	  	  	"time": 37950.3333333326,
  	  	  	"judgement": null
  	  	},
  	  	{
  	  	  	"press": true,
  	  	  	"dir": 0,
  	  	  	"time": 38000.3333333326,
  	  	  	"judgement": "sick"
  	  	},
  	  	{
  	  	  	"press": true,
  	  	  	"dir": 1,
  	  	  	"time": 38133.6666666659,
  	  	  	"judgement": "sick"
  	  	},
  	  	{
  	  	  	"press": false,
  	  	  	"dir": 0,
  	  	  	"time": 38133.6666666659,
  	  	  	"judgement": null
  	  	},
  	  	{
  	  	  	"press": true,
  	  	  	"dir": 3,
  	  	  	"time": 38233.6666666659,
  	  	  	"judgement": "sick"
  	  	},
  	  	{
  	  	  	"press": false,
  	  	  	"dir": 1,
  	  	  	"time": 38233.6666666659,
  	  	  	"judgement": null
  	  	},
  	  	{
  	  	  	"press": false,
  	  	  	"dir": 3,
  	  	  	"time": 38300.3333333325,
  	  	  	"judgement": null
  	  	},
  	  	{
  	  	  	"press": true,
  	  	  	"dir": 3,
  	  	  	"time": 38450.3333333325,
  	  	  	"judgement": "sick"
  	  	},
  	  	{
  	  	  	"press": true,
  	  	  	"dir": 1,
  	  	  	"time": 38533.6666666658,
  	  	  	"judgement": "sick"
  	  	},
  	  	{
  	  	  	"press": false,
  	  	  	"dir": 3,
  	  	  	"time": 38550.3333333325,
  	  	  	"judgement": null
  	  	},
  	  	{
  	  	  	"press": true,
  	  	  	"dir": 0,
  	  	  	"time": 38666.9999999991,
  	  	  	"judgement": "sick"
  	  	},
  	  	{
  	  	  	"press": false,
  	  	  	"dir": 1,
  	  	  	"time": 38666.9999999991,
  	  	  	"judgement": null
  	  	},
  	  	{
  	  	  	"press": false,
  	  	  	"dir": 0,
  	  	  	"time": 38750.3333333325,
  	  	  	"judgement": null
  	  	},
  	  	{
  	  	  	"press": true,
  	  	  	"dir": 1,
  	  	  	"time": 38866.9999999991,
  	  	  	"judgement": "sick"
  	  	},
  	  	{
  	  	  	"press": false,
  	  	  	"dir": 1,
  	  	  	"time": 38983.6666666658,
  	  	  	"judgement": null
  	  	},
  	  	{
  	  	  	"press": true,
  	  	  	"dir": 3,
  	  	  	"time": 39000.3333333324,
  	  	  	"judgement": "sick"
  	  	},
  	  	{
  	  	  	"press": true,
  	  	  	"dir": 2,
  	  	  	"time": 39066.9999999991,
  	  	  	"judgement": "sick"
  	  	},
  	  	{
  	  	  	"press": false,
  	  	  	"dir": 3,
  	  	  	"time": 39100.3333333324,
  	  	  	"judgement": null
  	  	},
  	  	{
  	  	  	"press": false,
  	  	  	"dir": 2,
  	  	  	"time": 39183.6666666657,
  	  	  	"judgement": null
  	  	},
  	  	{
  	  	  	"press": true,
  	  	  	"dir": 1,
  	  	  	"time": 39266.9999999991,
  	  	  	"judgement": "sick"
  	  	},
  	  	{
  	  	  	"press": false,
  	  	  	"dir": 1,
  	  	  	"time": 39350.3333333324,
  	  	  	"judgement": null
  	  	},
  	  	{
  	  	  	"press": true,
  	  	  	"dir": 3,
  	  	  	"time": 39550.3333333324,
  	  	  	"judgement": "sick"
  	  	},
  	  	{
  	  	  	"press": false,
  	  	  	"dir": 3,
  	  	  	"time": 39633.6666666657,
  	  	  	"judgement": null
  	  	},
  	  	{
  	  	  	"press": true,
  	  	  	"dir": 1,
  	  	  	"time": 39733.6666666657,
  	  	  	"judgement": "sick"
  	  	},
  	  	{
  	  	  	"press": false,
  	  	  	"dir": 1,
  	  	  	"time": 39816.999999999,
  	  	  	"judgement": null
  	  	},
  	  	{
  	  	  	"press": true,
  	  	  	"dir": 0,
  	  	  	"time": 39966.999999999,
  	  	  	"judgement": "sick"
  	  	},
  	  	{
  	  	  	"press": false,
  	  	  	"dir": 0,
  	  	  	"time": 40033.6666666656,
  	  	  	"judgement": null
  	  	},
  	  	{
  	  	  	"press": true,
  	  	  	"dir": 3,
  	  	  	"time": 40166.9999999989,
  	  	  	"judgement": "sick"
  	  	},
  	  	{
  	  	  	"press": false,
  	  	  	"dir": 3,
  	  	  	"time": 40233.6666666656,
  	  	  	"judgement": null
  	  	},
  	  	{
  	  	  	"press": true,
  	  	  	"dir": 2,
  	  	  	"time": 40383.6666666656,
  	  	  	"judgement": "sick"
  	  	},
  	  	{
  	  	  	"press": false,
  	  	  	"dir": 2,
  	  	  	"time": 40483.6666666656,
  	  	  	"judgement": null
  	  	},
  	  	{
  	  	  	"press": true,
  	  	  	"dir": 3,
  	  	  	"time": 40616.9999999989,
  	  	  	"judgement": "sick"
  	  	},
  	  	{
  	  	  	"press": false,
  	  	  	"dir": 3,
  	  	  	"time": 40700.3333333322,
  	  	  	"judgement": null
  	  	},
  	  	{
  	  	  	"press": true,
  	  	  	"dir": 1,
  	  	  	"time": 40800.3333333322,
  	  	  	"judgement": "sick"
  	  	},
  	  	{
  	  	  	"press": false,
  	  	  	"dir": 1,
  	  	  	"time": 40883.6666666655,
  	  	  	"judgement": null
  	  	},
  	  	{
  	  	  	"press": true,
  	  	  	"dir": 0,
  	  	  	"time": 41200.3333333321,
  	  	  	"judgement": "sick"
  	  	},
  	  	{
  	  	  	"press": false,
  	  	  	"dir": 0,
  	  	  	"time": 41300.3333333321,
  	  	  	"judgement": null
  	  	},
  	  	{
  	  	  	"press": true,
  	  	  	"dir": 1,
  	  	  	"time": 41450.3333333321,
  	  	  	"judgement": "sick"
  	  	},
  	  	{
  	  	  	"press": false,
  	  	  	"dir": 1,
  	  	  	"time": 41533.6666666654,
  	  	  	"judgement": null
  	  	},
  	  	{
  	  	  	"press": true,
  	  	  	"dir": 1,
  	  	  	"time": 41666.9999999987,
  	  	  	"judgement": "sick"
  	  	},
  	  	{
  	  	  	"press": false,
  	  	  	"dir": 1,
  	  	  	"time": 41783.6666666654,
  	  	  	"judgement": null
  	  	},
  	  	{
  	  	  	"press": true,
  	  	  	"dir": 0,
  	  	  	"time": 41900.333333332,
  	  	  	"judgement": "sick"
  	  	},
  	  	{
  	  	  	"press": true,
  	  	  	"dir": 3,
  	  	  	"time": 41983.6666666653,
  	  	  	"judgement": "sick"
  	  	},
  	  	{
  	  	  	"press": false,
  	  	  	"dir": 0,
  	  	  	"time": 42016.9999999987,
  	  	  	"judgement": null
  	  	},
  	  	{
  	  	  	"press": true,
  	  	  	"dir": 2,
  	  	  	"time": 42083.6666666653,
  	  	  	"judgement": "sick"
  	  	},
  	  	{
  	  	  	"press": false,
  	  	  	"dir": 3,
  	  	  	"time": 42133.6666666653,
  	  	  	"judgement": null
  	  	},
  	  	{
  	  	  	"press": false,
  	  	  	"dir": 2,
  	  	  	"time": 42200.333333332,
  	  	  	"judgement": null
  	  	},
  	  	{
  	  	  	"press": true,
  	  	  	"dir": 1,
  	  	  	"time": 42300.333333332,
  	  	  	"judgement": "sick"
  	  	},
  	  	{
  	  	  	"press": false,
  	  	  	"dir": 1,
  	  	  	"time": 42400.3333333319,
  	  	  	"judgement": null
  	  	},
  	  	{
  	  	  	"press": true,
  	  	  	"dir": 1,
  	  	  	"time": 42533.6666666653,
  	  	  	"judgement": "sick"
  	  	},
  	  	{
  	  	  	"press": false,
  	  	  	"dir": 1,
  	  	  	"time": 42633.6666666652,
  	  	  	"judgement": null
  	  	},
  	  	{
  	  	  	"press": true,
  	  	  	"dir": 2,
  	  	  	"time": 42766.9999999986,
  	  	  	"judgement": "sick"
  	  	},
  	  	{
  	  	  	"press": true,
  	  	  	"dir": 3,
  	  	  	"time": 42850.3333333319,
  	  	  	"judgement": "sick"
  	  	},
  	  	{
  	  	  	"press": false,
  	  	  	"dir": 2,
  	  	  	"time": 42866.9999999985,
  	  	  	"judgement": null
  	  	},
  	  	{
  	  	  	"press": true,
  	  	  	"dir": 0,
  	  	  	"time": 42916.9999999985,
  	  	  	"judgement": "sick"
  	  	},
  	  	{
  	  	  	"press": false,
  	  	  	"dir": 3,
  	  	  	"time": 42933.6666666652,
  	  	  	"judgement": null
  	  	},
  	  	{
  	  	  	"press": false,
  	  	  	"dir": 0,
  	  	  	"time": 43016.9999999985,
  	  	  	"judgement": null
  	  	},
  	  	{
  	  	  	"press": true,
  	  	  	"dir": 1,
  	  	  	"time": 43166.9999999985,
  	  	  	"judgement": "sick"
  	  	},
  	  	{
  	  	  	"press": false,
  	  	  	"dir": 1,
  	  	  	"time": 43250.3333333318,
  	  	  	"judgement": null
  	  	},
  	  	{
  	  	  	"press": true,
  	  	  	"dir": 1,
  	  	  	"time": 43383.6666666651,
  	  	  	"judgement": "sick"
  	  	},
  	  	{
  	  	  	"press": false,
  	  	  	"dir": 1,
  	  	  	"time": 43483.6666666651,
  	  	  	"judgement": null
  	  	},
  	  	{
  	  	  	"press": true,
  	  	  	"dir": 0,
  	  	  	"time": 43616.9999999984,
  	  	  	"judgement": "sick"
  	  	},
  	  	{
  	  	  	"press": true,
  	  	  	"dir": 3,
  	  	  	"time": 43700.3333333317,
  	  	  	"judgement": "sick"
  	  	},
  	  	{
  	  	  	"press": false,
  	  	  	"dir": 0,
  	  	  	"time": 43716.9999999984,
  	  	  	"judgement": null
  	  	},
  	  	{
  	  	  	"press": true,
  	  	  	"dir": 2,
  	  	  	"time": 43800.3333333317,
  	  	  	"judgement": "sick"
  	  	},
  	  	{
  	  	  	"press": false,
  	  	  	"dir": 3,
  	  	  	"time": 43833.6666666651,
  	  	  	"judgement": null
  	  	},
  	  	{
  	  	  	"press": false,
  	  	  	"dir": 2,
  	  	  	"time": 43933.666666665,
  	  	  	"judgement": null
  	  	},
  	  	{
  	  	  	"press": true,
  	  	  	"dir": 1,
  	  	  	"time": 44033.666666665,
  	  	  	"judgement": "sick"
  	  	},
  	  	{
  	  	  	"press": false,
  	  	  	"dir": 1,
  	  	  	"time": 44100.3333333317,
  	  	  	"judgement": null
  	  	},
  	  	{
  	  	  	"press": true,
  	  	  	"dir": 1,
  	  	  	"time": 44233.666666665,
  	  	  	"judgement": "sick"
  	  	},
  	  	{
  	  	  	"press": false,
  	  	  	"dir": 1,
  	  	  	"time": 44350.3333333317,
  	  	  	"judgement": null
  	  	},
  	  	{
  	  	  	"press": true,
  	  	  	"dir": 2,
  	  	  	"time": 44466.9999999983,
  	  	  	"judgement": "sick"
  	  	},
  	  	{
  	  	  	"press": true,
  	  	  	"dir": 3,
  	  	  	"time": 44533.666666665,
  	  	  	"judgement": "sick"
  	  	},
  	  	{
  	  	  	"press": false,
  	  	  	"dir": 2,
  	  	  	"time": 44550.3333333316,
  	  	  	"judgement": null
  	  	},
  	  	{
  	  	  	"press": true,
  	  	  	"dir": 0,
  	  	  	"time": 44683.6666666649,
  	  	  	"judgement": "sick"
  	  	},
  	  	{
  	  	  	"press": false,
  	  	  	"dir": 3,
  	  	  	"time": 44683.6666666649,
  	  	  	"judgement": null
  	  	},
  	  	{
  	  	  	"press": true,
  	  	  	"dir": 1,
  	  	  	"time": 44866.9999999982,
  	  	  	"judgement": "sick"
  	  	},
  	  	{
  	  	  	"press": false,
  	  	  	"dir": 0,
  	  	  	"time": 44866.9999999982,
  	  	  	"judgement": null
  	  	},
  	  	{
  	  	  	"press": false,
  	  	  	"dir": 1,
  	  	  	"time": 44950.3333333316,
  	  	  	"judgement": null
  	  	},
  	  	{
  	  	  	"press": true,
  	  	  	"dir": 1,
  	  	  	"time": 45066.9999999982,
  	  	  	"judgement": "sick"
  	  	},
  	  	{
  	  	  	"press": false,
  	  	  	"dir": 1,
  	  	  	"time": 45183.6666666649,
  	  	  	"judgement": null
  	  	},
  	  	{
  	  	  	"press": true,
  	  	  	"dir": 0,
  	  	  	"time": 45300.3333333315,
  	  	  	"judgement": "sick"
  	  	},
  	  	{
  	  	  	"press": true,
  	  	  	"dir": 3,
  	  	  	"time": 45433.6666666648,
  	  	  	"judgement": "sick"
  	  	},
  	  	{
  	  	  	"press": false,
  	  	  	"dir": 0,
  	  	  	"time": 45450.3333333315,
  	  	  	"judgement": null
  	  	},
  	  	{
  	  	  	"press": true,
  	  	  	"dir": 2,
  	  	  	"time": 45533.6666666648,
  	  	  	"judgement": "sick"
  	  	},
  	  	{
  	  	  	"press": false,
  	  	  	"dir": 3,
  	  	  	"time": 45566.9999999981,
  	  	  	"judgement": null
  	  	},
  	  	{
  	  	  	"press": false,
  	  	  	"dir": 2,
  	  	  	"time": 45650.3333333315,
  	  	  	"judgement": null
  	  	},
  	  	{
  	  	  	"press": true,
  	  	  	"dir": 1,
  	  	  	"time": 45750.3333333315,
  	  	  	"judgement": "sick"
  	  	},
  	  	{
  	  	  	"press": false,
  	  	  	"dir": 1,
  	  	  	"time": 45883.6666666648,
  	  	  	"judgement": null
  	  	},
  	  	{
  	  	  	"press": true,
  	  	  	"dir": 1,
  	  	  	"time": 45983.6666666648,
  	  	  	"judgement": "sick"
  	  	},
  	  	{
  	  	  	"press": false,
  	  	  	"dir": 1,
  	  	  	"time": 46083.6666666647,
  	  	  	"judgement": null
  	  	},
  	  	{
  	  	  	"press": true,
  	  	  	"dir": 2,
  	  	  	"time": 46150.3333333314,
  	  	  	"judgement": "sick"
  	  	},
  	  	{
  	  	  	"press": true,
  	  	  	"dir": 3,
  	  	  	"time": 46266.999999998,
  	  	  	"judgement": "sick"
  	  	},
  	  	{
  	  	  	"press": false,
  	  	  	"dir": 2,
  	  	  	"time": 46283.6666666647,
  	  	  	"judgement": null
  	  	},
  	  	{
  	  	  	"press": true,
  	  	  	"dir": 0,
  	  	  	"time": 46383.6666666647,
  	  	  	"judgement": "sick"
  	  	},
  	  	{
  	  	  	"press": false,
  	  	  	"dir": 3,
  	  	  	"time": 46383.6666666647,
  	  	  	"judgement": null
  	  	},
  	  	{
  	  	  	"press": false,
  	  	  	"dir": 0,
  	  	  	"time": 46483.6666666647,
  	  	  	"judgement": null
  	  	},
  	  	{
  	  	  	"press": true,
  	  	  	"dir": 1,
  	  	  	"time": 46600.3333333313,
  	  	  	"judgement": "sick"
  	  	},
  	  	{
  	  	  	"press": false,
  	  	  	"dir": 1,
  	  	  	"time": 46683.6666666646,
  	  	  	"judgement": null
  	  	},
  	  	{
  	  	  	"press": true,
  	  	  	"dir": 1,
  	  	  	"time": 46800.3333333313,
  	  	  	"judgement": "sick"
  	  	},
  	  	{
  	  	  	"press": false,
  	  	  	"dir": 1,
  	  	  	"time": 46916.9999999979,
  	  	  	"judgement": null
  	  	},
  	  	{
  	  	  	"press": true,
  	  	  	"dir": 0,
  	  	  	"time": 47033.6666666646,
  	  	  	"judgement": "sick"
  	  	},
  	  	{
  	  	  	"press": false,
  	  	  	"dir": 0,
  	  	  	"time": 47116.9999999979,
  	  	  	"judgement": null
  	  	},
  	  	{
  	  	  	"press": true,
  	  	  	"dir": 3,
  	  	  	"time": 47133.6666666646,
  	  	  	"judgement": "sick"
  	  	},
  	  	{
  	  	  	"press": true,
  	  	  	"dir": 2,
  	  	  	"time": 47250.3333333312,
  	  	  	"judgement": "sick"
  	  	},
  	  	{
  	  	  	"press": false,
  	  	  	"dir": 3,
  	  	  	"time": 47283.6666666646,
  	  	  	"judgement": null
  	  	},
  	  	{
  	  	  	"press": true,
  	  	  	"dir": 1,
  	  	  	"time": 47333.6666666646,
  	  	  	"judgement": "sick"
  	  	},
  	  	{
  	  	  	"press": false,
  	  	  	"dir": 2,
  	  	  	"time": 47366.9999999979,
  	  	  	"judgement": null
  	  	},
  	  	{
  	  	  	"press": true,
  	  	  	"dir": 3,
  	  	  	"time": 47466.9999999979,
  	  	  	"judgement": "sick"
  	  	},
  	  	{
  	  	  	"press": false,
  	  	  	"dir": 1,
  	  	  	"time": 47466.9999999979,
  	  	  	"judgement": null
  	  	},
  	  	{
  	  	  	"press": false,
  	  	  	"dir": 3,
  	  	  	"time": 47566.9999999979,
  	  	  	"judgement": null
  	  	},
  	  	{
  	  	  	"press": true,
  	  	  	"dir": 2,
  	  	  	"time": 47683.6666666645,
  	  	  	"judgement": "sick"
  	  	},
  	  	{
  	  	  	"press": true,
  	  	  	"dir": 1,
  	  	  	"time": 47733.6666666645,
  	  	  	"judgement": "sick"
  	  	},
  	  	{
  	  	  	"press": false,
  	  	  	"dir": 2,
  	  	  	"time": 47766.9999999978,
  	  	  	"judgement": null
  	  	},
  	  	{
  	  	  	"press": false,
  	  	  	"dir": 1,
  	  	  	"time": 47833.6666666645,
  	  	  	"judgement": null
  	  	},
  	  	{
  	  	  	"press": true,
  	  	  	"dir": 3,
  	  	  	"time": 47850.3333333311,
  	  	  	"judgement": "sick"
  	  	},
  	  	{
  	  	  	"press": false,
  	  	  	"dir": 3,
  	  	  	"time": 48002.6666666667,
  	  	  	"judgement": null
  	  	},
  	  	{
  	  	  	"press": true,
  	  	  	"dir": 0,
  	  	  	"time": 48086,
  	  	  	"judgement": "sick"
  	  	},
  	  	{
  	  	  	"press": false,
  	  	  	"dir": 0,
  	  	  	"time": 48169.3333333333,
  	  	  	"judgement": null
  	  	},
  	  	{
  	  	  	"press": true,
  	  	  	"dir": 2,
  	  	  	"time": 48302.6666666666,
  	  	  	"judgement": "sick"
  	  	},
  	  	{
  	  	  	"press": false,
  	  	  	"dir": 2,
  	  	  	"time": 48402.6666666666,
  	  	  	"judgement": null
  	  	},
  	  	{
  	  	  	"press": true,
  	  	  	"dir": 3,
  	  	  	"time": 48535.9999999999,
  	  	  	"judgement": "sick"
  	  	},
  	  	{
  	  	  	"press": false,
  	  	  	"dir": 3,
  	  	  	"time": 48685.9999999999,
  	  	  	"judgement": null
  	  	},
  	  	{
  	  	  	"press": true,
  	  	  	"dir": 2,
  	  	  	"time": 48719.3333333332,
  	  	  	"judgement": "sick"
  	  	},
  	  	{
  	  	  	"press": false,
  	  	  	"dir": 2,
  	  	  	"time": 48835.9999999999,
  	  	  	"judgement": null
  	  	},
  	  	{
  	  	  	"press": true,
  	  	  	"dir": 1,
  	  	  	"time": 48852.6666666665,
  	  	  	"judgement": "sick"
  	  	},
  	  	{
  	  	  	"press": false,
  	  	  	"dir": 1,
  	  	  	"time": 48952.6666666665,
  	  	  	"judgement": null
  	  	},
  	  	{
  	  	  	"press": true,
  	  	  	"dir": 3,
  	  	  	"time": 48969.3333333332,
  	  	  	"judgement": "sick"
  	  	},
  	  	{
  	  	  	"press": false,
  	  	  	"dir": 3,
  	  	  	"time": 49085.9999999998,
  	  	  	"judgement": null
  	  	},
  	  	{
  	  	  	"press": true,
  	  	  	"dir": 2,
  	  	  	"time": 49169.3333333332,
  	  	  	"judgement": "sick"
  	  	},
  	  	{
  	  	  	"press": false,
  	  	  	"dir": 2,
  	  	  	"time": 49285.9999999998,
  	  	  	"judgement": null
  	  	},
  	  	{
  	  	  	"press": true,
  	  	  	"dir": 0,
  	  	  	"time": 49385.9999999998,
  	  	  	"judgement": "sick"
  	  	},
  	  	{
  	  	  	"press": false,
  	  	  	"dir": 0,
  	  	  	"time": 49485.9999999998,
  	  	  	"judgement": null
  	  	},
  	  	{
  	  	  	"press": true,
  	  	  	"dir": 2,
  	  	  	"time": 49585.9999999998,
  	  	  	"judgement": "sick"
  	  	},
  	  	{
  	  	  	"press": false,
  	  	  	"dir": 2,
  	  	  	"time": 49702.6666666664,
  	  	  	"judgement": null
  	  	},
  	  	{
  	  	  	"press": true,
  	  	  	"dir": 1,
  	  	  	"time": 49719.3333333331,
  	  	  	"judgement": "sick"
  	  	},
  	  	{
  	  	  	"press": true,
  	  	  	"dir": 0,
  	  	  	"time": 49819.3333333331,
  	  	  	"judgement": "sick"
  	  	},
  	  	{
  	  	  	"press": false,
  	  	  	"dir": 1,
  	  	  	"time": 49852.6666666664,
  	  	  	"judgement": null
  	  	},
  	  	{
  	  	  	"press": false,
  	  	  	"dir": 0,
  	  	  	"time": 49935.9999999997,
  	  	  	"judgement": null
  	  	},
  	  	{
  	  	  	"press": true,
  	  	  	"dir": 2,
  	  	  	"time": 50019.333333333,
  	  	  	"judgement": "sick"
  	  	},
  	  	{
  	  	  	"press": false,
  	  	  	"dir": 2,
  	  	  	"time": 50119.333333333,
  	  	  	"judgement": null
  	  	},
  	  	{
  	  	  	"press": true,
  	  	  	"dir": 0,
  	  	  	"time": 50219.333333333,
  	  	  	"judgement": "sick"
  	  	},
  	  	{
  	  	  	"press": false,
  	  	  	"dir": 0,
  	  	  	"time": 50302.6666666663,
  	  	  	"judgement": null
  	  	},
  	  	{
  	  	  	"press": true,
  	  	  	"dir": 3,
  	  	  	"time": 50435.9999999996,
  	  	  	"judgement": "sick"
  	  	},
  	  	{
  	  	  	"press": true,
  	  	  	"dir": 2,
  	  	  	"time": 50569.333333333,
  	  	  	"judgement": "sick"
  	  	},
  	  	{
  	  	  	"press": false,
  	  	  	"dir": 3,
  	  	  	"time": 50585.9999999996,
  	  	  	"judgement": null
  	  	},
  	  	{
  	  	  	"press": true,
  	  	  	"dir": 0,
  	  	  	"time": 50652.6666666663,
  	  	  	"judgement": "sick"
  	  	},
  	  	{
  	  	  	"press": false,
  	  	  	"dir": 2,
  	  	  	"time": 50685.9999999996,
  	  	  	"judgement": null
  	  	},
  	  	{
  	  	  	"press": false,
  	  	  	"dir": 0,
  	  	  	"time": 50735.9999999996,
  	  	  	"judgement": null
  	  	},
  	  	{
  	  	  	"press": true,
  	  	  	"dir": 1,
  	  	  	"time": 50902.6666666662,
  	  	  	"judgement": "sick"
  	  	},
  	  	{
  	  	  	"press": true,
  	  	  	"dir": 2,
  	  	  	"time": 50935.9999999996,
  	  	  	"judgement": "sick"
  	  	},
  	  	{
  	  	  	"press": false,
  	  	  	"dir": 1,
  	  	  	"time": 50969.3333333329,
  	  	  	"judgement": null
  	  	},
  	  	{
  	  	  	"press": false,
  	  	  	"dir": 2,
  	  	  	"time": 51019.3333333329,
  	  	  	"judgement": null
  	  	},
  	  	{
  	  	  	"press": true,
  	  	  	"dir": 1,
  	  	  	"time": 51085.9999999995,
  	  	  	"judgement": "sick"
  	  	},
  	  	{
  	  	  	"press": false,
  	  	  	"dir": 1,
  	  	  	"time": 51169.3333333329,
  	  	  	"judgement": null
  	  	},
  	  	{
  	  	  	"press": true,
  	  	  	"dir": 3,
  	  	  	"time": 51202.6666666662,
  	  	  	"judgement": "sick"
  	  	},
  	  	{
  	  	  	"press": false,
  	  	  	"dir": 3,
  	  	  	"time": 51285.9999999995,
  	  	  	"judgement": null
  	  	},
  	  	{
  	  	  	"press": true,
  	  	  	"dir": 0,
  	  	  	"time": 51302.6666666662,
  	  	  	"judgement": "sick"
  	  	},
  	  	{
  	  	  	"press": false,
  	  	  	"dir": 0,
  	  	  	"time": 51452.6666666662,
  	  	  	"judgement": null
  	  	},
  	  	{
  	  	  	"press": true,
  	  	  	"dir": 2,
  	  	  	"time": 51719.3333333328,
  	  	  	"judgement": "sick"
  	  	},
  	  	{
  	  	  	"press": false,
  	  	  	"dir": 2,
  	  	  	"time": 51835.9999999994,
  	  	  	"judgement": null
  	  	},
  	  	{
  	  	  	"press": true,
  	  	  	"dir": 3,
  	  	  	"time": 51952.6666666661,
  	  	  	"judgement": "sick"
  	  	},
  	  	{
  	  	  	"press": false,
  	  	  	"dir": 3,
  	  	  	"time": 52052.6666666661,
  	  	  	"judgement": null
  	  	},
  	  	{
  	  	  	"press": true,
  	  	  	"dir": 2,
  	  	  	"time": 52185.9999999994,
  	  	  	"judgement": "sick"
  	  	},
  	  	{
  	  	  	"press": false,
  	  	  	"dir": 2,
  	  	  	"time": 52285.9999999994,
  	  	  	"judgement": null
  	  	},
  	  	{
  	  	  	"press": true,
  	  	  	"dir": 1,
  	  	  	"time": 52302.666666666,
  	  	  	"judgement": "sick"
  	  	},
  	  	{
  	  	  	"press": true,
  	  	  	"dir": 3,
  	  	  	"time": 52385.9999999994,
  	  	  	"judgement": "sick"
  	  	},
  	  	{
  	  	  	"press": false,
  	  	  	"dir": 1,
  	  	  	"time": 52385.9999999994,
  	  	  	"judgement": null
  	  	},
  	  	{
  	  	  	"press": false,
  	  	  	"dir": 3,
  	  	  	"time": 52469.3333333327,
  	  	  	"judgement": null
  	  	},
  	  	{
  	  	  	"press": true,
  	  	  	"dir": 2,
  	  	  	"time": 52602.666666666,
  	  	  	"judgement": "sick"
  	  	},
  	  	{
  	  	  	"press": false,
  	  	  	"dir": 2,
  	  	  	"time": 52685.9999999993,
  	  	  	"judgement": null
  	  	},
  	  	{
  	  	  	"press": true,
  	  	  	"dir": 0,
  	  	  	"time": 52785.9999999993,
  	  	  	"judgement": "sick"
  	  	},
  	  	{
  	  	  	"press": false,
  	  	  	"dir": 0,
  	  	  	"time": 52919.3333333326,
  	  	  	"judgement": null
  	  	},
  	  	{
  	  	  	"press": true,
  	  	  	"dir": 2,
  	  	  	"time": 53019.3333333326,
  	  	  	"judgement": "sick"
  	  	},
  	  	{
  	  	  	"press": false,
  	  	  	"dir": 2,
  	  	  	"time": 53085.9999999993,
  	  	  	"judgement": null
  	  	},
  	  	{
  	  	  	"press": true,
  	  	  	"dir": 1,
  	  	  	"time": 53135.9999999992,
  	  	  	"judgement": "sick"
  	  	},
  	  	{
  	  	  	"press": true,
  	  	  	"dir": 3,
  	  	  	"time": 53252.6666666659,
  	  	  	"judgement": "sick"
  	  	},
  	  	{
  	  	  	"press": false,
  	  	  	"dir": 1,
  	  	  	"time": 53252.6666666659,
  	  	  	"judgement": null
  	  	},
  	  	{
  	  	  	"press": true,
  	  	  	"dir": 2,
  	  	  	"time": 53319.3333333325,
  	  	  	"judgement": "sick"
  	  	},
  	  	{
  	  	  	"press": false,
  	  	  	"dir": 3,
  	  	  	"time": 53352.6666666659,
  	  	  	"judgement": null
  	  	},
  	  	{
  	  	  	"press": false,
  	  	  	"dir": 2,
  	  	  	"time": 53402.6666666659,
  	  	  	"judgement": null
  	  	},
  	  	{
  	  	  	"press": true,
  	  	  	"dir": 0,
  	  	  	"time": 53469.3333333325,
  	  	  	"judgement": "sick"
  	  	},
  	  	{
  	  	  	"press": true,
  	  	  	"dir": 1,
  	  	  	"time": 53569.3333333325,
  	  	  	"judgement": "sick"
  	  	},
  	  	{
  	  	  	"press": false,
  	  	  	"dir": 0,
  	  	  	"time": 53585.9999999992,
  	  	  	"judgement": null
  	  	},
  	  	{
  	  	  	"press": true,
  	  	  	"dir": 3,
  	  	  	"time": 53685.9999999992,
  	  	  	"judgement": "sick"
  	  	},
  	  	{
  	  	  	"press": false,
  	  	  	"dir": 1,
  	  	  	"time": 53685.9999999992,
  	  	  	"judgement": null
  	  	},
  	  	{
  	  	  	"press": false,
  	  	  	"dir": 3,
  	  	  	"time": 53769.3333333325,
  	  	  	"judgement": null
  	  	},
  	  	{
  	  	  	"press": true,
  	  	  	"dir": 1,
  	  	  	"time": 53902.6666666658,
  	  	  	"judgement": "sick"
  	  	},
  	  	{
  	  	  	"press": false,
  	  	  	"dir": 1,
  	  	  	"time": 53969.3333333325,
  	  	  	"judgement": null
  	  	},
  	  	{
  	  	  	"press": true,
  	  	  	"dir": 0,
  	  	  	"time": 54119.3333333324,
  	  	  	"judgement": "sick"
  	  	},
  	  	{
  	  	  	"press": false,
  	  	  	"dir": 0,
  	  	  	"time": 54202.6666666658,
  	  	  	"judgement": null
  	  	},
  	  	{
  	  	  	"press": true,
  	  	  	"dir": 2,
  	  	  	"time": 54302.6666666657,
  	  	  	"judgement": "sick"
  	  	},
  	  	{
  	  	  	"press": false,
  	  	  	"dir": 2,
  	  	  	"time": 54402.6666666657,
  	  	  	"judgement": null
  	  	},
  	  	{
  	  	  	"press": true,
  	  	  	"dir": 1,
  	  	  	"time": 54519.3333333324,
  	  	  	"judgement": "sick"
  	  	},
  	  	{
  	  	  	"press": false,
  	  	  	"dir": 1,
  	  	  	"time": 54585.999999999,
  	  	  	"judgement": null
  	  	},
  	  	{
  	  	  	"press": true,
  	  	  	"dir": 3,
  	  	  	"time": 54635.999999999,
  	  	  	"judgement": "sick"
  	  	},
  	  	{
  	  	  	"press": true,
  	  	  	"dir": 0,
  	  	  	"time": 54719.3333333323,
  	  	  	"judgement": "sick"
  	  	},
  	  	{
  	  	  	"press": false,
  	  	  	"dir": 3,
  	  	  	"time": 54719.3333333323,
  	  	  	"judgement": null
  	  	},
  	  	{
  	  	  	"press": false,
  	  	  	"dir": 0,
  	  	  	"time": 54935.999999999,
  	  	  	"judgement": null
  	  	},
  	  	{
  	  	  	"press": true,
  	  	  	"dir": 1,
  	  	  	"time": 55135.999999999,
  	  	  	"judgement": "sick"
  	  	},
  	  	{
  	  	  	"press": false,
  	  	  	"dir": 1,
  	  	  	"time": 55235.9999999989,
  	  	  	"judgement": null
  	  	},
  	  	{
  	  	  	"press": true,
  	  	  	"dir": 1,
  	  	  	"time": 55385.9999999989,
  	  	  	"judgement": "sick"
  	  	},
  	  	{
  	  	  	"press": false,
  	  	  	"dir": 1,
  	  	  	"time": 55469.3333333322,
  	  	  	"judgement": null
  	  	},
  	  	{
  	  	  	"press": true,
  	  	  	"dir": 1,
  	  	  	"time": 55619.3333333322,
  	  	  	"judgement": null
  	  	},
  	  	{
  	  	  	"press": false,
  	  	  	"dir": 1,
  	  	  	"time": 55685.9999999989,
  	  	  	"judgement": null
  	  	},
  	  	{
  	  	  	"press": true,
  	  	  	"dir": 0,
  	  	  	"time": 55802.6666666655,
  	  	  	"judgement": null
  	  	},
  	  	{
  	  	  	"press": true,
  	  	  	"dir": 3,
  	  	  	"time": 55802.6666666655,
  	  	  	"judgement": null
  	  	},
  	  	{
  	  	  	"press": false,
  	  	  	"dir": 0,
  	  	  	"time": 55919.3333333322,
  	  	  	"judgement": null
  	  	},
  	  	{
  	  	  	"press": false,
  	  	  	"dir": 3,
  	  	  	"time": 55919.3333333322,
  	  	  	"judgement": null
  	  	},
  	  	{
  	  	  	"press": true,
  	  	  	"dir": 1,
  	  	  	"time": 56019.3333333322,
  	  	  	"judgement": null
  	  	},
  	  	{
  	  	  	"press": false,
  	  	  	"dir": 1,
  	  	  	"time": 56102.6666666655,
  	  	  	"judgement": null
  	  	},
  	  	{
  	  	  	"press": true,
  	  	  	"dir": 0,
  	  	  	"time": 56219.3333333321,
  	  	  	"judgement": "sick"
  	  	},
  	  	{
  	  	  	"press": false,
  	  	  	"dir": 0,
  	  	  	"time": 56352.6666666654,
  	  	  	"judgement": null
  	  	},
  	  	{
  	  	  	"press": true,
  	  	  	"dir": 1,
  	  	  	"time": 56452.6666666654,
  	  	  	"judgement": "sick"
  	  	},
  	  	{
  	  	  	"press": false,
  	  	  	"dir": 1,
  	  	  	"time": 56535.9999999987,
  	  	  	"judgement": null
  	  	},
  	  	{
  	  	  	"press": true,
  	  	  	"dir": 0,
  	  	  	"time": 56652.6666666654,
  	  	  	"judgement": "sick"
  	  	},
  	  	{
  	  	  	"press": true,
  	  	  	"dir": 1,
  	  	  	"time": 56785.9999999987,
  	  	  	"judgement": "sick"
  	  	},
  	  	{
  	  	  	"press": false,
  	  	  	"dir": 0,
  	  	  	"time": 56802.6666666654,
  	  	  	"judgement": null
  	  	},
  	  	{
  	  	  	"press": true,
  	  	  	"dir": 2,
  	  	  	"time": 56852.6666666654,
  	  	  	"judgement": "sick"
  	  	},
  	  	{
  	  	  	"press": false,
  	  	  	"dir": 1,
  	  	  	"time": 56869.333333332,
  	  	  	"judgement": null
  	  	},
  	  	{
  	  	  	"press": false,
  	  	  	"dir": 2,
  	  	  	"time": 56969.333333332,
  	  	  	"judgement": null
  	  	},
  	  	{
  	  	  	"press": true,
  	  	  	"dir": 1,
  	  	  	"time": 57102.6666666653,
  	  	  	"judgement": "sick"
  	  	},
  	  	{
  	  	  	"press": false,
  	  	  	"dir": 1,
  	  	  	"time": 57202.6666666653,
  	  	  	"judgement": null
  	  	},
  	  	{
  	  	  	"press": true,
  	  	  	"dir": 3,
  	  	  	"time": 57302.6666666653,
  	  	  	"judgement": "sick"
  	  	},
  	  	{
  	  	  	"press": false,
  	  	  	"dir": 3,
  	  	  	"time": 57402.6666666653,
  	  	  	"judgement": null
  	  	},
  	  	{
  	  	  	"press": true,
  	  	  	"dir": 2,
  	  	  	"time": 57535.9999999986,
  	  	  	"judgement": "sick"
  	  	},
  	  	{
  	  	  	"press": false,
  	  	  	"dir": 2,
  	  	  	"time": 57635.9999999986,
  	  	  	"judgement": null
  	  	},
  	  	{
  	  	  	"press": true,
  	  	  	"dir": 0,
  	  	  	"time": 57719.3333333319,
  	  	  	"judgement": "sick"
  	  	},
  	  	{
  	  	  	"press": false,
  	  	  	"dir": 0,
  	  	  	"time": 57785.9999999986,
  	  	  	"judgement": null
  	  	},
  	  	{
  	  	  	"press": true,
  	  	  	"dir": 3,
  	  	  	"time": 57969.3333333319,
  	  	  	"judgement": "sick"
  	  	},
  	  	{
  	  	  	"press": false,
  	  	  	"dir": 3,
  	  	  	"time": 58035.9999999985,
  	  	  	"judgement": null
  	  	},
  	  	{
  	  	  	"press": true,
  	  	  	"dir": 1,
  	  	  	"time": 58152.6666666652,
  	  	  	"judgement": "sick"
  	  	},
  	  	{
  	  	  	"press": false,
  	  	  	"dir": 1,
  	  	  	"time": 58235.9999999985,
  	  	  	"judgement": null
  	  	},
  	  	{
  	  	  	"press": true,
  	  	  	"dir": 1,
  	  	  	"time": 58585.9999999985,
  	  	  	"judgement": "sick"
  	  	},
  	  	{
  	  	  	"press": false,
  	  	  	"dir": 1,
  	  	  	"time": 58685.9999999984,
  	  	  	"judgement": null
  	  	},
  	  	{
  	  	  	"press": true,
  	  	  	"dir": 1,
  	  	  	"time": 58819.3333333317,
  	  	  	"judgement": "sick"
  	  	},
  	  	{
  	  	  	"press": false,
  	  	  	"dir": 1,
  	  	  	"time": 58902.6666666651,
  	  	  	"judgement": null
  	  	},
  	  	{
  	  	  	"press": true,
  	  	  	"dir": 0,
  	  	  	"time": 59035.9999999984,
  	  	  	"judgement": "sick"
  	  	},
  	  	{
  	  	  	"press": false,
  	  	  	"dir": 0,
  	  	  	"time": 59135.9999999984,
  	  	  	"judgement": null
  	  	},
  	  	{
  	  	  	"press": true,
  	  	  	"dir": 1,
  	  	  	"time": 59235.9999999984,
  	  	  	"judgement": "sick"
  	  	},
  	  	{
  	  	  	"press": false,
  	  	  	"dir": 1,
  	  	  	"time": 59335.9999999983,
  	  	  	"judgement": null
  	  	},
  	  	{
  	  	  	"press": true,
  	  	  	"dir": 0,
  	  	  	"time": 59469.3333333317,
  	  	  	"judgement": "sick"
  	  	},
  	  	{
  	  	  	"press": false,
  	  	  	"dir": 0,
  	  	  	"time": 59569.3333333316,
  	  	  	"judgement": null
  	  	},
  	  	{
  	  	  	"press": true,
  	  	  	"dir": 3,
  	  	  	"time": 59702.666666665,
  	  	  	"judgement": "sick"
  	  	},
  	  	{
  	  	  	"press": false,
  	  	  	"dir": 3,
  	  	  	"time": 59769.3333333316,
  	  	  	"judgement": null
  	  	},
  	  	{
  	  	  	"press": true,
  	  	  	"dir": 1,
  	  	  	"time": 59885.9999999983,
  	  	  	"judgement": "sick"
  	  	},
  	  	{
  	  	  	"press": false,
  	  	  	"dir": 1,
  	  	  	"time": 59952.6666666649,
  	  	  	"judgement": null
  	  	},
  	  	{
  	  	  	"press": true,
  	  	  	"dir": 3,
  	  	  	"time": 60102.6666666649,
  	  	  	"judgement": "sick"
  	  	},
  	  	{
  	  	  	"press": false,
  	  	  	"dir": 3,
  	  	  	"time": 60169.3333333316,
  	  	  	"judgement": null
  	  	},
  	  	{
  	  	  	"press": true,
  	  	  	"dir": 1,
  	  	  	"time": 60202.6666666649,
  	  	  	"judgement": "sick"
  	  	},
  	  	{
  	  	  	"press": false,
  	  	  	"dir": 1,
  	  	  	"time": 60285.9999999982,
  	  	  	"judgement": null
  	  	},
  	  	{
  	  	  	"press": true,
  	  	  	"dir": 2,
  	  	  	"time": 60302.6666666649,
  	  	  	"judgement": "sick"
  	  	},
  	  	{
  	  	  	"press": false,
  	  	  	"dir": 2,
  	  	  	"time": 60402.6666666649,
  	  	  	"judgement": null
  	  	},
  	  	{
  	  	  	"press": true,
  	  	  	"dir": 1,
  	  	  	"time": 60519.3333333315,
  	  	  	"judgement": "sick"
  	  	},
  	  	{
  	  	  	"press": false,
  	  	  	"dir": 1,
  	  	  	"time": 60585.9999999982,
  	  	  	"judgement": null
  	  	},
  	  	{
  	  	  	"press": true,
  	  	  	"dir": 3,
  	  	  	"time": 60719.3333333315,
  	  	  	"judgement": "sick"
  	  	},
  	  	{
  	  	  	"press": false,
  	  	  	"dir": 3,
  	  	  	"time": 60819.3333333315,
  	  	  	"judgement": null
  	  	},
  	  	{
  	  	  	"press": true,
  	  	  	"dir": 2,
  	  	  	"time": 60952.6666666648,
  	  	  	"judgement": "sick"
  	  	},
  	  	{
  	  	  	"press": false,
  	  	  	"dir": 2,
  	  	  	"time": 61052.6666666648,
  	  	  	"judgement": null
  	  	},
  	  	{
  	  	  	"press": true,
  	  	  	"dir": 0,
  	  	  	"time": 61152.6666666647,
  	  	  	"judgement": "sick"
  	  	},
  	  	{
  	  	  	"press": false,
  	  	  	"dir": 0,
  	  	  	"time": 61219.3333333314,
  	  	  	"judgement": null
  	  	},
  	  	{
  	  	  	"press": true,
  	  	  	"dir": 3,
  	  	  	"time": 61369.3333333314,
  	  	  	"judgement": "sick"
  	  	},
  	  	{
  	  	  	"press": false,
  	  	  	"dir": 3,
  	  	  	"time": 61469.3333333314,
  	  	  	"judgement": null
  	  	},
  	  	{
  	  	  	"press": true,
  	  	  	"dir": 1,
  	  	  	"time": 61569.3333333313,
  	  	  	"judgement": "sick"
  	  	},
  	  	{
  	  	  	"press": false,
  	  	  	"dir": 1,
  	  	  	"time": 61669.3333333313,
  	  	  	"judgement": null
  	  	},
  	  	{
  	  	  	"press": true,
  	  	  	"dir": 1,
  	  	  	"time": 62002.6666666646,
  	  	  	"judgement": "sick"
  	  	},
  	  	{
  	  	  	"press": false,
  	  	  	"dir": 1,
  	  	  	"time": 62069.3333333313,
  	  	  	"judgement": null
  	  	},
  	  	{
  	  	  	"press": true,
  	  	  	"dir": 1,
  	  	  	"time": 62202.6666666646,
  	  	  	"judgement": "sick"
  	  	},
  	  	{
  	  	  	"press": false,
  	  	  	"dir": 1,
  	  	  	"time": 62302.6666666646,
  	  	  	"judgement": null
  	  	},
  	  	{
  	  	  	"press": true,
  	  	  	"dir": 3,
  	  	  	"time": 62435.9999999979,
  	  	  	"judgement": "sick"
  	  	},
  	  	{
  	  	  	"press": false,
  	  	  	"dir": 3,
  	  	  	"time": 62535.9999999979,
  	  	  	"judgement": null
  	  	},
  	  	{
  	  	  	"press": true,
  	  	  	"dir": 1,
  	  	  	"time": 62652.6666666645,
  	  	  	"judgement": "sick"
  	  	},
  	  	{
  	  	  	"press": false,
  	  	  	"dir": 1,
  	  	  	"time": 62735.9999999978,
  	  	  	"judgement": null
  	  	},
  	  	{
  	  	  	"press": true,
  	  	  	"dir": 2,
  	  	  	"time": 62885.9999999978,
  	  	  	"judgement": "sick"
  	  	},
  	  	{
  	  	  	"press": false,
  	  	  	"dir": 2,
  	  	  	"time": 62985.9999999978,
  	  	  	"judgement": null
  	  	},
  	  	{
  	  	  	"press": true,
  	  	  	"dir": 0,
  	  	  	"time": 63118.3333333333,
  	  	  	"judgement": "sick"
  	  	},
  	  	{
  	  	  	"press": false,
  	  	  	"dir": 0,
  	  	  	"time": 63185,
  	  	  	"judgement": null
  	  	},
  	  	{
  	  	  	"press": true,
  	  	  	"dir": 1,
  	  	  	"time": 63318.3333333333,
  	  	  	"judgement": "sick"
  	  	},
  	  	{
  	  	  	"press": false,
  	  	  	"dir": 1,
  	  	  	"time": 63384.9999999999,
  	  	  	"judgement": null
  	  	},
  	  	{
  	  	  	"press": true,
  	  	  	"dir": 3,
  	  	  	"time": 63518.3333333333,
  	  	  	"judgement": "sick"
  	  	},
  	  	{
  	  	  	"press": false,
  	  	  	"dir": 3,
  	  	  	"time": 63634.9999999999,
  	  	  	"judgement": null
  	  	},
  	  	{
  	  	  	"press": true,
  	  	  	"dir": 1,
  	  	  	"time": 63651.6666666666,
  	  	  	"judgement": "sick"
  	  	},
  	  	{
  	  	  	"press": true,
  	  	  	"dir": 2,
  	  	  	"time": 63734.9999999999,
  	  	  	"judgement": "sick"
  	  	},
  	  	{
  	  	  	"press": false,
  	  	  	"dir": 1,
  	  	  	"time": 63734.9999999999,
  	  	  	"judgement": null
  	  	},
  	  	{
  	  	  	"press": false,
  	  	  	"dir": 2,
  	  	  	"time": 63851.6666666665,
  	  	  	"judgement": null
  	  	},
  	  	{
  	  	  	"press": true,
  	  	  	"dir": 1,
  	  	  	"time": 63934.9999999999,
  	  	  	"judgement": "sick"
  	  	},
  	  	{
  	  	  	"press": false,
  	  	  	"dir": 1,
  	  	  	"time": 64034.9999999999,
  	  	  	"judgement": null
  	  	},
  	  	{
  	  	  	"press": true,
  	  	  	"dir": 3,
  	  	  	"time": 64168.3333333332,
  	  	  	"judgement": "sick"
  	  	},
  	  	{
  	  	  	"press": false,
  	  	  	"dir": 3,
  	  	  	"time": 64234.9999999998,
  	  	  	"judgement": null
  	  	},
  	  	{
  	  	  	"press": true,
  	  	  	"dir": 2,
  	  	  	"time": 64384.9999999998,
  	  	  	"judgement": "sick"
  	  	},
  	  	{
  	  	  	"press": false,
  	  	  	"dir": 2,
  	  	  	"time": 64484.9999999998,
  	  	  	"judgement": null
  	  	},
  	  	{
  	  	  	"press": true,
  	  	  	"dir": 0,
  	  	  	"time": 64601.6666666664,
  	  	  	"judgement": "sick"
  	  	},
  	  	{
  	  	  	"press": false,
  	  	  	"dir": 0,
  	  	  	"time": 64668.3333333331,
  	  	  	"judgement": null
  	  	},
  	  	{
  	  	  	"press": true,
  	  	  	"dir": 3,
  	  	  	"time": 64818.3333333331,
  	  	  	"judgement": "sick"
  	  	},
  	  	{
  	  	  	"press": false,
  	  	  	"dir": 3,
  	  	  	"time": 64901.6666666664,
  	  	  	"judgement": null
  	  	},
  	  	{
  	  	  	"press": true,
  	  	  	"dir": 1,
  	  	  	"time": 65001.6666666664,
  	  	  	"judgement": "sick"
  	  	},
  	  	{
  	  	  	"press": false,
  	  	  	"dir": 1,
  	  	  	"time": 65151.6666666664,
  	  	  	"judgement": null
  	  	},
  	  	{
  	  	  	"press": true,
  	  	  	"dir": 3,
  	  	  	"time": 65301.6666666663,
  	  	  	"judgement": "good"
  	  	},
  	  	{
  	  	  	"press": false,
  	  	  	"dir": 3,
  	  	  	"time": 65401.6666666663,
  	  	  	"judgement": null
  	  	},
  	  	{
  	  	  	"press": true,
  	  	  	"dir": 3,
  	  	  	"time": 65468.333333333,
  	  	  	"judgement": null
  	  	},
  	  	{
  	  	  	"press": false,
  	  	  	"dir": 3,
  	  	  	"time": 65818.3333333331,
  	  	  	"judgement": null
  	  	},
  	  	{
  	  	  	"press": true,
  	  	  	"dir": 1,
  	  	  	"time": 67151.6666666668,
  	  	  	"judgement": "sick"
  	  	},
  	  	{
  	  	  	"press": true,
  	  	  	"dir": 0,
  	  	  	"time": 67268.3333333335,
  	  	  	"judgement": "sick"
  	  	},
  	  	{
  	  	  	"press": false,
  	  	  	"dir": 1,
  	  	  	"time": 67301.6666666668,
  	  	  	"judgement": null
  	  	},
  	  	{
  	  	  	"press": true,
  	  	  	"dir": 1,
  	  	  	"time": 67385.0000000002,
  	  	  	"judgement": "sick"
  	  	},
  	  	{
  	  	  	"press": false,
  	  	  	"dir": 0,
  	  	  	"time": 67468.3333333335,
  	  	  	"judgement": null
  	  	},
  	  	{
  	  	  	"press": false,
  	  	  	"dir": 1,
  	  	  	"time": 67518.3333333335,
  	  	  	"judgement": null
  	  	},
  	  	{
  	  	  	"press": true,
  	  	  	"dir": 1,
  	  	  	"time": 67635.0000000002,
  	  	  	"judgement": "sick"
  	  	},
  	  	{
  	  	  	"press": true,
  	  	  	"dir": 3,
  	  	  	"time": 67685.0000000003,
  	  	  	"judgement": "sick"
  	  	},
  	  	{
  	  	  	"press": false,
  	  	  	"dir": 1,
  	  	  	"time": 67735.0000000003,
  	  	  	"judgement": null
  	  	},
  	  	{
  	  	  	"press": false,
  	  	  	"dir": 3,
  	  	  	"time": 67801.666666667,
  	  	  	"judgement": null
  	  	},
  	  	{
  	  	  	"press": true,
  	  	  	"dir": 1,
  	  	  	"time": 67835.0000000003,
  	  	  	"judgement": "sick"
  	  	},
  	  	{
  	  	  	"press": false,
  	  	  	"dir": 1,
  	  	  	"time": 67985.0000000003,
  	  	  	"judgement": null
  	  	},
  	  	{
  	  	  	"press": true,
  	  	  	"dir": 2,
  	  	  	"time": 68018.3333333337,
  	  	  	"judgement": "sick"
  	  	},
  	  	{
  	  	  	"press": false,
  	  	  	"dir": 2,
  	  	  	"time": 68168.3333333337,
  	  	  	"judgement": null
  	  	},
  	  	{
  	  	  	"press": true,
  	  	  	"dir": 0,
  	  	  	"time": 68285.0000000004,
  	  	  	"judgement": "sick"
  	  	},
  	  	{
  	  	  	"press": true,
  	  	  	"dir": 2,
  	  	  	"time": 68485.0000000005,
  	  	  	"judgement": "sick"
  	  	},
  	  	{
  	  	  	"press": false,
  	  	  	"dir": 0,
  	  	  	"time": 68485.0000000005,
  	  	  	"judgement": null
  	  	},
  	  	{
  	  	  	"press": false,
  	  	  	"dir": 2,
  	  	  	"time": 68585.0000000005,
  	  	  	"judgement": null
  	  	},
  	  	{
  	  	  	"press": true,
  	  	  	"dir": 3,
  	  	  	"time": 68685.0000000006,
  	  	  	"judgement": "sick"
  	  	},
  	  	{
  	  	  	"press": false,
  	  	  	"dir": 3,
  	  	  	"time": 70935.0000000012,
  	  	  	"judgement": null
  	  	},
  	  	{
  	  	  	"press": true,
  	  	  	"dir": 2,
  	  	  	"time": 72068.3333333349,
  	  	  	"judgement": "sick"
  	  	},
  	  	{
  	  	  	"press": true,
  	  	  	"dir": 3,
  	  	  	"time": 72135.0000000016,
  	  	  	"judgement": "sick"
  	  	},
  	  	{
  	  	  	"press": false,
  	  	  	"dir": 2,
  	  	  	"time": 72151.6666666682,
  	  	  	"judgement": null
  	  	},
  	  	{
  	  	  	"press": true,
  	  	  	"dir": 0,
  	  	  	"time": 72285.0000000016,
  	  	  	"judgement": "sick"
  	  	},
  	  	{
  	  	  	"press": false,
  	  	  	"dir": 3,
  	  	  	"time": 72301.6666666683,
  	  	  	"judgement": null
  	  	},
  	  	{
  	  	  	"press": false,
  	  	  	"dir": 0,
  	  	  	"time": 72601.6666666684,
  	  	  	"judgement": null
  	  	},
  	  	{
  	  	  	"press": true,
  	  	  	"dir": 0,
  	  	  	"time": 72751.6666666684,
  	  	  	"judgement": "sick"
  	  	},
  	  	{
  	  	  	"press": true,
  	  	  	"dir": 2,
  	  	  	"time": 73151.6666666685,
  	  	  	"judgement": "sick"
  	  	},
  	  	{
  	  	  	"press": false,
  	  	  	"dir": 0,
  	  	  	"time": 73185.0000000019,
  	  	  	"judgement": null
  	  	},
  	  	{
  	  	  	"press": false,
  	  	  	"dir": 2,
  	  	  	"time": 73301.6666666686,
  	  	  	"judgement": null
  	  	},
  	  	{
  	  	  	"press": true,
  	  	  	"dir": 3,
  	  	  	"time": 73385.0000000019,
  	  	  	"judgement": "sick"
  	  	},
  	  	{
  	  	  	"press": false,
  	  	  	"dir": 3,
  	  	  	"time": 73535.000000002,
  	  	  	"judgement": null
  	  	},
  	  	{
  	  	  	"press": true,
  	  	  	"dir": 0,
  	  	  	"time": 73601.6666666687,
  	  	  	"judgement": "sick"
  	  	},
  	  	{
  	  	  	"press": false,
  	  	  	"dir": 0,
  	  	  	"time": 73851.6666666687,
  	  	  	"judgement": null
  	  	},
  	  	{
  	  	  	"press": true,
  	  	  	"dir": 1,
  	  	  	"time": 74035.0000000021,
  	  	  	"judgement": "sick"
  	  	},
  	  	{
  	  	  	"press": false,
  	  	  	"dir": 1,
  	  	  	"time": 74185.0000000022,
  	  	  	"judgement": null
  	  	},
  	  	{
  	  	  	"press": true,
  	  	  	"dir": 2,
  	  	  	"time": 74218.3333333355,
  	  	  	"judgement": "sick"
  	  	},
  	  	{
  	  	  	"press": false,
  	  	  	"dir": 2,
  	  	  	"time": 74335.0000000022,
  	  	  	"judgement": null
  	  	},
  	  	{
  	  	  	"press": true,
  	  	  	"dir": 1,
  	  	  	"time": 74351.6666666689,
  	  	  	"judgement": "sick"
  	  	},
  	  	{
  	  	  	"press": true,
  	  	  	"dir": 3,
  	  	  	"time": 74451.6666666689,
  	  	  	"judgement": "sick"
  	  	},
  	  	{
  	  	  	"press": false,
  	  	  	"dir": 1,
  	  	  	"time": 74451.6666666689,
  	  	  	"judgement": null
  	  	},
  	  	{
  	  	  	"press": false,
  	  	  	"dir": 3,
  	  	  	"time": 74551.6666666689,
  	  	  	"judgement": null
  	  	},
  	  	{
  	  	  	"press": true,
  	  	  	"dir": 2,
  	  	  	"time": 74668.3333333356,
  	  	  	"judgement": "sick"
  	  	},
  	  	{
  	  	  	"press": false,
  	  	  	"dir": 2,
  	  	  	"time": 74785.0000000023,
  	  	  	"judgement": null
  	  	},
  	  	{
  	  	  	"press": true,
  	  	  	"dir": 0,
  	  	  	"time": 74851.666666669,
  	  	  	"judgement": "sick"
  	  	},
  	  	{
  	  	  	"press": true,
  	  	  	"dir": 3,
  	  	  	"time": 75118.3333333358,
  	  	  	"judgement": "sick"
  	  	},
  	  	{
  	  	  	"press": false,
  	  	  	"dir": 0,
  	  	  	"time": 75168.3333333358,
  	  	  	"judgement": null
  	  	},
  	  	{
  	  	  	"press": true,
  	  	  	"dir": 1,
  	  	  	"time": 75285.0000000025,
  	  	  	"judgement": "sick"
  	  	},
  	  	{
  	  	  	"press": false,
  	  	  	"dir": 3,
  	  	  	"time": 75318.3333333358,
  	  	  	"judgement": null
  	  	},
  	  	{
  	  	  	"press": false,
  	  	  	"dir": 1,
  	  	  	"time": 75785.0000000026,
  	  	  	"judgement": null
  	  	},
  	  	{
  	  	  	"press": true,
  	  	  	"dir": 1,
  	  	  	"time": 75951.6666666693,
  	  	  	"judgement": "sick"
  	  	},
  	  	{
  	  	  	"press": false,
  	  	  	"dir": 1,
  	  	  	"time": 76301.6666666694,
  	  	  	"judgement": null
  	  	},
  	  	{
  	  	  	"press": true,
  	  	  	"dir": 0,
  	  	  	"time": 76785.0000000029,
  	  	  	"judgement": null
  	  	},
  	  	{
  	  	  	"press": true,
  	  	  	"dir": 3,
  	  	  	"time": 76918.3333333363,
  	  	  	"judgement": null
  	  	},
  	  	{
  	  	  	"press": false,
  	  	  	"dir": 0,
  	  	  	"time": 76985.000000003,
  	  	  	"judgement": null
  	  	},
  	  	{
  	  	  	"press": true,
  	  	  	"dir": 1,
  	  	  	"time": 77035.000000003,
  	  	  	"judgement": null
  	  	},
  	  	{
  	  	  	"press": false,
  	  	  	"dir": 3,
  	  	  	"time": 77051.6666666697,
  	  	  	"judgement": null
  	  	},
  	  	{
  	  	  	"press": false,
  	  	  	"dir": 1,
  	  	  	"time": 77285.0000000031,
  	  	  	"judgement": null
  	  	},
  	  	{
  	  	  	"press": true,
  	  	  	"dir": 0,
  	  	  	"time": 77418.3333333364,
  	  	  	"judgement": null
  	  	},
  	  	{
  	  	  	"press": false,
  	  	  	"dir": 0,
  	  	  	"time": 77835.0000000032,
  	  	  	"judgement": null
  	  	},
  	  	{
  	  	  	"press": true,
  	  	  	"dir": 2,
  	  	  	"time": 77901.6666666699,
  	  	  	"judgement": null
  	  	},
  	  	{
  	  	  	"press": false,
  	  	  	"dir": 2,
  	  	  	"time": 78068.3333333366,
  	  	  	"judgement": null
  	  	},
  	  	{
  	  	  	"press": true,
  	  	  	"dir": 1,
  	  	  	"time": 78085.0000000033,
  	  	  	"judgement": null
  	  	},
  	  	{
  	  	  	"press": false,
  	  	  	"dir": 1,
  	  	  	"time": 78301.66666667,
  	  	  	"judgement": null
  	  	},
  	  	{
  	  	  	"press": true,
  	  	  	"dir": 0,
  	  	  	"time": 78335.0000000034,
  	  	  	"judgement": null
  	  	},
  	  	{
  	  	  	"press": true,
  	  	  	"dir": 1,
  	  	  	"time": 78518.3333333367,
  	  	  	"judgement": null
  	  	},
  	  	{
  	  	  	"press": false,
  	  	  	"dir": 0,
  	  	  	"time": 78551.6666666701,
  	  	  	"judgement": null
  	  	},
  	  	{
  	  	  	"press": true,
  	  	  	"dir": 3,
  	  	  	"time": 78601.6666666701,
  	  	  	"judgement": null
  	  	},
  	  	{
  	  	  	"press": false,
  	  	  	"dir": 1,
  	  	  	"time": 78635.0000000034,
  	  	  	"judgement": null
  	  	},
  	  	{
  	  	  	"press": false,
  	  	  	"dir": 3,
  	  	  	"time": 78701.6666666701,
  	  	  	"judgement": null
  	  	},
  	  	{
  	  	  	"press": true,
  	  	  	"dir": 0,
  	  	  	"time": 78718.3333333368,
  	  	  	"judgement": null
  	  	},
  	  	{
  	  	  	"press": false,
  	  	  	"dir": 0,
  	  	  	"time": 78835.0000000035,
  	  	  	"judgement": null
  	  	},
  	  	{
  	  	  	"press": true,
  	  	  	"dir": 2,
  	  	  	"time": 78935.0000000035,
  	  	  	"judgement": "sick"
  	  	},
  	  	{
  	  	  	"press": true,
  	  	  	"dir": 3,
  	  	  	"time": 79018.3333333369,
  	  	  	"judgement": "sick"
  	  	},
  	  	{
  	  	  	"press": false,
  	  	  	"dir": 2,
  	  	  	"time": 79051.6666666702,
  	  	  	"judgement": null
  	  	},
  	  	{
  	  	  	"press": true,
  	  	  	"dir": 0,
  	  	  	"time": 79168.3333333369,
  	  	  	"judgement": "sick"
  	  	},
  	  	{
  	  	  	"press": false,
  	  	  	"dir": 3,
  	  	  	"time": 79168.3333333369,
  	  	  	"judgement": null
  	  	},
  	  	{
  	  	  	"press": false,
  	  	  	"dir": 0,
  	  	  	"time": 79417.3333333334,
  	  	  	"judgement": null
  	  	},
  	  	{
  	  	  	"press": true,
  	  	  	"dir": 1,
  	  	  	"time": 79600.6666666667,
  	  	  	"judgement": "sick"
  	  	},
  	  	{
  	  	  	"press": false,
  	  	  	"dir": 1,
  	  	  	"time": 79984.0000000002,
  	  	  	"judgement": null
  	  	},
  	  	{
  	  	  	"press": true,
  	  	  	"dir": 2,
  	  	  	"time": 80017.3333333335,
  	  	  	"judgement": "sick"
  	  	},
  	  	{
  	  	  	"press": false,
  	  	  	"dir": 2,
  	  	  	"time": 80217.3333333336,
  	  	  	"judgement": null
  	  	},
  	  	{
  	  	  	"press": true,
  	  	  	"dir": 0,
  	  	  	"time": 80250.6666666669,
  	  	  	"judgement": "sick"
  	  	},
  	  	{
  	  	  	"press": true,
  	  	  	"dir": 1,
  	  	  	"time": 80450.666666667,
  	  	  	"judgement": "sick"
  	  	},
  	  	{
  	  	  	"press": false,
  	  	  	"dir": 0,
  	  	  	"time": 80467.3333333337,
  	  	  	"judgement": null
  	  	},
  	  	{
  	  	  	"press": true,
  	  	  	"dir": 3,
  	  	  	"time": 80550.666666667,
  	  	  	"judgement": "sick"
  	  	},
  	  	{
  	  	  	"press": false,
  	  	  	"dir": 1,
  	  	  	"time": 80550.666666667,
  	  	  	"judgement": null
  	  	},
  	  	{
  	  	  	"press": true,
  	  	  	"dir": 1,
  	  	  	"time": 80650.666666667,
  	  	  	"judgement": "sick"
  	  	},
  	  	{
  	  	  	"press": false,
  	  	  	"dir": 3,
  	  	  	"time": 80650.666666667,
  	  	  	"judgement": null
  	  	},
  	  	{
  	  	  	"press": true,
  	  	  	"dir": 2,
  	  	  	"time": 81300.6666666672,
  	  	  	"judgement": "sick"
  	  	},
  	  	{
  	  	  	"press": false,
  	  	  	"dir": 1,
  	  	  	"time": 81300.6666666672,
  	  	  	"judgement": null
  	  	},
  	  	{
  	  	  	"press": true,
  	  	  	"dir": 3,
  	  	  	"time": 81384.0000000006,
  	  	  	"judgement": "sick"
  	  	},
  	  	{
  	  	  	"press": false,
  	  	  	"dir": 2,
  	  	  	"time": 81400.6666666673,
  	  	  	"judgement": null
  	  	},
  	  	{
  	  	  	"press": false,
  	  	  	"dir": 3,
  	  	  	"time": 81517.333333334,
  	  	  	"judgement": null
  	  	},
  	  	{
  	  	  	"press": true,
  	  	  	"dir": 1,
  	  	  	"time": 81550.6666666673,
  	  	  	"judgement": "sick"
  	  	},
  	  	{
  	  	  	"press": true,
  	  	  	"dir": 2,
  	  	  	"time": 81750.6666666674,
  	  	  	"judgement": "sick"
  	  	},
  	  	{
  	  	  	"press": false,
  	  	  	"dir": 1,
  	  	  	"time": 81750.6666666674,
  	  	  	"judgement": null
  	  	},
  	  	{
  	  	  	"press": false,
  	  	  	"dir": 2,
  	  	  	"time": 81900.6666666674,
  	  	  	"judgement": null
  	  	},
  	  	{
  	  	  	"press": true,
  	  	  	"dir": 0,
  	  	  	"time": 81950.6666666674,
  	  	  	"judgement": "sick"
  	  	},
  	  	{
  	  	  	"press": true,
  	  	  	"dir": 1,
  	  	  	"time": 82150.6666666675,
  	  	  	"judgement": "sick"
  	  	},
  	  	{
  	  	  	"press": false,
  	  	  	"dir": 0,
  	  	  	"time": 82184.0000000008,
  	  	  	"judgement": null
  	  	},
  	  	{
  	  	  	"press": false,
  	  	  	"dir": 1,
  	  	  	"time": 84017.3333333347,
  	  	  	"judgement": null
  	  	},
  	  	{
  	  	  	"press": true,
  	  	  	"dir": 3,
  	  	  	"time": 85800.6666666685,
  	  	  	"judgement": "sick"
  	  	},
  	  	{
  	  	  	"press": false,
  	  	  	"dir": 3,
  	  	  	"time": 86184.000000002,
  	  	  	"judgement": null
  	  	},
  	  	{
  	  	  	"press": true,
  	  	  	"dir": 1,
  	  	  	"time": 86217.3333333353,
  	  	  	"judgement": "sick"
  	  	},
  	  	{
  	  	  	"press": true,
  	  	  	"dir": 0,
  	  	  	"time": 86267.3333333354,
  	  	  	"judgement": "sick"
  	  	},
  	  	{
  	  	  	"press": false,
  	  	  	"dir": 1,
  	  	  	"time": 86317.3333333354,
  	  	  	"judgement": null
  	  	},
  	  	{
  	  	  	"press": true,
  	  	  	"dir": 3,
  	  	  	"time": 86900.6666666689,
  	  	  	"judgement": "sick"
  	  	},
  	  	{
  	  	  	"press": false,
  	  	  	"dir": 0,
  	  	  	"time": 86934.0000000022,
  	  	  	"judgement": null
  	  	},
  	  	{
  	  	  	"press": false,
  	  	  	"dir": 3,
  	  	  	"time": 87050.6666666689,
  	  	  	"judgement": null
  	  	},
  	  	{
  	  	  	"press": true,
  	  	  	"dir": 0,
  	  	  	"time": 87084.0000000023,
  	  	  	"judgement": "sick"
  	  	},
  	  	{
  	  	  	"press": true,
  	  	  	"dir": 1,
  	  	  	"time": 87317.3333333357,
  	  	  	"judgement": "sick"
  	  	},
  	  	{
  	  	  	"press": false,
  	  	  	"dir": 0,
  	  	  	"time": 87350.666666669,
  	  	  	"judgement": null
  	  	},
  	  	{
  	  	  	"press": false,
  	  	  	"dir": 1,
  	  	  	"time": 87800.6666666691,
  	  	  	"judgement": null
  	  	},
  	  	{
  	  	  	"press": true,
  	  	  	"dir": 3,
  	  	  	"time": 87950.6666666692,
  	  	  	"judgement": "sick"
  	  	},
  	  	{
  	  	  	"press": true,
  	  	  	"dir": 1,
  	  	  	"time": 88167.3333333359,
  	  	  	"judgement": "sick"
  	  	},
  	  	{
  	  	  	"press": true,
  	  	  	"dir": 2,
  	  	  	"time": 88817.3333333361,
  	  	  	"judgement": "sick"
  	  	},
  	  	{
  	  	  	"press": false,
  	  	  	"dir": 1,
  	  	  	"time": 88884.0000000028,
  	  	  	"judgement": null
  	  	},
  	  	{
  	  	  	"press": false,
  	  	  	"dir": 3,
  	  	  	"time": 88884.0000000028,
  	  	  	"judgement": null
  	  	},
  	  	{
  	  	  	"press": true,
  	  	  	"dir": 1,
  	  	  	"time": 89034.0000000028,
  	  	  	"judgement": "sick"
  	  	},
  	  	{
  	  	  	"press": false,
  	  	  	"dir": 2,
  	  	  	"time": 89034.0000000028,
  	  	  	"judgement": null
  	  	},
  	  	{
  	  	  	"press": true,
  	  	  	"dir": 3,
  	  	  	"time": 90084.0000000031,
  	  	  	"judgement": null
  	  	},
  	  	{
  	  	  	"press": true,
  	  	  	"dir": 2,
  	  	  	"time": 90100.6666666698,
  	  	  	"judgement": null
  	  	},
  	  	{
  	  	  	"press": false,
  	  	  	"dir": 2,
  	  	  	"time": 90217.3333333365,
  	  	  	"judgement": null
  	  	},
  	  	{
  	  	  	"press": false,
  	  	  	"dir": 3,
  	  	  	"time": 90267.3333333365,
  	  	  	"judgement": null
  	  	},
  	  	{
  	  	  	"press": false,
  	  	  	"dir": 1,
  	  	  	"time": 90350.6666666699,
  	  	  	"judgement": null
  	  	},
  	  	{
  	  	  	"press": true,
  	  	  	"dir": 1,
  	  	  	"time": 90434.0000000032,
  	  	  	"judgement": null
  	  	},
  	  	{
  	  	  	"press": true,
  	  	  	"dir": 0,
  	  	  	"time": 90467.3333333366,
  	  	  	"judgement": null
  	  	},
  	  	{
  	  	  	"press": false,
  	  	  	"dir": 1,
  	  	  	"time": 90550.6666666699,
  	  	  	"judgement": null
  	  	},
  	  	{
  	  	  	"press": true,
  	  	  	"dir": 3,
  	  	  	"time": 90650.66666667,
  	  	  	"judgement": null
  	  	},
  	  	{
  	  	  	"press": false,
  	  	  	"dir": 0,
  	  	  	"time": 90684.0000000033,
  	  	  	"judgement": null
  	  	},
  	  	{
  	  	  	"press": false,
  	  	  	"dir": 3,
  	  	  	"time": 90800.66666667,
  	  	  	"judgement": null
  	  	},
  	  	{
  	  	  	"press": true,
  	  	  	"dir": 1,
  	  	  	"time": 90834.0000000033,
  	  	  	"judgement": null
  	  	},
  	  	{
  	  	  	"press": true,
  	  	  	"dir": 2,
  	  	  	"time": 90984.0000000034,
  	  	  	"judgement": null
  	  	},
  	  	{
  	  	  	"press": false,
  	  	  	"dir": 1,
  	  	  	"time": 90984.0000000034,
  	  	  	"judgement": null
  	  	},
  	  	{
  	  	  	"press": true,
  	  	  	"dir": 0,
  	  	  	"time": 91034.0000000034,
  	  	  	"judgement": null
  	  	},
  	  	{
  	  	  	"press": false,
  	  	  	"dir": 2,
  	  	  	"time": 91150.6666666701,
  	  	  	"judgement": null
  	  	},
  	  	{
  	  	  	"press": false,
  	  	  	"dir": 0,
  	  	  	"time": 91267.3333333368,
  	  	  	"judgement": null
  	  	},
  	  	{
  	  	  	"press": true,
  	  	  	"dir": 3,
  	  	  	"time": 91367.3333333368,
  	  	  	"judgement": "sick"
  	  	},
  	  	{
  	  	  	"press": true,
  	  	  	"dir": 1,
  	  	  	"time": 91584.0000000036,
  	  	  	"judgement": "sick"
  	  	},
  	  	{
  	  	  	"press": true,
  	  	  	"dir": 2,
  	  	  	"time": 91834.0000000036,
  	  	  	"judgement": "sick"
  	  	},
  	  	{
  	  	  	"press": false,
  	  	  	"dir": 3,
  	  	  	"time": 91850.6666666703,
  	  	  	"judgement": null
  	  	},
  	  	{
  	  	  	"press": false,
  	  	  	"dir": 1,
  	  	  	"time": 91867.333333337,
  	  	  	"judgement": null
  	  	},
  	  	{
  	  	  	"press": true,
  	  	  	"dir": 0,
  	  	  	"time": 92017.333333337,
  	  	  	"judgement": "sick"
  	  	},
  	  	{
  	  	  	"press": false,
  	  	  	"dir": 2,
  	  	  	"time": 92067.333333337,
  	  	  	"judgement": null
  	  	},
  	  	{
  	  	  	"press": true,
  	  	  	"dir": 3,
  	  	  	"time": 92250.6666666704,
  	  	  	"judgement": "sick"
  	  	},
  	  	{
  	  	  	"press": false,
  	  	  	"dir": 0,
  	  	  	"time": 92267.3333333371,
  	  	  	"judgement": null
  	  	},
  	  	{
  	  	  	"press": true,
  	  	  	"dir": 1,
  	  	  	"time": 92417.3333333371,
  	  	  	"judgement": "sick"
  	  	},
  	  	{
  	  	  	"press": false,
  	  	  	"dir": 3,
  	  	  	"time": 92484.0000000038,
  	  	  	"judgement": null
  	  	},
  	  	{
  	  	  	"press": true,
  	  	  	"dir": 0,
  	  	  	"time": 93084.000000004,
  	  	  	"judgement": "sick"
  	  	},
  	  	{
  	  	  	"press": false,
  	  	  	"dir": 1,
  	  	  	"time": 93117.3333333373,
  	  	  	"judgement": null
  	  	},
  	  	{
  	  	  	"press": true,
  	  	  	"dir": 3,
  	  	  	"time": 93317.3333333374,
  	  	  	"judgement": "sick"
  	  	},
  	  	{
  	  	  	"press": false,
  	  	  	"dir": 0,
  	  	  	"time": 93334.0000000041,
  	  	  	"judgement": null
  	  	},
  	  	{
  	  	  	"press": true,
  	  	  	"dir": 2,
  	  	  	"time": 93417.3333333374,
  	  	  	"judgement": "sick"
  	  	},
  	  	{
  	  	  	"press": false,
  	  	  	"dir": 3,
  	  	  	"time": 93434.0000000041,
  	  	  	"judgement": null
  	  	},
  	  	{
  	  	  	"press": true,
  	  	  	"dir": 1,
  	  	  	"time": 93517.3333333375,
  	  	  	"judgement": "sick"
  	  	},
  	  	{
  	  	  	"press": false,
  	  	  	"dir": 2,
  	  	  	"time": 93517.3333333375,
  	  	  	"judgement": null
  	  	},
  	  	{
  	  	  	"press": false,
  	  	  	"dir": 1,
  	  	  	"time": 93634.0000000042,
  	  	  	"judgement": null
  	  	},
  	  	{
  	  	  	"press": true,
  	  	  	"dir": 0,
  	  	  	"time": 93750.6666666709,
  	  	  	"judgement": "sick"
  	  	},
  	  	{
  	  	  	"press": true,
  	  	  	"dir": 2,
  	  	  	"time": 93834.0000000042,
  	  	  	"judgement": "sick"
  	  	},
  	  	{
  	  	  	"press": false,
  	  	  	"dir": 0,
  	  	  	"time": 93850.6666666709,
  	  	  	"judgement": null
  	  	},
  	  	{
  	  	  	"press": false,
  	  	  	"dir": 2,
  	  	  	"time": 93917.3333333376,
  	  	  	"judgement": null
  	  	},
  	  	{
  	  	  	"press": true,
  	  	  	"dir": 1,
  	  	  	"time": 93934.0000000042,
  	  	  	"judgement": "sick"
  	  	},
  	  	{
  	  	  	"press": false,
  	  	  	"dir": 1,
  	  	  	"time": 94050.6666666709,
  	  	  	"judgement": null
  	  	},
  	  	{
  	  	  	"press": true,
  	  	  	"dir": 3,
  	  	  	"time": 94167.3333333377,
  	  	  	"judgement": "sick"
  	  	},
  	  	{
  	  	  	"press": true,
  	  	  	"dir": 1,
  	  	  	"time": 94184.0000000043,
  	  	  	"judgement": "sick"
  	  	},
  	  	{
  	  	  	"press": false,
  	  	  	"dir": 3,
  	  	  	"time": 94217.3333333377,
  	  	  	"judgement": null
  	  	},
  	  	{
  	  	  	"press": true,
  	  	  	"dir": 3,
  	  	  	"time": 94817.3333333335,
  	  	  	"judgement": "sick"
  	  	},
  	  	{
  	  	  	"press": false,
  	  	  	"dir": 1,
  	  	  	"time": 94850.6666666668,
  	  	  	"judgement": null
  	  	},
  	  	{
  	  	  	"press": false,
  	  	  	"dir": 3,
  	  	  	"time": 94867.3333333335,
  	  	  	"judgement": null
  	  	},
  	  	{
  	  	  	"press": true,
  	  	  	"dir": 3,
  	  	  	"time": 94934.0000000002,
  	  	  	"judgement": "sick"
  	  	},
  	  	{
  	  	  	"press": true,
  	  	  	"dir": 2,
  	  	  	"time": 95034.0000000002,
  	  	  	"judgement": "sick"
  	  	},
  	  	{
  	  	  	"press": false,
  	  	  	"dir": 3,
  	  	  	"time": 95067.3333333335,
  	  	  	"judgement": null
  	  	},
  	  	{
  	  	  	"press": false,
  	  	  	"dir": 2,
  	  	  	"time": 95134.0000000002,
  	  	  	"judgement": null
  	  	},
  	  	{
  	  	  	"press": true,
  	  	  	"dir": 1,
  	  	  	"time": 95234.0000000003,
  	  	  	"judgement": "sick"
  	  	},
  	  	{
  	  	  	"press": false,
  	  	  	"dir": 1,
  	  	  	"time": 95300.6666666669,
  	  	  	"judgement": null
  	  	},
  	  	{
  	  	  	"press": true,
  	  	  	"dir": 1,
  	  	  	"time": 95450.666666667,
  	  	  	"judgement": "sick"
  	  	},
  	  	{
  	  	  	"press": true,
  	  	  	"dir": 0,
  	  	  	"time": 95500.666666667,
  	  	  	"judgement": "sick"
  	  	},
  	  	{
  	  	  	"press": false,
  	  	  	"dir": 1,
  	  	  	"time": 95567.3333333337,
  	  	  	"judgement": null
  	  	},
  	  	{
  	  	  	"press": false,
  	  	  	"dir": 0,
  	  	  	"time": 95667.3333333337,
  	  	  	"judgement": null
  	  	},
  	  	{
  	  	  	"press": true,
  	  	  	"dir": 3,
  	  	  	"time": 95684.0000000004,
  	  	  	"judgement": "sick"
  	  	},
  	  	{
  	  	  	"press": true,
  	  	  	"dir": 2,
  	  	  	"time": 95784.0000000004,
  	  	  	"judgement": "sick"
  	  	},
  	  	{
  	  	  	"press": false,
  	  	  	"dir": 3,
  	  	  	"time": 95817.3333333338,
  	  	  	"judgement": null
  	  	},
  	  	{
  	  	  	"press": true,
  	  	  	"dir": 1,
  	  	  	"time": 95884.0000000005,
  	  	  	"judgement": "sick"
  	  	},
  	  	{
  	  	  	"press": false,
  	  	  	"dir": 2,
  	  	  	"time": 95884.0000000005,
  	  	  	"judgement": null
  	  	},
  	  	{
  	  	  	"press": false,
  	  	  	"dir": 1,
  	  	  	"time": 96017.3333333338,
  	  	  	"judgement": null
  	  	},
  	  	{
  	  	  	"press": true,
  	  	  	"dir": 0,
  	  	  	"time": 96300.6666666672,
  	  	  	"judgement": "sick"
  	  	},
  	  	{
  	  	  	"press": true,
  	  	  	"dir": 1,
  	  	  	"time": 96400.6666666673,
  	  	  	"judgement": "sick"
  	  	},
  	  	{
  	  	  	"press": false,
  	  	  	"dir": 0,
  	  	  	"time": 96434.0000000006,
  	  	  	"judgement": null
  	  	},
  	  	{
  	  	  	"press": true,
  	  	  	"dir": 3,
  	  	  	"time": 96517.333333334,
  	  	  	"judgement": "sick"
  	  	},
  	  	{
  	  	  	"press": false,
  	  	  	"dir": 1,
  	  	  	"time": 96517.333333334,
  	  	  	"judgement": null
  	  	},
  	  	{
  	  	  	"press": false,
  	  	  	"dir": 3,
  	  	  	"time": 96617.333333334,
  	  	  	"judgement": null
  	  	},
  	  	{
  	  	  	"press": true,
  	  	  	"dir": 0,
  	  	  	"time": 96734.0000000007,
  	  	  	"judgement": "sick"
  	  	},
  	  	{
  	  	  	"press": true,
  	  	  	"dir": 2,
  	  	  	"time": 96834.0000000007,
  	  	  	"judgement": "sick"
  	  	},
  	  	{
  	  	  	"press": false,
  	  	  	"dir": 0,
  	  	  	"time": 96834.0000000007,
  	  	  	"judgement": null
  	  	},
  	  	{
  	  	  	"press": false,
  	  	  	"dir": 2,
  	  	  	"time": 96934.0000000008,
  	  	  	"judgement": null
  	  	},
  	  	{
  	  	  	"press": true,
  	  	  	"dir": 1,
  	  	  	"time": 96950.6666666674,
  	  	  	"judgement": "sick"
  	  	},
  	  	{
  	  	  	"press": false,
  	  	  	"dir": 1,
  	  	  	"time": 97084.0000000008,
  	  	  	"judgement": null
  	  	},
  	  	{
  	  	  	"press": true,
  	  	  	"dir": 0,
  	  	  	"time": 97167.3333333342,
  	  	  	"judgement": "sick"
  	  	},
  	  	{
  	  	  	"press": true,
  	  	  	"dir": 1,
  	  	  	"time": 97234.0000000008,
  	  	  	"judgement": "sick"
  	  	},
  	  	{
  	  	  	"press": false,
  	  	  	"dir": 0,
  	  	  	"time": 97317.3333333342,
  	  	  	"judgement": null
  	  	},
  	  	{
  	  	  	"press": true,
  	  	  	"dir": 3,
  	  	  	"time": 97417.3333333342,
  	  	  	"judgement": "sick"
  	  	},
  	  	{
  	  	  	"press": false,
  	  	  	"dir": 1,
  	  	  	"time": 97417.3333333342,
  	  	  	"judgement": null
  	  	},
  	  	{
  	  	  	"press": false,
  	  	  	"dir": 3,
  	  	  	"time": 97534.0000000009,
  	  	  	"judgement": null
  	  	},
  	  	{
  	  	  	"press": true,
  	  	  	"dir": 0,
  	  	  	"time": 97600.6666666676,
  	  	  	"judgement": "sick"
  	  	},
  	  	{
  	  	  	"press": false,
  	  	  	"dir": 0,
  	  	  	"time": 97700.6666666676,
  	  	  	"judgement": null
  	  	},
  	  	{
  	  	  	"press": true,
  	  	  	"dir": 2,
  	  	  	"time": 97734.000000001,
  	  	  	"judgement": "sick"
  	  	},
  	  	{
  	  	  	"press": false,
  	  	  	"dir": 2,
  	  	  	"time": 97800.6666666677,
  	  	  	"judgement": null
  	  	},
  	  	{
  	  	  	"press": true,
  	  	  	"dir": 1,
  	  	  	"time": 97817.3333333343,
  	  	  	"judgement": "sick"
  	  	},
  	  	{
  	  	  	"press": false,
  	  	  	"dir": 1,
  	  	  	"time": 97950.6666666677,
  	  	  	"judgement": null
  	  	},
  	  	{
  	  	  	"press": true,
  	  	  	"dir": 0,
  	  	  	"time": 98034.0000000011,
  	  	  	"judgement": "sick"
  	  	},
  	  	{
  	  	  	"press": true,
  	  	  	"dir": 1,
  	  	  	"time": 98100.6666666678,
  	  	  	"judgement": "sick"
  	  	},
  	  	{
  	  	  	"press": false,
  	  	  	"dir": 0,
  	  	  	"time": 98184.0000000011,
  	  	  	"judgement": null
  	  	},
  	  	{
  	  	  	"press": false,
  	  	  	"dir": 1,
  	  	  	"time": 98250.6666666678,
  	  	  	"judgement": null
  	  	},
  	  	{
  	  	  	"press": true,
  	  	  	"dir": 3,
  	  	  	"time": 98284.0000000011,
  	  	  	"judgement": "sick"
  	  	},
  	  	{
  	  	  	"press": false,
  	  	  	"dir": 3,
  	  	  	"time": 98350.6666666678,
  	  	  	"judgement": null
  	  	},
  	  	{
  	  	  	"press": true,
  	  	  	"dir": 0,
  	  	  	"time": 98434.0000000012,
  	  	  	"judgement": "sick"
  	  	},
  	  	{
  	  	  	"press": false,
  	  	  	"dir": 0,
  	  	  	"time": 98634.0000000013,
  	  	  	"judgement": null
  	  	},
  	  	{
  	  	  	"press": true,
  	  	  	"dir": 1,
  	  	  	"time": 98684.0000000013,
  	  	  	"judgement": "sick"
  	  	},
  	  	{
  	  	  	"press": true,
  	  	  	"dir": 3,
  	  	  	"time": 98884.0000000013,
  	  	  	"judgement": "sick"
  	  	},
  	  	{
  	  	  	"press": false,
  	  	  	"dir": 1,
  	  	  	"time": 98884.0000000013,
  	  	  	"judgement": null
  	  	},
  	  	{
  	  	  	"press": false,
  	  	  	"dir": 3,
  	  	  	"time": 99000.666666668,
  	  	  	"judgement": null
  	  	},
  	  	{
  	  	  	"press": true,
  	  	  	"dir": 0,
  	  	  	"time": 99100.6666666681,
  	  	  	"judgement": "sick"
  	  	},
  	  	{
  	  	  	"press": false,
  	  	  	"dir": 0,
  	  	  	"time": 99250.6666666681,
  	  	  	"judgement": null
  	  	},
  	  	{
  	  	  	"press": true,
  	  	  	"dir": 1,
  	  	  	"time": 99317.3333333348,
  	  	  	"judgement": "sick"
  	  	},
  	  	{
  	  	  	"press": false,
  	  	  	"dir": 1,
  	  	  	"time": 99517.3333333348,
  	  	  	"judgement": null
  	  	},
  	  	{
  	  	  	"press": true,
  	  	  	"dir": 3,
  	  	  	"time": 99534.0000000015,
  	  	  	"judgement": "sick"
  	  	},
  	  	{
  	  	  	"press": false,
  	  	  	"dir": 3,
  	  	  	"time": 99667.3333333349,
  	  	  	"judgement": null
  	  	},
  	  	{
  	  	  	"press": true,
  	  	  	"dir": 0,
  	  	  	"time": 99750.6666666682,
  	  	  	"judgement": "sick"
  	  	},
  	  	{
  	  	  	"press": true,
  	  	  	"dir": 1,
  	  	  	"time": 99817.3333333349,
  	  	  	"judgement": "sick"
  	  	},
  	  	{
  	  	  	"press": false,
  	  	  	"dir": 0,
  	  	  	"time": 99884.0000000016,
  	  	  	"judgement": null
  	  	},
  	  	{
  	  	  	"press": true,
  	  	  	"dir": 3,
  	  	  	"time": 99967.333333335,
  	  	  	"judgement": "sick"
  	  	},
  	  	{
  	  	  	"press": false,
  	  	  	"dir": 1,
  	  	  	"time": 99967.333333335,
  	  	  	"judgement": null
  	  	},
  	  	{
  	  	  	"press": false,
  	  	  	"dir": 3,
  	  	  	"time": 100084.000000002,
  	  	  	"judgement": null
  	  	},
  	  	{
  	  	  	"press": true,
  	  	  	"dir": 0,
  	  	  	"time": 100184.000000002,
  	  	  	"judgement": "sick"
  	  	},
  	  	{
  	  	  	"press": false,
  	  	  	"dir": 0,
  	  	  	"time": 100267.333333335,
  	  	  	"judgement": null
  	  	},
  	  	{
  	  	  	"press": true,
  	  	  	"dir": 2,
  	  	  	"time": 100284.000000002,
  	  	  	"judgement": "sick"
  	  	},
  	  	{
  	  	  	"press": true,
  	  	  	"dir": 1,
  	  	  	"time": 100384.000000002,
  	  	  	"judgement": "sick"
  	  	},
  	  	{
  	  	  	"press": false,
  	  	  	"dir": 2,
  	  	  	"time": 100384.000000002,
  	  	  	"judgement": null
  	  	},
  	  	{
  	  	  	"press": false,
  	  	  	"dir": 1,
  	  	  	"time": 100484.000000002,
  	  	  	"judgement": null
  	  	},
  	  	{
  	  	  	"press": true,
  	  	  	"dir": 0,
  	  	  	"time": 100634.000000002,
  	  	  	"judgement": "sick"
  	  	},
  	  	{
  	  	  	"press": true,
  	  	  	"dir": 1,
  	  	  	"time": 100684.000000002,
  	  	  	"judgement": "sick"
  	  	},
  	  	{
  	  	  	"press": false,
  	  	  	"dir": 0,
  	  	  	"time": 100717.333333335,
  	  	  	"judgement": null
  	  	},
  	  	{
  	  	  	"press": false,
  	  	  	"dir": 1,
  	  	  	"time": 100817.333333335,
  	  	  	"judgement": null
  	  	},
  	  	{
  	  	  	"press": true,
  	  	  	"dir": 3,
  	  	  	"time": 100850.666666669,
  	  	  	"judgement": "sick"
  	  	},
  	  	{
  	  	  	"press": false,
  	  	  	"dir": 3,
  	  	  	"time": 100967.333333335,
  	  	  	"judgement": null
  	  	},
  	  	{
  	  	  	"press": true,
  	  	  	"dir": 0,
  	  	  	"time": 101017.333333335,
  	  	  	"judgement": "sick"
  	  	},
  	  	{
  	  	  	"press": true,
  	  	  	"dir": 1,
  	  	  	"time": 101117.333333335,
  	  	  	"judgement": "sick"
  	  	},
  	  	{
  	  	  	"press": false,
  	  	  	"dir": 0,
  	  	  	"time": 101200.666666669,
  	  	  	"judgement": null
  	  	},
  	  	{
  	  	  	"press": true,
  	  	  	"dir": 3,
  	  	  	"time": 101267.333333335,
  	  	  	"judgement": "sick"
  	  	},
  	  	{
  	  	  	"press": false,
  	  	  	"dir": 1,
  	  	  	"time": 101267.333333335,
  	  	  	"judgement": null
  	  	},
  	  	{
  	  	  	"press": true,
  	  	  	"dir": 2,
  	  	  	"time": 101334.000000002,
  	  	  	"judgement": "sick"
  	  	},
  	  	{
  	  	  	"press": false,
  	  	  	"dir": 3,
  	  	  	"time": 101367.333333335,
  	  	  	"judgement": null
  	  	},
  	  	{
  	  	  	"press": false,
  	  	  	"dir": 2,
  	  	  	"time": 101434.000000002,
  	  	  	"judgement": null
  	  	},
  	  	{
  	  	  	"press": true,
  	  	  	"dir": 0,
  	  	  	"time": 101467.333333335,
  	  	  	"judgement": "sick"
  	  	},
  	  	{
  	  	  	"press": false,
  	  	  	"dir": 0,
  	  	  	"time": 101600.666666669,
  	  	  	"judgement": null
  	  	},
  	  	{
  	  	  	"press": true,
  	  	  	"dir": 1,
  	  	  	"time": 101667.333333335,
  	  	  	"judgement": "sick"
  	  	},
  	  	{
  	  	  	"press": false,
  	  	  	"dir": 1,
  	  	  	"time": 101867.333333336,
  	  	  	"judgement": null
  	  	},
  	  	{
  	  	  	"press": true,
  	  	  	"dir": 3,
  	  	  	"time": 101884.000000002,
  	  	  	"judgement": "sick"
  	  	},
  	  	{
  	  	  	"press": false,
  	  	  	"dir": 3,
  	  	  	"time": 102034.000000002,
  	  	  	"judgement": null
  	  	},
  	  	{
  	  	  	"press": true,
  	  	  	"dir": 0,
  	  	  	"time": 102117.333333336,
  	  	  	"judgement": "sick"
  	  	},
  	  	{
  	  	  	"press": true,
  	  	  	"dir": 2,
  	  	  	"time": 102300.666666669,
  	  	  	"judgement": "sick"
  	  	},
  	  	{
  	  	  	"press": false,
  	  	  	"dir": 0,
  	  	  	"time": 102300.666666669,
  	  	  	"judgement": null
  	  	},
  	  	{
  	  	  	"press": false,
  	  	  	"dir": 2,
  	  	  	"time": 102484.000000002,
  	  	  	"judgement": null
  	  	},
  	  	{
  	  	  	"press": true,
  	  	  	"dir": 1,
  	  	  	"time": 102517.333333336,
  	  	  	"judgement": "sick"
  	  	},
  	  	{
  	  	  	"press": true,
  	  	  	"dir": 0,
  	  	  	"time": 102584.000000002,
  	  	  	"judgement": "sick"
  	  	},
  	  	{
  	  	  	"press": false,
  	  	  	"dir": 1,
  	  	  	"time": 102600.666666669,
  	  	  	"judgement": null
  	  	},
  	  	{
  	  	  	"press": true,
  	  	  	"dir": 1,
  	  	  	"time": 102750.666666669,
  	  	  	"judgement": "sick"
  	  	},
  	  	{
  	  	  	"press": false,
  	  	  	"dir": 0,
  	  	  	"time": 102784.000000002,
  	  	  	"judgement": null
  	  	},
  	  	{
  	  	  	"press": false,
  	  	  	"dir": 1,
  	  	  	"time": 103017.333333336,
  	  	  	"judgement": null
  	  	},
  	  	{
  	  	  	"press": true,
  	  	  	"dir": 3,
  	  	  	"time": 103150.666666669,
  	  	  	"judgement": "sick"
  	  	},
  	  	{
  	  	  	"press": false,
  	  	  	"dir": 3,
  	  	  	"time": 103350.666666669,
  	  	  	"judgement": null
  	  	},
  	  	{
  	  	  	"press": true,
  	  	  	"dir": 0,
  	  	  	"time": 103367.333333336,
  	  	  	"judgement": "sick"
  	  	},
  	  	{
  	  	  	"press": true,
  	  	  	"dir": 1,
  	  	  	"time": 103584.000000003,
  	  	  	"judgement": "sick"
  	  	},
  	  	{
  	  	  	"press": false,
  	  	  	"dir": 0,
  	  	  	"time": 103867.333333336,
  	  	  	"judgement": null
  	  	},
  	  	{
  	  	  	"press": true,
  	  	  	"dir": 0,
  	  	  	"time": 104017.333333336,
  	  	  	"judgement": "sick"
  	  	},
  	  	{
  	  	  	"press": false,
  	  	  	"dir": 1,
  	  	  	"time": 104034.000000003,
  	  	  	"judgement": null
  	  	},
  	  	{
  	  	  	"press": true,
  	  	  	"dir": 3,
  	  	  	"time": 104250.66666667,
  	  	  	"judgement": "sick"
  	  	},
  	  	{
  	  	  	"press": false,
  	  	  	"dir": 0,
  	  	  	"time": 104284.000000003,
  	  	  	"judgement": null
  	  	},
  	  	{
  	  	  	"press": true,
  	  	  	"dir": 1,
  	  	  	"time": 104450.66666667,
  	  	  	"judgement": "sick"
  	  	},
  	  	{
  	  	  	"press": false,
  	  	  	"dir": 3,
  	  	  	"time": 104734.000000003,
  	  	  	"judgement": null
  	  	},
  	  	{
  	  	  	"press": true,
  	  	  	"dir": 3,
  	  	  	"time": 104884.000000003,
  	  	  	"judgement": "sick"
  	  	},
  	  	{
  	  	  	"press": false,
  	  	  	"dir": 1,
  	  	  	"time": 104950.66666667,
  	  	  	"judgement": null
  	  	},
  	  	{
  	  	  	"press": true,
  	  	  	"dir": 1,
  	  	  	"time": 105117.333333336,
  	  	  	"judgement": "sick"
  	  	},
  	  	{
  	  	  	"press": false,
  	  	  	"dir": 3,
  	  	  	"time": 105150.66666667,
  	  	  	"judgement": null
  	  	},
  	  	{
  	  	  	"press": true,
  	  	  	"dir": 2,
  	  	  	"time": 105300.66666667,
  	  	  	"judgement": "sick"
  	  	},
  	  	{
  	  	  	"press": false,
  	  	  	"dir": 1,
  	  	  	"time": 105317.333333337,
  	  	  	"judgement": null
  	  	},
  	  	{
  	  	  	"press": false,
  	  	  	"dir": 2,
  	  	  	"time": 105534.000000003,
  	  	  	"judgement": null
  	  	},
  	  	{
  	  	  	"press": true,
  	  	  	"dir": 3,
  	  	  	"time": 105734.000000003,
  	  	  	"judgement": "sick"
  	  	},
  	  	{
  	  	  	"press": false,
  	  	  	"dir": 3,
  	  	  	"time": 105934.000000003,
  	  	  	"judgement": null
  	  	},
  	  	{
  	  	  	"press": true,
  	  	  	"dir": 0,
  	  	  	"time": 105950.66666667,
  	  	  	"judgement": "sick"
  	  	},
  	  	{
  	  	  	"press": true,
  	  	  	"dir": 1,
  	  	  	"time": 106150.66666667,
  	  	  	"judgement": "sick"
  	  	},
  	  	{
  	  	  	"press": true,
  	  	  	"dir": 3,
  	  	  	"time": 106584.000000004,
  	  	  	"judgement": "sick"
  	  	},
  	  	{
  	  	  	"press": false,
  	  	  	"dir": 0,
  	  	  	"time": 106600.66666667,
  	  	  	"judgement": null
  	  	},
  	  	{
  	  	  	"press": false,
  	  	  	"dir": 1,
  	  	  	"time": 106600.66666667,
  	  	  	"judgement": null
  	  	},
  	  	{
  	  	  	"press": true,
  	  	  	"dir": 1,
  	  	  	"time": 106784.000000004,
  	  	  	"judgement": "sick"
  	  	},
  	  	{
  	  	  	"press": false,
  	  	  	"dir": 3,
  	  	  	"time": 106784.000000004,
  	  	  	"judgement": null
  	  	},
  	  	{
  	  	  	"press": false,
  	  	  	"dir": 1,
  	  	  	"time": 106900.66666667,
  	  	  	"judgement": null
  	  	},
  	  	{
  	  	  	"press": true,
  	  	  	"dir": 1,
  	  	  	"time": 107017.333333337,
  	  	  	"judgement": "sick"
  	  	},
  	  	{
  	  	  	"press": false,
  	  	  	"dir": 1,
  	  	  	"time": 107167.333333337,
  	  	  	"judgement": null
  	  	},
  	  	{
  	  	  	"press": true,
  	  	  	"dir": 2,
  	  	  	"time": 107217.333333337,
  	  	  	"judgement": "sick"
  	  	},
  	  	{
  	  	  	"press": true,
  	  	  	"dir": 3,
  	  	  	"time": 107300.66666667,
  	  	  	"judgement": "sick"
  	  	},
  	  	{
  	  	  	"press": false,
  	  	  	"dir": 2,
  	  	  	"time": 107317.333333337,
  	  	  	"judgement": null
  	  	},
  	  	{
  	  	  	"press": false,
  	  	  	"dir": 3,
  	  	  	"time": 107450.66666667,
  	  	  	"judgement": null
  	  	},
  	  	{
  	  	  	"press": true,
  	  	  	"dir": 0,
  	  	  	"time": 107484.000000004,
  	  	  	"judgement": "sick"
  	  	},
  	  	{
  	  	  	"press": true,
  	  	  	"dir": 1,
  	  	  	"time": 107667.333333337,
  	  	  	"judgement": "sick"
  	  	},
  	  	{
  	  	  	"press": false,
  	  	  	"dir": 0,
  	  	  	"time": 107700.666666671,
  	  	  	"judgement": null
  	  	},
  	  	{
  	  	  	"press": true,
  	  	  	"dir": 3,
  	  	  	"time": 107900.666666671,
  	  	  	"judgement": "sick"
  	  	},
  	  	{
  	  	  	"press": true,
  	  	  	"dir": 2,
  	  	  	"time": 107917.333333337,
  	  	  	"judgement": "sick"
  	  	},
  	  	{
  	  	  	"press": false,
  	  	  	"dir": 1,
  	  	  	"time": 107917.333333337,
  	  	  	"judgement": null
  	  	},
  	  	{
  	  	  	"press": true,
  	  	  	"dir": 1,
  	  	  	"time": 108284.000000004,
  	  	  	"judgement": "sick"
  	  	},
  	  	{
  	  	  	"press": false,
  	  	  	"dir": 3,
  	  	  	"time": 108350.666666671,
  	  	  	"judgement": null
  	  	},
  	  	{
  	  	  	"press": false,
  	  	  	"dir": 2,
  	  	  	"time": 108367.333333337,
  	  	  	"judgement": null
  	  	},
  	  	{
  	  	  	"press": false,
  	  	  	"dir": 1,
  	  	  	"time": 108500.666666671,
  	  	  	"judgement": null
  	  	},
  	  	{
  	  	  	"press": true,
  	  	  	"dir": 3,
  	  	  	"time": 108534.000000004,
  	  	  	"judgement": "sick"
  	  	},
  	  	{
  	  	  	"press": true,
  	  	  	"dir": 0,
  	  	  	"time": 108717.333333338,
  	  	  	"judgement": "sick"
  	  	},
  	  	{
  	  	  	"press": false,
  	  	  	"dir": 3,
  	  	  	"time": 108717.333333338,
  	  	  	"judgement": null
  	  	},
  	  	{
  	  	  	"press": true,
  	  	  	"dir": 1,
  	  	  	"time": 108934.000000004,
  	  	  	"judgement": "sick"
  	  	},
  	  	{
  	  	  	"press": false,
  	  	  	"dir": 0,
  	  	  	"time": 108950.666666671,
  	  	  	"judgement": null
  	  	},
  	  	{
  	  	  	"press": true,
  	  	  	"dir": 3,
  	  	  	"time": 108984.000000004,
  	  	  	"judgement": "sick"
  	  	},
  	  	{
  	  	  	"press": false,
  	  	  	"dir": 1,
  	  	  	"time": 109067.333333338,
  	  	  	"judgement": null
  	  	},
  	  	{
  	  	  	"press": false,
  	  	  	"dir": 3,
  	  	  	"time": 109117.333333338,
  	  	  	"judgement": null
  	  	},
  	  	{
  	  	  	"press": true,
  	  	  	"dir": 2,
  	  	  	"time": 109167.333333338,
  	  	  	"judgement": "sick"
  	  	},
  	  	{
  	  	  	"press": false,
  	  	  	"dir": 2,
  	  	  	"time": 109367.333333338,
  	  	  	"judgement": null
  	  	},
  	  	{
  	  	  	"press": true,
  	  	  	"dir": 1,
  	  	  	"time": 109433,
  	  	  	"judgement": "good"
  	  	},
  	  	{
  	  	  	"press": true,
  	  	  	"dir": 3,
  	  	  	"time": 109649.666666667,
  	  	  	"judgement": "good"
  	  	},
  	  	{
  	  	  	"press": false,
  	  	  	"dir": 1,
  	  	  	"time": 109649.666666667,
  	  	  	"judgement": null
  	  	},
  	  	{
  	  	  	"press": false,
  	  	  	"dir": 3,
  	  	  	"time": 109749.666666667,
  	  	  	"judgement": null
  	  	},
  	  	{
  	  	  	"press": true,
  	  	  	"dir": 1,
  	  	  	"time": 109833,
  	  	  	"judgement": "sick"
  	  	},
  	  	{
  	  	  	"press": true,
  	  	  	"dir": 0,
  	  	  	"time": 109916.333333333,
  	  	  	"judgement": "sick"
  	  	},
  	  	{
  	  	  	"press": false,
  	  	  	"dir": 1,
  	  	  	"time": 109949.666666667,
  	  	  	"judgement": null
  	  	},
  	  	{
  	  	  	"press": true,
  	  	  	"dir": 3,
  	  	  	"time": 110033,
  	  	  	"judgement": "sick"
  	  	},
  	  	{
  	  	  	"press": false,
  	  	  	"dir": 0,
  	  	  	"time": 110099.666666667,
  	  	  	"judgement": null
  	  	},
  	  	{
  	  	  	"press": false,
  	  	  	"dir": 3,
  	  	  	"time": 110149.666666667,
  	  	  	"judgement": null
  	  	},
  	  	{
  	  	  	"press": true,
  	  	  	"dir": 2,
  	  	  	"time": 110216.333333334,
  	  	  	"judgement": "sick"
  	  	},
  	  	{
  	  	  	"press": false,
  	  	  	"dir": 2,
  	  	  	"time": 110333,
  	  	  	"judgement": null
  	  	},
  	  	{
  	  	  	"press": true,
  	  	  	"dir": 3,
  	  	  	"time": 110499.666666667,
  	  	  	"judgement": "sick"
  	  	},
  	  	{
  	  	  	"press": false,
  	  	  	"dir": 3,
  	  	  	"time": 110549.666666667,
  	  	  	"judgement": null
  	  	},
  	  	{
  	  	  	"press": true,
  	  	  	"dir": 3,
  	  	  	"time": 110683,
  	  	  	"judgement": "sick"
  	  	},
  	  	{
  	  	  	"press": false,
  	  	  	"dir": 3,
  	  	  	"time": 110783,
  	  	  	"judgement": null
  	  	},
  	  	{
  	  	  	"press": true,
  	  	  	"dir": 1,
  	  	  	"time": 110883,
  	  	  	"judgement": "sick"
  	  	},
  	  	{
  	  	  	"press": false,
  	  	  	"dir": 1,
  	  	  	"time": 110983,
  	  	  	"judgement": null
  	  	},
  	  	{
  	  	  	"press": true,
  	  	  	"dir": 0,
  	  	  	"time": 111099.666666667,
  	  	  	"judgement": "sick"
  	  	},
  	  	{
  	  	  	"press": true,
  	  	  	"dir": 3,
  	  	  	"time": 111116.333333334,
  	  	  	"judgement": "sick"
  	  	},
  	  	{
  	  	  	"press": false,
  	  	  	"dir": 3,
  	  	  	"time": 111199.666666667,
  	  	  	"judgement": null
  	  	},
  	  	{
  	  	  	"press": false,
  	  	  	"dir": 0,
  	  	  	"time": 111233.000000001,
  	  	  	"judgement": null
  	  	},
  	  	{
  	  	  	"press": true,
  	  	  	"dir": 1,
  	  	  	"time": 111333.000000001,
  	  	  	"judgement": "sick"
  	  	},
  	  	{
  	  	  	"press": false,
  	  	  	"dir": 1,
  	  	  	"time": 111466.333333334,
  	  	  	"judgement": null
  	  	},
  	  	{
  	  	  	"press": true,
  	  	  	"dir": 2,
  	  	  	"time": 111549.666666667,
  	  	  	"judgement": "sick"
  	  	},
  	  	{
  	  	  	"press": false,
  	  	  	"dir": 2,
  	  	  	"time": 111633.000000001,
  	  	  	"judgement": null
  	  	},
  	  	{
  	  	  	"press": true,
  	  	  	"dir": 3,
  	  	  	"time": 111766.333333334,
  	  	  	"judgement": "sick"
  	  	},
  	  	{
  	  	  	"press": false,
  	  	  	"dir": 3,
  	  	  	"time": 111833.000000001,
  	  	  	"judgement": null
  	  	},
  	  	{
  	  	  	"press": true,
  	  	  	"dir": 2,
  	  	  	"time": 111966.333333334,
  	  	  	"judgement": "sick"
  	  	},
  	  	{
  	  	  	"press": false,
  	  	  	"dir": 2,
  	  	  	"time": 112049.666666667,
  	  	  	"judgement": null
  	  	},
  	  	{
  	  	  	"press": true,
  	  	  	"dir": 3,
  	  	  	"time": 112166.333333334,
  	  	  	"judgement": "sick"
  	  	},
  	  	{
  	  	  	"press": false,
  	  	  	"dir": 3,
  	  	  	"time": 112266.333333334,
  	  	  	"judgement": null
  	  	},
  	  	{
  	  	  	"press": true,
  	  	  	"dir": 0,
  	  	  	"time": 112383.000000001,
  	  	  	"judgement": "sick"
  	  	},
  	  	{
  	  	  	"press": false,
  	  	  	"dir": 0,
  	  	  	"time": 112449.666666668,
  	  	  	"judgement": null
  	  	},
  	  	{
  	  	  	"press": true,
  	  	  	"dir": 1,
  	  	  	"time": 112583.000000001,
  	  	  	"judgement": "sick"
  	  	},
  	  	{
  	  	  	"press": false,
  	  	  	"dir": 1,
  	  	  	"time": 112683.000000001,
  	  	  	"judgement": null
  	  	},
  	  	{
  	  	  	"press": true,
  	  	  	"dir": 0,
  	  	  	"time": 112799.666666668,
  	  	  	"judgement": "sick"
  	  	},
  	  	{
  	  	  	"press": false,
  	  	  	"dir": 0,
  	  	  	"time": 112883.000000001,
  	  	  	"judgement": null
  	  	},
  	  	{
  	  	  	"press": true,
  	  	  	"dir": 1,
  	  	  	"time": 113033.000000001,
  	  	  	"judgement": "sick"
  	  	},
  	  	{
  	  	  	"press": false,
  	  	  	"dir": 1,
  	  	  	"time": 113149.666666668,
  	  	  	"judgement": null
  	  	},
  	  	{
  	  	  	"press": true,
  	  	  	"dir": 3,
  	  	  	"time": 113233.000000001,
  	  	  	"judgement": "sick"
  	  	},
  	  	{
  	  	  	"press": false,
  	  	  	"dir": 3,
  	  	  	"time": 113333.000000001,
  	  	  	"judgement": null
  	  	},
  	  	{
  	  	  	"press": true,
  	  	  	"dir": 0,
  	  	  	"time": 113449.666666668,
  	  	  	"judgement": "sick"
  	  	},
  	  	{
  	  	  	"press": false,
  	  	  	"dir": 0,
  	  	  	"time": 113566.333333335,
  	  	  	"judgement": null
  	  	},
  	  	{
  	  	  	"press": true,
  	  	  	"dir": 2,
  	  	  	"time": 113649.666666668,
  	  	  	"judgement": "sick"
  	  	},
  	  	{
  	  	  	"press": false,
  	  	  	"dir": 2,
  	  	  	"time": 113749.666666668,
  	  	  	"judgement": null
  	  	},
  	  	{
  	  	  	"press": true,
  	  	  	"dir": 3,
  	  	  	"time": 113899.666666668,
  	  	  	"judgement": "sick"
  	  	},
  	  	{
  	  	  	"press": false,
  	  	  	"dir": 3,
  	  	  	"time": 113983.000000001,
  	  	  	"judgement": null
  	  	},
  	  	{
  	  	  	"press": true,
  	  	  	"dir": 0,
  	  	  	"time": 114133.000000001,
  	  	  	"judgement": "sick"
  	  	},
  	  	{
  	  	  	"press": false,
  	  	  	"dir": 0,
  	  	  	"time": 114283.000000001,
  	  	  	"judgement": null
  	  	},
  	  	{
  	  	  	"press": true,
  	  	  	"dir": 2,
  	  	  	"time": 114299.666666668,
  	  	  	"judgement": "sick"
  	  	},
  	  	{
  	  	  	"press": false,
  	  	  	"dir": 2,
  	  	  	"time": 114483.000000001,
  	  	  	"judgement": null
  	  	},
  	  	{
  	  	  	"press": true,
  	  	  	"dir": 0,
  	  	  	"time": 114516.333333335,
  	  	  	"judgement": "sick"
  	  	},
  	  	{
  	  	  	"press": true,
  	  	  	"dir": 1,
  	  	  	"time": 114716.333333335,
  	  	  	"judgement": "sick"
  	  	},
  	  	{
  	  	  	"press": false,
  	  	  	"dir": 0,
  	  	  	"time": 114783.000000002,
  	  	  	"judgement": null
  	  	},
  	  	{
  	  	  	"press": true,
  	  	  	"dir": 3,
  	  	  	"time": 114933.000000002,
  	  	  	"judgement": "sick"
  	  	},
  	  	{
  	  	  	"press": false,
  	  	  	"dir": 1,
  	  	  	"time": 114933.000000002,
  	  	  	"judgement": null
  	  	},
  	  	{
  	  	  	"press": false,
  	  	  	"dir": 3,
  	  	  	"time": 115083.000000002,
  	  	  	"judgement": null
  	  	},
  	  	{
  	  	  	"press": true,
  	  	  	"dir": 3,
  	  	  	"time": 115183.000000002,
  	  	  	"judgement": "sick"
  	  	},
  	  	{
  	  	  	"press": false,
  	  	  	"dir": 3,
  	  	  	"time": 115366.333333335,
  	  	  	"judgement": null
  	  	},
  	  	{
  	  	  	"press": true,
  	  	  	"dir": 2,
  	  	  	"time": 115399.666666668,
  	  	  	"judgement": "sick"
  	  	},
  	  	{
  	  	  	"press": false,
  	  	  	"dir": 2,
  	  	  	"time": 115533.000000002,
  	  	  	"judgement": null
  	  	},
  	  	{
  	  	  	"press": true,
  	  	  	"dir": 3,
  	  	  	"time": 115566.333333335,
  	  	  	"judgement": "sick"
  	  	},
  	  	{
  	  	  	"press": true,
  	  	  	"dir": 1,
  	  	  	"time": 115783.000000002,
  	  	  	"judgement": "sick"
  	  	},
  	  	{
  	  	  	"press": false,
  	  	  	"dir": 3,
  	  	  	"time": 115916.333333335,
  	  	  	"judgement": null
  	  	},
  	  	{
  	  	  	"press": true,
  	  	  	"dir": 0,
  	  	  	"time": 116016.333333335,
  	  	  	"judgement": "sick"
  	  	},
  	  	{
  	  	  	"press": false,
  	  	  	"dir": 1,
  	  	  	"time": 116033.000000002,
  	  	  	"judgement": null
  	  	},
  	  	{
  	  	  	"press": true,
  	  	  	"dir": 3,
  	  	  	"time": 116233.000000002,
  	  	  	"judgement": "sick"
  	  	},
  	  	{
  	  	  	"press": false,
  	  	  	"dir": 0,
  	  	  	"time": 116266.333333335,
  	  	  	"judgement": null
  	  	},
  	  	{
  	  	  	"press": true,
  	  	  	"dir": 1,
  	  	  	"time": 116449.666666669,
  	  	  	"judgement": "sick"
  	  	},
  	  	{
  	  	  	"press": false,
  	  	  	"dir": 3,
  	  	  	"time": 116449.666666669,
  	  	  	"judgement": null
  	  	},
  	  	{
  	  	  	"press": false,
  	  	  	"dir": 1,
  	  	  	"time": 116633.000000002,
  	  	  	"judgement": null
  	  	},
  	  	{
  	  	  	"press": true,
  	  	  	"dir": 0,
  	  	  	"time": 116649.666666669,
  	  	  	"judgement": "sick"
  	  	},
  	  	{
  	  	  	"press": true,
  	  	  	"dir": 3,
  	  	  	"time": 116899.666666669,
  	  	  	"judgement": "sick"
  	  	},
  	  	{
  	  	  	"press": false,
  	  	  	"dir": 0,
  	  	  	"time": 116933.000000002,
  	  	  	"judgement": null
  	  	},
  	  	{
  	  	  	"press": true,
  	  	  	"dir": 1,
  	  	  	"time": 117066.333333336,
  	  	  	"judgement": "sick"
  	  	},
  	  	{
  	  	  	"press": false,
  	  	  	"dir": 3,
  	  	  	"time": 117066.333333336,
  	  	  	"judgement": null
  	  	},
  	  	{
  	  	  	"press": true,
  	  	  	"dir": 3,
  	  	  	"time": 117316.333333336,
  	  	  	"judgement": "sick"
  	  	},
  	  	{
  	  	  	"press": false,
  	  	  	"dir": 1,
  	  	  	"time": 117316.333333336,
  	  	  	"judgement": null
  	  	},
  	  	{
  	  	  	"press": true,
  	  	  	"dir": 1,
  	  	  	"time": 117516.333333336,
  	  	  	"judgement": "sick"
  	  	},
  	  	{
  	  	  	"press": false,
  	  	  	"dir": 3,
  	  	  	"time": 117516.333333336,
  	  	  	"judgement": null
  	  	},
  	  	{
  	  	  	"press": true,
  	  	  	"dir": 0,
  	  	  	"time": 117716.333333336,
  	  	  	"judgement": "sick"
  	  	},
  	  	{
  	  	  	"press": false,
  	  	  	"dir": 1,
  	  	  	"time": 117716.333333336,
  	  	  	"judgement": null
  	  	},
  	  	{
  	  	  	"press": true,
  	  	  	"dir": 1,
  	  	  	"time": 117933.000000002,
  	  	  	"judgement": "sick"
  	  	},
  	  	{
  	  	  	"press": false,
  	  	  	"dir": 0,
  	  	  	"time": 117966.333333336,
  	  	  	"judgement": null
  	  	},
  	  	{
  	  	  	"press": true,
  	  	  	"dir": 3,
  	  	  	"time": 118166.333333336,
  	  	  	"judgement": "sick"
  	  	},
  	  	{
  	  	  	"press": false,
  	  	  	"dir": 1,
  	  	  	"time": 118183.000000003,
  	  	  	"judgement": null
  	  	},
  	  	{
  	  	  	"press": false,
  	  	  	"dir": 3,
  	  	  	"time": 118316.333333336,
  	  	  	"judgement": null
  	  	},
  	  	{
  	  	  	"press": true,
  	  	  	"dir": 0,
  	  	  	"time": 118366.333333336,
  	  	  	"judgement": "sick"
  	  	},
  	  	{
  	  	  	"press": true,
  	  	  	"dir": 1,
  	  	  	"time": 118433.000000003,
  	  	  	"judgement": "sick"
  	  	},
  	  	{
  	  	  	"press": false,
  	  	  	"dir": 0,
  	  	  	"time": 118499.666666669,
  	  	  	"judgement": null
  	  	},
  	  	{
  	  	  	"press": true,
  	  	  	"dir": 3,
  	  	  	"time": 118583.000000003,
  	  	  	"judgement": "sick"
  	  	},
  	  	{
  	  	  	"press": false,
  	  	  	"dir": 1,
  	  	  	"time": 118599.666666669,
  	  	  	"judgement": null
  	  	},
  	  	{
  	  	  	"press": false,
  	  	  	"dir": 3,
  	  	  	"time": 118733.000000003,
  	  	  	"judgement": null
  	  	},
  	  	{
  	  	  	"press": true,
  	  	  	"dir": 1,
  	  	  	"time": 118816.333333336,
  	  	  	"judgement": "sick"
  	  	},
  	  	{
  	  	  	"press": true,
  	  	  	"dir": 2,
  	  	  	"time": 119033.000000003,
  	  	  	"judgement": "sick"
  	  	},
  	  	{
  	  	  	"press": false,
  	  	  	"dir": 1,
  	  	  	"time": 119033.000000003,
  	  	  	"judgement": null
  	  	},
  	  	{
  	  	  	"press": false,
  	  	  	"dir": 2,
  	  	  	"time": 119183.000000003,
  	  	  	"judgement": null
  	  	},
  	  	{
  	  	  	"press": true,
  	  	  	"dir": 0,
  	  	  	"time": 119233.000000003,
  	  	  	"judgement": null
  	  	},
  	  	{
  	  	  	"press": true,
  	  	  	"dir": 3,
  	  	  	"time": 119266.333333336,
  	  	  	"judgement": "sick"
  	  	},
  	  	{
  	  	  	"press": true,
  	  	  	"dir": 1,
  	  	  	"time": 119299.66666667,
  	  	  	"judgement": "good"
  	  	},
  	  	{
  	  	  	"press": false,
  	  	  	"dir": 0,
  	  	  	"time": 119316.333333336,
  	  	  	"judgement": null
  	  	},
  	  	{
  	  	  	"press": false,
  	  	  	"dir": 3,
  	  	  	"time": 119383.000000003,
  	  	  	"judgement": null
  	  	},
  	  	{
  	  	  	"press": false,
  	  	  	"dir": 1,
  	  	  	"time": 119449.66666667,
  	  	  	"judgement": null
  	  	},
  	  	{
  	  	  	"press": true,
  	  	  	"dir": 0,
  	  	  	"time": 119483.000000003,
  	  	  	"judgement": "sick"
  	  	},
  	  	{
  	  	  	"press": false,
  	  	  	"dir": 0,
  	  	  	"time": 119666.333333336,
  	  	  	"judgement": null
  	  	},
  	  	{
  	  	  	"press": true,
  	  	  	"dir": 3,
  	  	  	"time": 119699.66666667,
  	  	  	"judgement": "sick"
  	  	},
  	  	{
  	  	  	"press": false,
  	  	  	"dir": 3,
  	  	  	"time": 119799.66666667,
  	  	  	"judgement": null
  	  	},
  	  	{
  	  	  	"press": true,
  	  	  	"dir": 1,
  	  	  	"time": 119883.000000003,
  	  	  	"judgement": "sick"
  	  	},
  	  	{
  	  	  	"press": true,
  	  	  	"dir": 3,
  	  	  	"time": 121566.333333337,
  	  	  	"judgement": "sick"
  	  	},
  	  	{
  	  	  	"press": false,
  	  	  	"dir": 1,
  	  	  	"time": 121566.333333337,
  	  	  	"judgement": null
  	  	},
  	  	{
  	  	  	"press": false,
  	  	  	"dir": 3,
  	  	  	"time": 121649.66666667,
  	  	  	"judgement": null
  	  	},
  	  	{
  	  	  	"press": true,
  	  	  	"dir": 1,
  	  	  	"time": 121733.000000004,
  	  	  	"judgement": "sick"
  	  	},
  	  	{
  	  	  	"press": false,
  	  	  	"dir": 1,
  	  	  	"time": 121833.000000004,
  	  	  	"judgement": null
  	  	},
  	  	{
  	  	  	"press": true,
  	  	  	"dir": 0,
  	  	  	"time": 121949.66666667,
  	  	  	"judgement": "sick"
  	  	},
  	  	{
  	  	  	"press": false,
  	  	  	"dir": 0,
  	  	  	"time": 122033.000000004,
  	  	  	"judgement": null
  	  	},
  	  	{
  	  	  	"press": true,
  	  	  	"dir": 1,
  	  	  	"time": 122133.000000004,
  	  	  	"judgement": "sick"
  	  	},
  	  	{
  	  	  	"press": false,
  	  	  	"dir": 1,
  	  	  	"time": 125199.666666671,
  	  	  	"judgement": null
  	  	}
  	],
  	"mix": "bf",
  	"replayCode": 1784929104629,
  	"displayName": "(BF) eggnog on ERECT",
  	"difficulty": "erect",
  	"song": "eggnog"
}