{
  	"inputs": [
  	  	{
  	  	  	"press": false,
  	  	  	"dir": 0,
  	  	  	"time": -1483.33333333333,
  	  	  	"judgement": null
  	  	},
  	  	{
  	  	  	"press": false,
  	  	  	"dir": 1,
  	  	  	"time": -1483.33333333333,
  	  	  	"judgement": null
  	  	},
  	  	{
  	  	  	"press": false,
  	  	  	"dir": 3,
  	  	  	"time": -1483.33333333333,
  	  	  	"judgement": null
  	  	},
  	  	{
  	  	  	"press": true,
  	  	  	"dir": 3,
  	  	  	"time": -1466.66666666667,
  	  	  	"judgement": null
  	  	},
  	  	{
  	  	  	"press": false,
  	  	  	"dir": 0,
  	  	  	"time": -1466.66666666667,
  	  	  	"judgement": null
  	  	},
  	  	{
  	  	  	"press": false,
  	  	  	"dir": 3,
  	  	  	"time": -1333.33333333333,
  	  	  	"judgement": null
  	  	},
  	  	{
  	  	  	"press": true,
  	  	  	"dir": 2,
  	  	  	"time": -1300,
  	  	  	"judgement": null
  	  	},
  	  	{
  	  	  	"press": false,
  	  	  	"dir": 2,
  	  	  	"time": -1183.33333333333,
  	  	  	"judgement": null
  	  	},
  	  	{
  	  	  	"press": true,
  	  	  	"dir": 1,
  	  	  	"time": -1166.66666666667,
  	  	  	"judgement": null
  	  	},
  	  	{
  	  	  	"press": true,
  	  	  	"dir": 0,
  	  	  	"time": -1033.33333333333,
  	  	  	"judgement": null
  	  	},
  	  	{
  	  	  	"press": false,
  	  	  	"dir": 1,
  	  	  	"time": -999.999999999998,
  	  	  	"judgement": null
  	  	},
  	  	{
  	  	  	"press": true,
  	  	  	"dir": 3,
  	  	  	"time": -949.999999999998,
  	  	  	"judgement": null
  	  	},
  	  	{
  	  	  	"press": true,
  	  	  	"dir": 2,
  	  	  	"time": -799.999999999998,
  	  	  	"judgement": null
  	  	},
  	  	{
  	  	  	"press": false,
  	  	  	"dir": 0,
  	  	  	"time": -783.333333333332,
  	  	  	"judgement": null
  	  	},
  	  	{
  	  	  	"press": false,
  	  	  	"dir": 3,
  	  	  	"time": -766.666666666665,
  	  	  	"judgement": null
  	  	},
  	  	{
  	  	  	"press": true,
  	  	  	"dir": 1,
  	  	  	"time": -699.999999999999,
  	  	  	"judgement": null
  	  	},
  	  	{
  	  	  	"press": false,
  	  	  	"dir": 2,
  	  	  	"time": -666.666666666665,
  	  	  	"judgement": null
  	  	},
  	  	{
  	  	  	"press": false,
  	  	  	"dir": 1,
  	  	  	"time": -533.333333333332,
  	  	  	"judgement": null
  	  	},
  	  	{
  	  	  	"press": true,
  	  	  	"dir": 0,
  	  	  	"time": -516.666666666666,
  	  	  	"judgement": null
  	  	},
  	  	{
  	  	  	"press": true,
  	  	  	"dir": 3,
  	  	  	"time": -416.666666666666,
  	  	  	"judgement": null
  	  	},
  	  	{
  	  	  	"press": true,
  	  	  	"dir": 2,
  	  	  	"time": -349.999999999999,
  	  	  	"judgement": null
  	  	},
  	  	{
  	  	  	"press": false,
  	  	  	"dir": 0,
  	  	  	"time": -299.999999999999,
  	  	  	"judgement": null
  	  	},
  	  	{
  	  	  	"press": false,
  	  	  	"dir": 2,
  	  	  	"time": -283.333333333332,
  	  	  	"judgement": null
  	  	},
  	  	{
  	  	  	"press": false,
  	  	  	"dir": 3,
  	  	  	"time": -283.333333333332,
  	  	  	"judgement": null
  	  	},
  	  	{
  	  	  	"press": true,
  	  	  	"dir": 0,
  	  	  	"time": 2485.66666666667,
  	  	  	"judgement": "sick"
  	  	},
  	  	{
  	  	  	"press": true,
  	  	  	"dir": 1,
  	  	  	"time": 2552.33333333333,
  	  	  	"judgement": "sick"
  	  	},
  	  	{
  	  	  	"press": false,
  	  	  	"dir": 0,
  	  	  	"time": 2602.33333333333,
  	  	  	"judgement": null
  	  	},
  	  	{
  	  	  	"press": true,
  	  	  	"dir": 3,
  	  	  	"time": 2635.66666666667,
  	  	  	"judgement": "sick"
  	  	},
  	  	{
  	  	  	"press": false,
  	  	  	"dir": 1,
  	  	  	"time": 2652.33333333333,
  	  	  	"judgement": null
  	  	},
  	  	{
  	  	  	"press": true,
  	  	  	"dir": 2,
  	  	  	"time": 2702.33333333333,
  	  	  	"judgement": "sick"
  	  	},
  	  	{
  	  	  	"press": false,
  	  	  	"dir": 3,
  	  	  	"time": 2735.66666666666,
  	  	  	"judgement": null
  	  	},
  	  	{
  	  	  	"press": true,
  	  	  	"dir": 0,
  	  	  	"time": 2769,
  	  	  	"judgement": "sick"
  	  	},
  	  	{
  	  	  	"press": false,
  	  	  	"dir": 2,
  	  	  	"time": 2802.33333333333,
  	  	  	"judgement": null
  	  	},
  	  	{
  	  	  	"press": true,
  	  	  	"dir": 1,
  	  	  	"time": 2835.66666666666,
  	  	  	"judgement": "sick"
  	  	},
  	  	{
  	  	  	"press": false,
  	  	  	"dir": 0,
  	  	  	"time": 2869,
  	  	  	"judgement": null
  	  	},
  	  	{
  	  	  	"press": false,
  	  	  	"dir": 1,
  	  	  	"time": 2935.66666666666,
  	  	  	"judgement": null
  	  	},
  	  	{
  	  	  	"press": true,
  	  	  	"dir": 3,
  	  	  	"time": 2952.33333333333,
  	  	  	"judgement": "sick"
  	  	},
  	  	{
  	  	  	"press": true,
  	  	  	"dir": 2,
  	  	  	"time": 3018.99999999999,
  	  	  	"judgement": "sick"
  	  	},
  	  	{
  	  	  	"press": false,
  	  	  	"dir": 3,
  	  	  	"time": 3035.66666666666,
  	  	  	"judgement": null
  	  	},
  	  	{
  	  	  	"press": true,
  	  	  	"dir": 0,
  	  	  	"time": 3068.99999999999,
  	  	  	"judgement": "sick"
  	  	},
  	  	{
  	  	  	"press": false,
  	  	  	"dir": 2,
  	  	  	"time": 3085.66666666666,
  	  	  	"judgement": null
  	  	},
  	  	{
  	  	  	"press": true,
  	  	  	"dir": 3,
  	  	  	"time": 3168.99999999999,
  	  	  	"judgement": "sick"
  	  	},
  	  	{
  	  	  	"press": false,
  	  	  	"dir": 0,
  	  	  	"time": 3168.99999999999,
  	  	  	"judgement": null
  	  	},
  	  	{
  	  	  	"press": true,
  	  	  	"dir": 1,
  	  	  	"time": 3235.66666666666,
  	  	  	"judgement": "sick"
  	  	},
  	  	{
  	  	  	"press": false,
  	  	  	"dir": 3,
  	  	  	"time": 3235.66666666666,
  	  	  	"judgement": null
  	  	},
  	  	{
  	  	  	"press": false,
  	  	  	"dir": 1,
  	  	  	"time": 3302.33333333333,
  	  	  	"judgement": null
  	  	},
  	  	{
  	  	  	"press": true,
  	  	  	"dir": 2,
  	  	  	"time": 3335.66666666666,
  	  	  	"judgement": "sick"
  	  	},
  	  	{
  	  	  	"press": false,
  	  	  	"dir": 2,
  	  	  	"time": 3368.99999999999,
  	  	  	"judgement": null
  	  	},
  	  	{
  	  	  	"press": true,
  	  	  	"dir": 0,
  	  	  	"time": 3419,
  	  	  	"judgement": "sick"
  	  	},
  	  	{
  	  	  	"press": false,
  	  	  	"dir": 0,
  	  	  	"time": 3469,
  	  	  	"judgement": null
  	  	},
  	  	{
  	  	  	"press": true,
  	  	  	"dir": 3,
  	  	  	"time": 3502.33333333333,
  	  	  	"judgement": "sick"
  	  	},
  	  	{
  	  	  	"press": true,
  	  	  	"dir": 1,
  	  	  	"time": 3569,
  	  	  	"judgement": "sick"
  	  	},
  	  	{
  	  	  	"press": false,
  	  	  	"dir": 3,
  	  	  	"time": 3569,
  	  	  	"judgement": null
  	  	},
  	  	{
  	  	  	"press": true,
  	  	  	"dir": 0,
  	  	  	"time": 3635.66666666666,
  	  	  	"judgement": "sick"
  	  	},
  	  	{
  	  	  	"press": false,
  	  	  	"dir": 1,
  	  	  	"time": 3669,
  	  	  	"judgement": null
  	  	},
  	  	{
  	  	  	"press": false,
  	  	  	"dir": 0,
  	  	  	"time": 3719,
  	  	  	"judgement": null
  	  	},
  	  	{
  	  	  	"press": true,
  	  	  	"dir": 3,
  	  	  	"time": 3735.66666666666,
  	  	  	"judgement": "sick"
  	  	},
  	  	{
  	  	  	"press": true,
  	  	  	"dir": 1,
  	  	  	"time": 3785.66666666666,
  	  	  	"judgement": "sick"
  	  	},
  	  	{
  	  	  	"press": false,
  	  	  	"dir": 3,
  	  	  	"time": 3819,
  	  	  	"judgement": null
  	  	},
  	  	{
  	  	  	"press": true,
  	  	  	"dir": 0,
  	  	  	"time": 3869,
  	  	  	"judgement": "sick"
  	  	},
  	  	{
  	  	  	"press": false,
  	  	  	"dir": 1,
  	  	  	"time": 3885.66666666666,
  	  	  	"judgement": null
  	  	},
  	  	{
  	  	  	"press": true,
  	  	  	"dir": 2,
  	  	  	"time": 3902.33333333333,
  	  	  	"judgement": "sick"
  	  	},
  	  	{
  	  	  	"press": false,
  	  	  	"dir": 0,
  	  	  	"time": 3968.99999999999,
  	  	  	"judgement": null
  	  	},
  	  	{
  	  	  	"press": true,
  	  	  	"dir": 3,
  	  	  	"time": 3985.66666666666,
  	  	  	"judgement": "sick"
  	  	},
  	  	{
  	  	  	"press": false,
  	  	  	"dir": 2,
  	  	  	"time": 4002.33333333333,
  	  	  	"judgement": null
  	  	},
  	  	{
  	  	  	"press": true,
  	  	  	"dir": 1,
  	  	  	"time": 4068.99999999999,
  	  	  	"judgement": "sick"
  	  	},
  	  	{
  	  	  	"press": false,
  	  	  	"dir": 3,
  	  	  	"time": 4068.99999999999,
  	  	  	"judgement": null
  	  	},
  	  	{
  	  	  	"press": false,
  	  	  	"dir": 1,
  	  	  	"time": 4135.66666666666,
  	  	  	"judgement": null
  	  	},
  	  	{
  	  	  	"press": true,
  	  	  	"dir": 3,
  	  	  	"time": 4169,
  	  	  	"judgement": "sick"
  	  	},
  	  	{
  	  	  	"press": true,
  	  	  	"dir": 2,
  	  	  	"time": 4252.33333333333,
  	  	  	"judgement": "sick"
  	  	},
  	  	{
  	  	  	"press": false,
  	  	  	"dir": 3,
  	  	  	"time": 4269,
  	  	  	"judgement": null
  	  	},
  	  	{
  	  	  	"press": true,
  	  	  	"dir": 0,
  	  	  	"time": 4285.66666666666,
  	  	  	"judgement": "sick"
  	  	},
  	  	{
  	  	  	"press": false,
  	  	  	"dir": 2,
  	  	  	"time": 4319,
  	  	  	"judgement": null
  	  	},
  	  	{
  	  	  	"press": false,
  	  	  	"dir": 0,
  	  	  	"time": 4369,
  	  	  	"judgement": null
  	  	},
  	  	{
  	  	  	"press": true,
  	  	  	"dir": 3,
  	  	  	"time": 4385.66666666667,
  	  	  	"judgement": "sick"
  	  	},
  	  	{
  	  	  	"press": true,
  	  	  	"dir": 1,
  	  	  	"time": 4469,
  	  	  	"judgement": "sick"
  	  	},
  	  	{
  	  	  	"press": false,
  	  	  	"dir": 3,
  	  	  	"time": 4485.66666666667,
  	  	  	"judgement": null
  	  	},
  	  	{
  	  	  	"press": true,
  	  	  	"dir": 0,
  	  	  	"time": 4502.33333333333,
  	  	  	"judgement": "sick"
  	  	},
  	  	{
  	  	  	"press": false,
  	  	  	"dir": 1,
  	  	  	"time": 4535.66666666667,
  	  	  	"judgement": null
  	  	},
  	  	{
  	  	  	"press": true,
  	  	  	"dir": 3,
  	  	  	"time": 4585.66666666667,
  	  	  	"judgement": "sick"
  	  	},
  	  	{
  	  	  	"press": false,
  	  	  	"dir": 0,
  	  	  	"time": 4619,
  	  	  	"judgement": null
  	  	},
  	  	{
  	  	  	"press": true,
  	  	  	"dir": 2,
  	  	  	"time": 4685.66666666667,
  	  	  	"judgement": "good"
  	  	},
  	  	{
  	  	  	"press": false,
  	  	  	"dir": 3,
  	  	  	"time": 4702.33333333334,
  	  	  	"judgement": null
  	  	},
  	  	{
  	  	  	"press": true,
  	  	  	"dir": 1,
  	  	  	"time": 4752.33333333334,
  	  	  	"judgement": "good"
  	  	},
  	  	{
  	  	  	"press": false,
  	  	  	"dir": 2,
  	  	  	"time": 4769.00000000001,
  	  	  	"judgement": null
  	  	},
  	  	{
  	  	  	"press": true,
  	  	  	"dir": 0,
  	  	  	"time": 4835.66666666667,
  	  	  	"judgement": "miss"
  	  	},
  	  	{
  	  	  	"press": false,
  	  	  	"dir": 1,
  	  	  	"time": 4835.66666666667,
  	  	  	"judgement": null
  	  	},
  	  	{
  	  	  	"press": false,
  	  	  	"dir": 0,
  	  	  	"time": 4919.00000000001,
  	  	  	"judgement": null
  	  	},
  	  	{
  	  	  	"press": true,
  	  	  	"dir": 3,
  	  	  	"time": 6085.66666666668,
  	  	  	"judgement": "sick"
  	  	},
  	  	{
  	  	  	"press": true,
  	  	  	"dir": 2,
  	  	  	"time": 6135.66666666668,
  	  	  	"judgement": "sick"
  	  	},
  	  	{
  	  	  	"press": false,
  	  	  	"dir": 3,
  	  	  	"time": 6202.33333333335,
  	  	  	"judgement": null
  	  	},
  	  	{
  	  	  	"press": true,
  	  	  	"dir": 0,
  	  	  	"time": 6219.00000000001,
  	  	  	"judgement": "sick"
  	  	},
  	  	{
  	  	  	"press": false,
  	  	  	"dir": 2,
  	  	  	"time": 6252.33333333335,
  	  	  	"judgement": null
  	  	},
  	  	{
  	  	  	"press": true,
  	  	  	"dir": 1,
  	  	  	"time": 6302.33333333335,
  	  	  	"judgement": "sick"
  	  	},
  	  	{
  	  	  	"press": false,
  	  	  	"dir": 0,
  	  	  	"time": 6335.66666666668,
  	  	  	"judgement": null
  	  	},
  	  	{
  	  	  	"press": true,
  	  	  	"dir": 3,
  	  	  	"time": 6402.33333333335,
  	  	  	"judgement": "sick"
  	  	},
  	  	{
  	  	  	"press": false,
  	  	  	"dir": 1,
  	  	  	"time": 6402.33333333335,
  	  	  	"judgement": null
  	  	},
  	  	{
  	  	  	"press": true,
  	  	  	"dir": 2,
  	  	  	"time": 6452.33333333335,
  	  	  	"judgement": "sick"
  	  	},
  	  	{
  	  	  	"press": false,
  	  	  	"dir": 3,
  	  	  	"time": 6502.33333333335,
  	  	  	"judgement": null
  	  	},
  	  	{
  	  	  	"press": true,
  	  	  	"dir": 0,
  	  	  	"time": 6535.66666666669,
  	  	  	"judgement": "sick"
  	  	},
  	  	{
  	  	  	"press": false,
  	  	  	"dir": 2,
  	  	  	"time": 6535.66666666669,
  	  	  	"judgement": null
  	  	},
  	  	{
  	  	  	"press": true,
  	  	  	"dir": 3,
  	  	  	"time": 6585.66666666669,
  	  	  	"judgement": "sick"
  	  	},
  	  	{
  	  	  	"press": false,
  	  	  	"dir": 0,
  	  	  	"time": 6619.00000000002,
  	  	  	"judgement": null
  	  	},
  	  	{
  	  	  	"press": true,
  	  	  	"dir": 1,
  	  	  	"time": 6669.00000000002,
  	  	  	"judgement": "sick"
  	  	},
  	  	{
  	  	  	"press": false,
  	  	  	"dir": 3,
  	  	  	"time": 6685.66666666669,
  	  	  	"judgement": null
  	  	},
  	  	{
  	  	  	"press": false,
  	  	  	"dir": 1,
  	  	  	"time": 6735.66666666669,
  	  	  	"judgement": null
  	  	},
  	  	{
  	  	  	"press": true,
  	  	  	"dir": 2,
  	  	  	"time": 6752.33333333336,
  	  	  	"judgement": "sick"
  	  	},
  	  	{
  	  	  	"press": true,
  	  	  	"dir": 0,
  	  	  	"time": 6835.66666666669,
  	  	  	"judgement": "sick"
  	  	},
  	  	{
  	  	  	"press": false,
  	  	  	"dir": 2,
  	  	  	"time": 6852.33333333336,
  	  	  	"judgement": null
  	  	},
  	  	{
  	  	  	"press": true,
  	  	  	"dir": 1,
  	  	  	"time": 6939,
  	  	  	"judgement": "sick"
  	  	},
  	  	{
  	  	  	"press": false,
  	  	  	"dir": 0,
  	  	  	"time": 6955.66666666667,
  	  	  	"judgement": null
  	  	},
  	  	{
  	  	  	"press": false,
  	  	  	"dir": 1,
  	  	  	"time": 6989,
  	  	  	"judgement": null
  	  	},
  	  	{
  	  	  	"press": true,
  	  	  	"dir": 3,
  	  	  	"time": 7005.66666666667,
  	  	  	"judgement": "sick"
  	  	},
  	  	{
  	  	  	"press": true,
  	  	  	"dir": 2,
  	  	  	"time": 7072.33333333334,
  	  	  	"judgement": "sick"
  	  	},
  	  	{
  	  	  	"press": false,
  	  	  	"dir": 3,
  	  	  	"time": 7105.66666666667,
  	  	  	"judgement": null
  	  	},
  	  	{
  	  	  	"press": false,
  	  	  	"dir": 2,
  	  	  	"time": 7155.66666666667,
  	  	  	"judgement": null
  	  	},
  	  	{
  	  	  	"press": true,
  	  	  	"dir": 0,
  	  	  	"time": 7189,
  	  	  	"judgement": "sick"
  	  	},
  	  	{
  	  	  	"press": true,
  	  	  	"dir": 1,
  	  	  	"time": 7255.66666666667,
  	  	  	"judgement": "sick"
  	  	},
  	  	{
  	  	  	"press": false,
  	  	  	"dir": 0,
  	  	  	"time": 7259,
  	  	  	"judgement": null
  	  	},
  	  	{
  	  	  	"press": false,
  	  	  	"dir": 1,
  	  	  	"time": 7292.33333333333,
  	  	  	"judgement": null
  	  	},
  	  	{
  	  	  	"press": true,
  	  	  	"dir": 3,
  	  	  	"time": 8209.00000000001,
  	  	  	"judgement": "sick"
  	  	},
  	  	{
  	  	  	"press": true,
  	  	  	"dir": 2,
  	  	  	"time": 8259.00000000001,
  	  	  	"judgement": "sick"
  	  	},
  	  	{
  	  	  	"press": true,
  	  	  	"dir": 0,
  	  	  	"time": 8309,
  	  	  	"judgement": "sick"
  	  	},
  	  	{
  	  	  	"press": false,
  	  	  	"dir": 3,
  	  	  	"time": 8309,
  	  	  	"judgement": null
  	  	},
  	  	{
  	  	  	"press": false,
  	  	  	"dir": 2,
  	  	  	"time": 8342.33333333334,
  	  	  	"judgement": null
  	  	},
  	  	{
  	  	  	"press": true,
  	  	  	"dir": 1,
  	  	  	"time": 8409,
  	  	  	"judgement": "sick"
  	  	},
  	  	{
  	  	  	"press": false,
  	  	  	"dir": 0,
  	  	  	"time": 8442.33333333333,
  	  	  	"judgement": null
  	  	},
  	  	{
  	  	  	"press": true,
  	  	  	"dir": 3,
  	  	  	"time": 8475.66666666666,
  	  	  	"judgement": "sick"
  	  	},
  	  	{
  	  	  	"press": false,
  	  	  	"dir": 1,
  	  	  	"time": 8475.66666666666,
  	  	  	"judgement": null
  	  	},
  	  	{
  	  	  	"press": true,
  	  	  	"dir": 2,
  	  	  	"time": 8542.33333333333,
  	  	  	"judgement": "sick"
  	  	},
  	  	{
  	  	  	"press": false,
  	  	  	"dir": 3,
  	  	  	"time": 8575.66666666666,
  	  	  	"judgement": null
  	  	},
  	  	{
  	  	  	"press": true,
  	  	  	"dir": 0,
  	  	  	"time": 8642.33333333332,
  	  	  	"judgement": "sick"
  	  	},
  	  	{
  	  	  	"press": false,
  	  	  	"dir": 2,
  	  	  	"time": 8642.33333333332,
  	  	  	"judgement": null
  	  	},
  	  	{
  	  	  	"press": true,
  	  	  	"dir": 1,
  	  	  	"time": 8725.66666666666,
  	  	  	"judgement": "sick"
  	  	},
  	  	{
  	  	  	"press": false,
  	  	  	"dir": 0,
  	  	  	"time": 8758.99999999999,
  	  	  	"judgement": null
  	  	},
  	  	{
  	  	  	"press": true,
  	  	  	"dir": 3,
  	  	  	"time": 8792.33333333332,
  	  	  	"judgement": "sick"
  	  	},
  	  	{
  	  	  	"press": false,
  	  	  	"dir": 1,
  	  	  	"time": 8808.99999999999,
  	  	  	"judgement": null
  	  	},
  	  	{
  	  	  	"press": true,
  	  	  	"dir": 2,
  	  	  	"time": 8842.33333333332,
  	  	  	"judgement": "sick"
  	  	},
  	  	{
  	  	  	"press": false,
  	  	  	"dir": 3,
  	  	  	"time": 8892.33333333332,
  	  	  	"judgement": null
  	  	},
  	  	{
  	  	  	"press": true,
  	  	  	"dir": 1,
  	  	  	"time": 8942.33333333331,
  	  	  	"judgement": "sick"
  	  	},
  	  	{
  	  	  	"press": false,
  	  	  	"dir": 2,
  	  	  	"time": 8958.99999999998,
  	  	  	"judgement": null
  	  	},
  	  	{
  	  	  	"press": true,
  	  	  	"dir": 0,
  	  	  	"time": 9025.66666666664,
  	  	  	"judgement": "sick"
  	  	},
  	  	{
  	  	  	"press": false,
  	  	  	"dir": 1,
  	  	  	"time": 9042.33333333331,
  	  	  	"judgement": null
  	  	},
  	  	{
  	  	  	"press": true,
  	  	  	"dir": 2,
  	  	  	"time": 9125.66666666664,
  	  	  	"judgement": "sick"
  	  	},
  	  	{
  	  	  	"press": false,
  	  	  	"dir": 0,
  	  	  	"time": 9125.66666666664,
  	  	  	"judgement": null
  	  	},
  	  	{
  	  	  	"press": true,
  	  	  	"dir": 3,
  	  	  	"time": 9192.3333333333,
  	  	  	"judgement": "sick"
  	  	},
  	  	{
  	  	  	"press": false,
  	  	  	"dir": 2,
  	  	  	"time": 9208.99999999997,
  	  	  	"judgement": null
  	  	},
  	  	{
  	  	  	"press": true,
  	  	  	"dir": 0,
  	  	  	"time": 9258.99999999997,
  	  	  	"judgement": "good"
  	  	},
  	  	{
  	  	  	"press": false,
  	  	  	"dir": 3,
  	  	  	"time": 9292.3333333333,
  	  	  	"judgement": null
  	  	},
  	  	{
  	  	  	"press": true,
  	  	  	"dir": 2,
  	  	  	"time": 9308.99999999997,
  	  	  	"judgement": "good"
  	  	},
  	  	{
  	  	  	"press": true,
  	  	  	"dir": 1,
  	  	  	"time": 9342.3333333333,
  	  	  	"judgement": "good"
  	  	},
  	  	{
  	  	  	"press": false,
  	  	  	"dir": 0,
  	  	  	"time": 9375.66666666663,
  	  	  	"judgement": null
  	  	},
  	  	{
  	  	  	"press": false,
  	  	  	"dir": 1,
  	  	  	"time": 9375.66666666663,
  	  	  	"judgement": null
  	  	},
  	  	{
  	  	  	"press": false,
  	  	  	"dir": 2,
  	  	  	"time": 9392.3333333333,
  	  	  	"judgement": null
  	  	},
  	  	{
  	  	  	"press": true,
  	  	  	"dir": 1,
  	  	  	"time": 9442.3333333333,
  	  	  	"judgement": "bad"
  	  	},
  	  	{
  	  	  	"press": true,
  	  	  	"dir": 3,
  	  	  	"time": 9508.99999999996,
  	  	  	"judgement": "sick"
  	  	},
  	  	{
  	  	  	"press": false,
  	  	  	"dir": 1,
  	  	  	"time": 9525.66666666663,
  	  	  	"judgement": null
  	  	},
  	  	{
  	  	  	"press": false,
  	  	  	"dir": 3,
  	  	  	"time": 9608.99999999996,
  	  	  	"judgement": null
  	  	},
  	  	{
  	  	  	"press": true,
  	  	  	"dir": 2,
  	  	  	"time": 9625.66666666662,
  	  	  	"judgement": "sick"
  	  	},
  	  	{
  	  	  	"press": false,
  	  	  	"dir": 2,
  	  	  	"time": 9725.66666666662,
  	  	  	"judgement": null
  	  	},
  	  	{
  	  	  	"press": true,
  	  	  	"dir": 0,
  	  	  	"time": 12058.9999999999,
  	  	  	"judgement": "sick"
  	  	},
  	  	{
  	  	  	"press": false,
  	  	  	"dir": 0,
  	  	  	"time": 12125.6666666665,
  	  	  	"judgement": null
  	  	},
  	  	{
  	  	  	"press": true,
  	  	  	"dir": 2,
  	  	  	"time": 12142.3333333332,
  	  	  	"judgement": "sick"
  	  	},
  	  	{
  	  	  	"press": false,
  	  	  	"dir": 2,
  	  	  	"time": 12192.3333333332,
  	  	  	"judgement": null
  	  	},
  	  	{
  	  	  	"press": true,
  	  	  	"dir": 1,
  	  	  	"time": 12225.6666666665,
  	  	  	"judgement": "sick"
  	  	},
  	  	{
  	  	  	"press": true,
  	  	  	"dir": 2,
  	  	  	"time": 12275.6666666665,
  	  	  	"judgement": "bad"
  	  	},
  	  	{
  	  	  	"press": true,
  	  	  	"dir": 3,
  	  	  	"time": 12342.3333333332,
  	  	  	"judgement": "sick"
  	  	},
  	  	{
  	  	  	"press": false,
  	  	  	"dir": 1,
  	  	  	"time": 12342.3333333332,
  	  	  	"judgement": null
  	  	},
  	  	{
  	  	  	"press": false,
  	  	  	"dir": 2,
  	  	  	"time": 12342.3333333332,
  	  	  	"judgement": null
  	  	},
  	  	{
  	  	  	"press": false,
  	  	  	"dir": 3,
  	  	  	"time": 12475.6666666665,
  	  	  	"judgement": null
  	  	},
  	  	{
  	  	  	"press": true,
  	  	  	"dir": 1,
  	  	  	"time": 12492.3333333332,
  	  	  	"judgement": "good"
  	  	},
  	  	{
  	  	  	"press": true,
  	  	  	"dir": 0,
  	  	  	"time": 12575.6666666665,
  	  	  	"judgement": "good"
  	  	},
  	  	{
  	  	  	"press": false,
  	  	  	"dir": 1,
  	  	  	"time": 12608.9999999998,
  	  	  	"judgement": null
  	  	},
  	  	{
  	  	  	"press": true,
  	  	  	"dir": 2,
  	  	  	"time": 12658.9999999998,
  	  	  	"judgement": "sick"
  	  	},
  	  	{
  	  	  	"press": false,
  	  	  	"dir": 0,
  	  	  	"time": 12658.9999999998,
  	  	  	"judgement": null
  	  	},
  	  	{
  	  	  	"press": true,
  	  	  	"dir": 3,
  	  	  	"time": 12692.3333333332,
  	  	  	"judgement": "good"
  	  	},
  	  	{
  	  	  	"press": false,
  	  	  	"dir": 2,
  	  	  	"time": 12708.9999999998,
  	  	  	"judgement": null
  	  	},
  	  	{
  	  	  	"press": true,
  	  	  	"dir": 2,
  	  	  	"time": 12792.3333333332,
  	  	  	"judgement": "good"
  	  	},
  	  	{
  	  	  	"press": false,
  	  	  	"dir": 3,
  	  	  	"time": 12825.6666666665,
  	  	  	"judgement": null
  	  	},
  	  	{
  	  	  	"press": true,
  	  	  	"dir": 0,
  	  	  	"time": 12908.9999999998,
  	  	  	"judgement": "sick"
  	  	},
  	  	{
  	  	  	"press": false,
  	  	  	"dir": 2,
  	  	  	"time": 12908.9999999998,
  	  	  	"judgement": null
  	  	},
  	  	{
  	  	  	"press": true,
  	  	  	"dir": 3,
  	  	  	"time": 12975.6666666665,
  	  	  	"judgement": "sick"
  	  	},
  	  	{
  	  	  	"press": false,
  	  	  	"dir": 0,
  	  	  	"time": 12975.6666666665,
  	  	  	"judgement": null
  	  	},
  	  	{
  	  	  	"press": false,
  	  	  	"dir": 3,
  	  	  	"time": 13058.9999999998,
  	  	  	"judgement": null
  	  	},
  	  	{
  	  	  	"press": true,
  	  	  	"dir": 1,
  	  	  	"time": 13075.6666666665,
  	  	  	"judgement": "sick"
  	  	},
  	  	{
  	  	  	"press": true,
  	  	  	"dir": 3,
  	  	  	"time": 13158.9999999998,
  	  	  	"judgement": "sick"
  	  	},
  	  	{
  	  	  	"press": false,
  	  	  	"dir": 1,
  	  	  	"time": 13158.9999999998,
  	  	  	"judgement": null
  	  	},
  	  	{
  	  	  	"press": false,
  	  	  	"dir": 3,
  	  	  	"time": 13208.9999999998,
  	  	  	"judgement": null
  	  	},
  	  	{
  	  	  	"press": true,
  	  	  	"dir": 0,
  	  	  	"time": 13242.3333333332,
  	  	  	"judgement": "sick"
  	  	},
  	  	{
  	  	  	"press": true,
  	  	  	"dir": 1,
  	  	  	"time": 13308.9999999998,
  	  	  	"judgement": "sick"
  	  	},
  	  	{
  	  	  	"press": false,
  	  	  	"dir": 0,
  	  	  	"time": 13342.3333333332,
  	  	  	"judgement": null
  	  	},
  	  	{
  	  	  	"press": true,
  	  	  	"dir": 2,
  	  	  	"time": 13375.6666666665,
  	  	  	"judgement": "sick"
  	  	},
  	  	{
  	  	  	"press": false,
  	  	  	"dir": 1,
  	  	  	"time": 13392.3333333332,
  	  	  	"judgement": null
  	  	},
  	  	{
  	  	  	"press": true,
  	  	  	"dir": 3,
  	  	  	"time": 13442.3333333332,
  	  	  	"judgement": "sick"
  	  	},
  	  	{
  	  	  	"press": false,
  	  	  	"dir": 2,
  	  	  	"time": 13475.6666666665,
  	  	  	"judgement": null
  	  	},
  	  	{
  	  	  	"press": true,
  	  	  	"dir": 0,
  	  	  	"time": 13525.6666666665,
  	  	  	"judgement": "sick"
  	  	},
  	  	{
  	  	  	"press": false,
  	  	  	"dir": 3,
  	  	  	"time": 13575.6666666665,
  	  	  	"judgement": null
  	  	},
  	  	{
  	  	  	"press": false,
  	  	  	"dir": 0,
  	  	  	"time": 13608.9999999998,
  	  	  	"judgement": null
  	  	},
  	  	{
  	  	  	"press": true,
  	  	  	"dir": 2,
  	  	  	"time": 13625.6666666665,
  	  	  	"judgement": "sick"
  	  	},
  	  	{
  	  	  	"press": true,
  	  	  	"dir": 3,
  	  	  	"time": 13692.3333333331,
  	  	  	"judgement": "sick"
  	  	},
  	  	{
  	  	  	"press": false,
  	  	  	"dir": 2,
  	  	  	"time": 13708.9999999998,
  	  	  	"judgement": null
  	  	},
  	  	{
  	  	  	"press": true,
  	  	  	"dir": 1,
  	  	  	"time": 13742.3333333331,
  	  	  	"judgement": "sick"
  	  	},
  	  	{
  	  	  	"press": false,
  	  	  	"dir": 3,
  	  	  	"time": 13792.3333333331,
  	  	  	"judgement": null
  	  	},
  	  	{
  	  	  	"press": true,
  	  	  	"dir": 0,
  	  	  	"time": 13825.6666666665,
  	  	  	"judgement": "sick"
  	  	},
  	  	{
  	  	  	"press": false,
  	  	  	"dir": 1,
  	  	  	"time": 13858.9999999998,
  	  	  	"judgement": null
  	  	},
  	  	{
  	  	  	"press": true,
  	  	  	"dir": 3,
  	  	  	"time": 13925.6666666665,
  	  	  	"judgement": "sick"
  	  	},
  	  	{
  	  	  	"press": false,
  	  	  	"dir": 0,
  	  	  	"time": 13925.6666666665,
  	  	  	"judgement": null
  	  	},
  	  	{
  	  	  	"press": true,
  	  	  	"dir": 2,
  	  	  	"time": 13992.3333333331,
  	  	  	"judgement": "sick"
  	  	},
  	  	{
  	  	  	"press": false,
  	  	  	"dir": 3,
  	  	  	"time": 14025.6666666665,
  	  	  	"judgement": null
  	  	},
  	  	{
  	  	  	"press": false,
  	  	  	"dir": 2,
  	  	  	"time": 14058.9999999998,
  	  	  	"judgement": null
  	  	},
  	  	{
  	  	  	"press": true,
  	  	  	"dir": 0,
  	  	  	"time": 14075.6666666665,
  	  	  	"judgement": "sick"
  	  	},
  	  	{
  	  	  	"press": true,
  	  	  	"dir": 1,
  	  	  	"time": 14125.6666666665,
  	  	  	"judgement": "sick"
  	  	},
  	  	{
  	  	  	"press": false,
  	  	  	"dir": 0,
  	  	  	"time": 14142.3333333331,
  	  	  	"judgement": null
  	  	},
  	  	{
  	  	  	"press": true,
  	  	  	"dir": 3,
  	  	  	"time": 14208.9999999998,
  	  	  	"judgement": "sick"
  	  	},
  	  	{
  	  	  	"press": false,
  	  	  	"dir": 1,
  	  	  	"time": 14208.9999999998,
  	  	  	"judgement": null
  	  	},
  	  	{
  	  	  	"press": true,
  	  	  	"dir": 0,
  	  	  	"time": 14292.3333333331,
  	  	  	"judgement": "sick"
  	  	},
  	  	{
  	  	  	"press": false,
  	  	  	"dir": 3,
  	  	  	"time": 14308.9999999998,
  	  	  	"judgement": null
  	  	},
  	  	{
  	  	  	"press": true,
  	  	  	"dir": 2,
  	  	  	"time": 14375.6666666664,
  	  	  	"judgement": "sick"
  	  	},
  	  	{
  	  	  	"press": false,
  	  	  	"dir": 0,
  	  	  	"time": 14375.6666666664,
  	  	  	"judgement": null
  	  	},
  	  	{
  	  	  	"press": true,
  	  	  	"dir": 3,
  	  	  	"time": 14425.6666666664,
  	  	  	"judgement": "sick"
  	  	},
  	  	{
  	  	  	"press": false,
  	  	  	"dir": 2,
  	  	  	"time": 14442.3333333331,
  	  	  	"judgement": null
  	  	},
  	  	{
  	  	  	"press": false,
  	  	  	"dir": 3,
  	  	  	"time": 14525.6666666664,
  	  	  	"judgement": null
  	  	},
  	  	{
  	  	  	"press": true,
  	  	  	"dir": 0,
  	  	  	"time": 16892.3333333331,
  	  	  	"judgement": "sick"
  	  	},
  	  	{
  	  	  	"press": true,
  	  	  	"dir": 3,
  	  	  	"time": 16958.9999999998,
  	  	  	"judgement": "sick"
  	  	},
  	  	{
  	  	  	"press": false,
  	  	  	"dir": 0,
  	  	  	"time": 16958.9999999998,
  	  	  	"judgement": null
  	  	},
  	  	{
  	  	  	"press": true,
  	  	  	"dir": 1,
  	  	  	"time": 17042.3333333331,
  	  	  	"judgement": "sick"
  	  	},
  	  	{
  	  	  	"press": false,
  	  	  	"dir": 3,
  	  	  	"time": 17075.6666666664,
  	  	  	"judgement": null
  	  	},
  	  	{
  	  	  	"press": true,
  	  	  	"dir": 0,
  	  	  	"time": 17092.3333333331,
  	  	  	"judgement": "sick"
  	  	},
  	  	{
  	  	  	"press": false,
  	  	  	"dir": 1,
  	  	  	"time": 17125.6666666664,
  	  	  	"judgement": null
  	  	},
  	  	{
  	  	  	"press": false,
  	  	  	"dir": 0,
  	  	  	"time": 17142.3333333331,
  	  	  	"judgement": null
  	  	},
  	  	{
  	  	  	"press": true,
  	  	  	"dir": 2,
  	  	  	"time": 17175.6666666664,
  	  	  	"judgement": "sick"
  	  	},
  	  	{
  	  	  	"press": true,
  	  	  	"dir": 1,
  	  	  	"time": 17258.9999999998,
  	  	  	"judgement": "sick"
  	  	},
  	  	{
  	  	  	"press": false,
  	  	  	"dir": 2,
  	  	  	"time": 17258.9999999998,
  	  	  	"judgement": null
  	  	},
  	  	{
  	  	  	"press": true,
  	  	  	"dir": 2,
  	  	  	"time": 17358.9999999998,
  	  	  	"judgement": "sick"
  	  	},
  	  	{
  	  	  	"press": false,
  	  	  	"dir": 1,
  	  	  	"time": 17358.9999999998,
  	  	  	"judgement": null
  	  	},
  	  	{
  	  	  	"press": true,
  	  	  	"dir": 3,
  	  	  	"time": 17392.3333333331,
  	  	  	"judgement": "sick"
  	  	},
  	  	{
  	  	  	"press": false,
  	  	  	"dir": 2,
  	  	  	"time": 17408.9999999998,
  	  	  	"judgement": null
  	  	},
  	  	{
  	  	  	"press": true,
  	  	  	"dir": 1,
  	  	  	"time": 17475.6666666665,
  	  	  	"judgement": "sick"
  	  	},
  	  	{
  	  	  	"press": false,
  	  	  	"dir": 3,
  	  	  	"time": 17508.9999999998,
  	  	  	"judgement": null
  	  	},
  	  	{
  	  	  	"press": true,
  	  	  	"dir": 0,
  	  	  	"time": 17525.6666666665,
  	  	  	"judgement": "good"
  	  	},
  	  	{
  	  	  	"press": false,
  	  	  	"dir": 1,
  	  	  	"time": 17575.6666666665,
  	  	  	"judgement": null
  	  	},
  	  	{
  	  	  	"press": true,
  	  	  	"dir": 2,
  	  	  	"time": 17642.3333333331,
  	  	  	"judgement": "sick"
  	  	},
  	  	{
  	  	  	"press": false,
  	  	  	"dir": 0,
  	  	  	"time": 17642.3333333331,
  	  	  	"judgement": null
  	  	},
  	  	{
  	  	  	"press": true,
  	  	  	"dir": 1,
  	  	  	"time": 17725.6666666665,
  	  	  	"judgement": "sick"
  	  	},
  	  	{
  	  	  	"press": false,
  	  	  	"dir": 2,
  	  	  	"time": 17742.3333333331,
  	  	  	"judgement": null
  	  	},
  	  	{
  	  	  	"press": true,
  	  	  	"dir": 0,
  	  	  	"time": 17808.9999999998,
  	  	  	"judgement": "sick"
  	  	},
  	  	{
  	  	  	"press": false,
  	  	  	"dir": 1,
  	  	  	"time": 17842.3333333332,
  	  	  	"judgement": null
  	  	},
  	  	{
  	  	  	"press": true,
  	  	  	"dir": 3,
  	  	  	"time": 17875.6666666665,
  	  	  	"judgement": "sick"
  	  	},
  	  	{
  	  	  	"press": false,
  	  	  	"dir": 0,
  	  	  	"time": 17875.6666666665,
  	  	  	"judgement": null
  	  	},
  	  	{
  	  	  	"press": true,
  	  	  	"dir": 2,
  	  	  	"time": 17958.9999999998,
  	  	  	"judgement": "sick"
  	  	},
  	  	{
  	  	  	"press": false,
  	  	  	"dir": 3,
  	  	  	"time": 17992.3333333332,
  	  	  	"judgement": null
  	  	},
  	  	{
  	  	  	"press": true,
  	  	  	"dir": 0,
  	  	  	"time": 18025.6666666665,
  	  	  	"judgement": "sick"
  	  	},
  	  	{
  	  	  	"press": false,
  	  	  	"dir": 2,
  	  	  	"time": 18058.9999999998,
  	  	  	"judgement": null
  	  	},
  	  	{
  	  	  	"press": true,
  	  	  	"dir": 3,
  	  	  	"time": 18125.6666666665,
  	  	  	"judgement": "sick"
  	  	},
  	  	{
  	  	  	"press": false,
  	  	  	"dir": 0,
  	  	  	"time": 18125.6666666665,
  	  	  	"judgement": null
  	  	},
  	  	{
  	  	  	"press": true,
  	  	  	"dir": 1,
  	  	  	"time": 18175.6666666665,
  	  	  	"judgement": "sick"
  	  	},
  	  	{
  	  	  	"press": false,
  	  	  	"dir": 3,
  	  	  	"time": 18208.9999999998,
  	  	  	"judgement": null
  	  	},
  	  	{
  	  	  	"press": false,
  	  	  	"dir": 1,
  	  	  	"time": 18242.3333333332,
  	  	  	"judgement": null
  	  	},
  	  	{
  	  	  	"press": true,
  	  	  	"dir": 3,
  	  	  	"time": 18275.6666666665,
  	  	  	"judgement": "sick"
  	  	},
  	  	{
  	  	  	"press": true,
  	  	  	"dir": 2,
  	  	  	"time": 18358.9999999999,
  	  	  	"judgement": "sick"
  	  	},
  	  	{
  	  	  	"press": true,
  	  	  	"dir": 0,
  	  	  	"time": 18375.6666666665,
  	  	  	"judgement": "sick"
  	  	},
  	  	{
  	  	  	"press": false,
  	  	  	"dir": 3,
  	  	  	"time": 18425.6666666665,
  	  	  	"judgement": null
  	  	},
  	  	{
  	  	  	"press": true,
  	  	  	"dir": 1,
  	  	  	"time": 18458.9999999999,
  	  	  	"judgement": "sick"
  	  	},
  	  	{
  	  	  	"press": false,
  	  	  	"dir": 2,
  	  	  	"time": 18458.9999999999,
  	  	  	"judgement": null
  	  	},
  	  	{
  	  	  	"press": false,
  	  	  	"dir": 0,
  	  	  	"time": 18508.9999999999,
  	  	  	"judgement": null
  	  	},
  	  	{
  	  	  	"press": false,
  	  	  	"dir": 1,
  	  	  	"time": 18558.9999999999,
  	  	  	"judgement": null
  	  	},
  	  	{
  	  	  	"press": true,
  	  	  	"dir": 3,
  	  	  	"time": 18575.6666666665,
  	  	  	"judgement": "sick"
  	  	},
  	  	{
  	  	  	"press": true,
  	  	  	"dir": 2,
  	  	  	"time": 18655.6666666667,
  	  	  	"judgement": "sick"
  	  	},
  	  	{
  	  	  	"press": false,
  	  	  	"dir": 3,
  	  	  	"time": 18689,
  	  	  	"judgement": null
  	  	},
  	  	{
  	  	  	"press": true,
  	  	  	"dir": 0,
  	  	  	"time": 18705.6666666667,
  	  	  	"judgement": "sick"
  	  	},
  	  	{
  	  	  	"press": false,
  	  	  	"dir": 2,
  	  	  	"time": 18755.6666666667,
  	  	  	"judgement": null
  	  	},
  	  	{
  	  	  	"press": true,
  	  	  	"dir": 1,
  	  	  	"time": 18789,
  	  	  	"judgement": "sick"
  	  	},
  	  	{
  	  	  	"press": false,
  	  	  	"dir": 0,
  	  	  	"time": 18822.3333333333,
  	  	  	"judgement": null
  	  	},
  	  	{
  	  	  	"press": false,
  	  	  	"dir": 1,
  	  	  	"time": 18872.3333333334,
  	  	  	"judgement": null
  	  	},
  	  	{
  	  	  	"press": true,
  	  	  	"dir": 3,
  	  	  	"time": 18889,
  	  	  	"judgement": "sick"
  	  	},
  	  	{
  	  	  	"press": true,
  	  	  	"dir": 2,
  	  	  	"time": 18939,
  	  	  	"judgement": "sick"
  	  	},
  	  	{
  	  	  	"press": false,
  	  	  	"dir": 3,
  	  	  	"time": 18972.3333333334,
  	  	  	"judgement": null
  	  	},
  	  	{
  	  	  	"press": false,
  	  	  	"dir": 2,
  	  	  	"time": 18989,
  	  	  	"judgement": null
  	  	},
  	  	{
  	  	  	"press": true,
  	  	  	"dir": 0,
  	  	  	"time": 19005.6666666667,
  	  	  	"judgement": "sick"
  	  	},
  	  	{
  	  	  	"press": false,
  	  	  	"dir": 0,
  	  	  	"time": 19105.6666666667,
  	  	  	"judgement": null
  	  	},
  	  	{
  	  	  	"press": true,
  	  	  	"dir": 3,
  	  	  	"time": 19122.3333333334,
  	  	  	"judgement": "good"
  	  	},
  	  	{
  	  	  	"press": true,
  	  	  	"dir": 1,
  	  	  	"time": 19205.6666666667,
  	  	  	"judgement": "good"
  	  	},
  	  	{
  	  	  	"press": false,
  	  	  	"dir": 3,
  	  	  	"time": 19222.3333333334,
  	  	  	"judgement": null
  	  	},
  	  	{
  	  	  	"press": false,
  	  	  	"dir": 1,
  	  	  	"time": 19255.6666666667,
  	  	  	"judgement": null
  	  	},
  	  	{
  	  	  	"press": true,
  	  	  	"dir": 3,
  	  	  	"time": 19272.3333333334,
  	  	  	"judgement": "good"
  	  	},
  	  	{
  	  	  	"press": true,
  	  	  	"dir": 2,
  	  	  	"time": 19308,
  	  	  	"judgement": "sick"
  	  	},
  	  	{
  	  	  	"press": false,
  	  	  	"dir": 3,
  	  	  	"time": 19374.6666666667,
  	  	  	"judgement": null
  	  	},
  	  	{
  	  	  	"press": false,
  	  	  	"dir": 2,
  	  	  	"time": 20091.3333333334,
  	  	  	"judgement": null
  	  	},
  	  	{
  	  	  	"press": true,
  	  	  	"dir": 3,
  	  	  	"time": 20491.3333333334,
  	  	  	"judgement": null
  	  	},
  	  	{
  	  	  	"press": true,
  	  	  	"dir": 2,
  	  	  	"time": 20541.3333333334,
  	  	  	"judgement": null
  	  	},
  	  	{
  	  	  	"press": false,
  	  	  	"dir": 3,
  	  	  	"time": 20608.0000000001,
  	  	  	"judgement": null
  	  	},
  	  	{
  	  	  	"press": true,
  	  	  	"dir": 0,
  	  	  	"time": 20624.6666666668,
  	  	  	"judgement": null
  	  	},
  	  	{
  	  	  	"press": false,
  	  	  	"dir": 0,
  	  	  	"time": 20674.6666666668,
  	  	  	"judgement": null
  	  	},
  	  	{
  	  	  	"press": false,
  	  	  	"dir": 2,
  	  	  	"time": 20674.6666666668,
  	  	  	"judgement": null
  	  	},
  	  	{
  	  	  	"press": true,
  	  	  	"dir": 3,
  	  	  	"time": 20808.0000000001,
  	  	  	"judgement": null
  	  	},
  	  	{
  	  	  	"press": true,
  	  	  	"dir": 2,
  	  	  	"time": 20874.6666666668,
  	  	  	"judgement": null
  	  	},
  	  	{
  	  	  	"press": false,
  	  	  	"dir": 3,
  	  	  	"time": 20891.3333333335,
  	  	  	"judgement": null
  	  	},
  	  	{
  	  	  	"press": true,
  	  	  	"dir": 0,
  	  	  	"time": 20924.6666666668,
  	  	  	"judgement": null
  	  	},
  	  	{
  	  	  	"press": false,
  	  	  	"dir": 2,
  	  	  	"time": 20924.6666666668,
  	  	  	"judgement": null
  	  	},
  	  	{
  	  	  	"press": false,
  	  	  	"dir": 0,
  	  	  	"time": 20974.6666666668,
  	  	  	"judgement": null
  	  	},
  	  	{
  	  	  	"press": true,
  	  	  	"dir": 3,
  	  	  	"time": 21091.3333333335,
  	  	  	"judgement": null
  	  	},
  	  	{
  	  	  	"press": true,
  	  	  	"dir": 0,
  	  	  	"time": 21208.0000000001,
  	  	  	"judgement": null
  	  	},
  	  	{
  	  	  	"press": true,
  	  	  	"dir": 1,
  	  	  	"time": 21208.0000000001,
  	  	  	"judgement": null
  	  	},
  	  	{
  	  	  	"press": false,
  	  	  	"dir": 0,
  	  	  	"time": 21241.3333333335,
  	  	  	"judgement": null
  	  	},
  	  	{
  	  	  	"press": false,
  	  	  	"dir": 3,
  	  	  	"time": 21241.3333333335,
  	  	  	"judgement": null
  	  	},
  	  	{
  	  	  	"press": false,
  	  	  	"dir": 1,
  	  	  	"time": 21324.6666666668,
  	  	  	"judgement": null
  	  	},
  	  	{
  	  	  	"press": true,
  	  	  	"dir": 3,
  	  	  	"time": 21374.6666666668,
  	  	  	"judgement": null
  	  	},
  	  	{
  	  	  	"press": false,
  	  	  	"dir": 3,
  	  	  	"time": 21474.6666666668,
  	  	  	"judgement": null
  	  	},
  	  	{
  	  	  	"press": true,
  	  	  	"dir": 0,
  	  	  	"time": 21658.0000000002,
  	  	  	"judgement": "sick"
  	  	},
  	  	{
  	  	  	"press": true,
  	  	  	"dir": 3,
  	  	  	"time": 21741.3333333335,
  	  	  	"judgement": "sick"
  	  	},
  	  	{
  	  	  	"press": false,
  	  	  	"dir": 0,
  	  	  	"time": 21774.6666666668,
  	  	  	"judgement": null
  	  	},
  	  	{
  	  	  	"press": true,
  	  	  	"dir": 2,
  	  	  	"time": 21808.0000000002,
  	  	  	"judgement": "sick"
  	  	},
  	  	{
  	  	  	"press": false,
  	  	  	"dir": 3,
  	  	  	"time": 21891.3333333335,
  	  	  	"judgement": null
  	  	},
  	  	{
  	  	  	"press": false,
  	  	  	"dir": 2,
  	  	  	"time": 21941.3333333335,
  	  	  	"judgement": null
  	  	},
  	  	{
  	  	  	"press": true,
  	  	  	"dir": 0,
  	  	  	"time": 21974.6666666669,
  	  	  	"judgement": "sick"
  	  	},
  	  	{
  	  	  	"press": true,
  	  	  	"dir": 3,
  	  	  	"time": 22041.3333333335,
  	  	  	"judgement": "sick"
  	  	},
  	  	{
  	  	  	"press": false,
  	  	  	"dir": 0,
  	  	  	"time": 22074.6666666669,
  	  	  	"judgement": null
  	  	},
  	  	{
  	  	  	"press": true,
  	  	  	"dir": 2,
  	  	  	"time": 22124.6666666669,
  	  	  	"judgement": "sick"
  	  	},
  	  	{
  	  	  	"press": false,
  	  	  	"dir": 3,
  	  	  	"time": 22174.6666666669,
  	  	  	"judgement": null
  	  	},
  	  	{
  	  	  	"press": false,
  	  	  	"dir": 2,
  	  	  	"time": 22241.3333333336,
  	  	  	"judgement": null
  	  	},
  	  	{
  	  	  	"press": true,
  	  	  	"dir": 0,
  	  	  	"time": 22274.6666666669,
  	  	  	"judgement": "sick"
  	  	},
  	  	{
  	  	  	"press": true,
  	  	  	"dir": 1,
  	  	  	"time": 22358.0000000002,
  	  	  	"judgement": "sick"
  	  	},
  	  	{
  	  	  	"press": false,
  	  	  	"dir": 0,
  	  	  	"time": 22408.0000000002,
  	  	  	"judgement": null
  	  	},
  	  	{
  	  	  	"press": true,
  	  	  	"dir": 3,
  	  	  	"time": 22424.6666666669,
  	  	  	"judgement": "sick"
  	  	},
  	  	{
  	  	  	"press": false,
  	  	  	"dir": 1,
  	  	  	"time": 22424.6666666669,
  	  	  	"judgement": null
  	  	},
  	  	{
  	  	  	"press": false,
  	  	  	"dir": 3,
  	  	  	"time": 22561.3333333333,
  	  	  	"judgement": null
  	  	},
  	  	{
  	  	  	"press": true,
  	  	  	"dir": 0,
  	  	  	"time": 22628,
  	  	  	"judgement": "sick"
  	  	},
  	  	{
  	  	  	"press": true,
  	  	  	"dir": 1,
  	  	  	"time": 22711.3333333334,
  	  	  	"judgement": "sick"
  	  	},
  	  	{
  	  	  	"press": false,
  	  	  	"dir": 0,
  	  	  	"time": 22731.3333333333,
  	  	  	"judgement": null
  	  	},
  	  	{
  	  	  	"press": true,
  	  	  	"dir": 3,
  	  	  	"time": 22781.3333333333,
  	  	  	"judgement": "sick"
  	  	},
  	  	{
  	  	  	"press": false,
  	  	  	"dir": 1,
  	  	  	"time": 22781.3333333333,
  	  	  	"judgement": null
  	  	},
  	  	{
  	  	  	"press": false,
  	  	  	"dir": 3,
  	  	  	"time": 22848,
  	  	  	"judgement": null
  	  	},
  	  	{
  	  	  	"press": true,
  	  	  	"dir": 0,
  	  	  	"time": 22898,
  	  	  	"judgement": "sick"
  	  	},
  	  	{
  	  	  	"press": true,
  	  	  	"dir": 3,
  	  	  	"time": 22948,
  	  	  	"judgement": "sick"
  	  	},
  	  	{
  	  	  	"press": false,
  	  	  	"dir": 0,
  	  	  	"time": 22998,
  	  	  	"judgement": null
  	  	},
  	  	{
  	  	  	"press": true,
  	  	  	"dir": 2,
  	  	  	"time": 23031.3333333334,
  	  	  	"judgement": "sick"
  	  	},
  	  	{
  	  	  	"press": false,
  	  	  	"dir": 3,
  	  	  	"time": 23081.3333333334,
  	  	  	"judgement": null
  	  	},
  	  	{
  	  	  	"press": false,
  	  	  	"dir": 2,
  	  	  	"time": 23131.3333333334,
  	  	  	"judgement": null
  	  	},
  	  	{
  	  	  	"press": true,
  	  	  	"dir": 0,
  	  	  	"time": 23198,
  	  	  	"judgement": "sick"
  	  	},
  	  	{
  	  	  	"press": true,
  	  	  	"dir": 3,
  	  	  	"time": 23264.6666666667,
  	  	  	"judgement": "sick"
  	  	},
  	  	{
  	  	  	"press": false,
  	  	  	"dir": 0,
  	  	  	"time": 23264.6666666667,
  	  	  	"judgement": null
  	  	},
  	  	{
  	  	  	"press": true,
  	  	  	"dir": 2,
  	  	  	"time": 23331.3333333334,
  	  	  	"judgement": "sick"
  	  	},
  	  	{
  	  	  	"press": false,
  	  	  	"dir": 3,
  	  	  	"time": 23381.3333333334,
  	  	  	"judgement": null
  	  	},
  	  	{
  	  	  	"press": false,
  	  	  	"dir": 2,
  	  	  	"time": 23414.6666666667,
  	  	  	"judgement": null
  	  	},
  	  	{
  	  	  	"press": true,
  	  	  	"dir": 0,
  	  	  	"time": 23464.6666666667,
  	  	  	"judgement": "sick"
  	  	},
  	  	{
  	  	  	"press": true,
  	  	  	"dir": 1,
  	  	  	"time": 23584.6666666667,
  	  	  	"judgement": "sick"
  	  	},
  	  	{
  	  	  	"press": false,
  	  	  	"dir": 0,
  	  	  	"time": 23618,
  	  	  	"judgement": null
  	  	},
  	  	{
  	  	  	"press": true,
  	  	  	"dir": 3,
  	  	  	"time": 23668,
  	  	  	"judgement": "sick"
  	  	},
  	  	{
  	  	  	"press": false,
  	  	  	"dir": 1,
  	  	  	"time": 23684.6666666667,
  	  	  	"judgement": null
  	  	},
  	  	{
  	  	  	"press": false,
  	  	  	"dir": 3,
  	  	  	"time": 23768,
  	  	  	"judgement": null
  	  	},
  	  	{
  	  	  	"press": true,
  	  	  	"dir": 3,
  	  	  	"time": 23834.6666666667,
  	  	  	"judgement": "sick"
  	  	},
  	  	{
  	  	  	"press": true,
  	  	  	"dir": 1,
  	  	  	"time": 23884.6666666667,
  	  	  	"judgement": "sick"
  	  	},
  	  	{
  	  	  	"press": false,
  	  	  	"dir": 3,
  	  	  	"time": 23884.6666666667,
  	  	  	"judgement": null
  	  	},
  	  	{
  	  	  	"press": true,
  	  	  	"dir": 0,
  	  	  	"time": 23934.6666666667,
  	  	  	"judgement": "sick"
  	  	},
  	  	{
  	  	  	"press": false,
  	  	  	"dir": 1,
  	  	  	"time": 23968,
  	  	  	"judgement": null
  	  	},
  	  	{
  	  	  	"press": false,
  	  	  	"dir": 0,
  	  	  	"time": 24068,
  	  	  	"judgement": null
  	  	},
  	  	{
  	  	  	"press": true,
  	  	  	"dir": 0,
  	  	  	"time": 24434.6666666667,
  	  	  	"judgement": null
  	  	},
  	  	{
  	  	  	"press": true,
  	  	  	"dir": 3,
  	  	  	"time": 24434.6666666667,
  	  	  	"judgement": null
  	  	},
  	  	{
  	  	  	"press": false,
  	  	  	"dir": 3,
  	  	  	"time": 24601.3333333334,
  	  	  	"judgement": null
  	  	},
  	  	{
  	  	  	"press": true,
  	  	  	"dir": 2,
  	  	  	"time": 24668.0000000001,
  	  	  	"judgement": null
  	  	},
  	  	{
  	  	  	"press": false,
  	  	  	"dir": 2,
  	  	  	"time": 24768.0000000001,
  	  	  	"judgement": null
  	  	},
  	  	{
  	  	  	"press": true,
  	  	  	"dir": 3,
  	  	  	"time": 24801.3333333334,
  	  	  	"judgement": null
  	  	},
  	  	{
  	  	  	"press": false,
  	  	  	"dir": 0,
  	  	  	"time": 24834.6666666668,
  	  	  	"judgement": null
  	  	},
  	  	{
  	  	  	"press": true,
  	  	  	"dir": 2,
  	  	  	"time": 24901.3333333334,
  	  	  	"judgement": null
  	  	},
  	  	{
  	  	  	"press": false,
  	  	  	"dir": 3,
  	  	  	"time": 24918.0000000001,
  	  	  	"judgement": null
  	  	},
  	  	{
  	  	  	"press": false,
  	  	  	"dir": 2,
  	  	  	"time": 24951.3333333334,
  	  	  	"judgement": null
  	  	},
  	  	{
  	  	  	"press": true,
  	  	  	"dir": 0,
  	  	  	"time": 24984.6666666668,
  	  	  	"judgement": null
  	  	},
  	  	{
  	  	  	"press": true,
  	  	  	"dir": 3,
  	  	  	"time": 25034.6666666668,
  	  	  	"judgement": null
  	  	},
  	  	{
  	  	  	"press": false,
  	  	  	"dir": 0,
  	  	  	"time": 25118.0000000001,
  	  	  	"judgement": null
  	  	},
  	  	{
  	  	  	"press": false,
  	  	  	"dir": 3,
  	  	  	"time": 25151.3333333335,
  	  	  	"judgement": null
  	  	},
  	  	{
  	  	  	"press": true,
  	  	  	"dir": 2,
  	  	  	"time": 25284.6666666668,
  	  	  	"judgement": "sick"
  	  	},
  	  	{
  	  	  	"press": false,
  	  	  	"dir": 2,
  	  	  	"time": 25401.3333333335,
  	  	  	"judgement": null
  	  	},
  	  	{
  	  	  	"press": true,
  	  	  	"dir": 3,
  	  	  	"time": 25434.6666666668,
  	  	  	"judgement": "sick"
  	  	},
  	  	{
  	  	  	"press": true,
  	  	  	"dir": 2,
  	  	  	"time": 25501.3333333335,
  	  	  	"judgement": "sick"
  	  	},
  	  	{
  	  	  	"press": true,
  	  	  	"dir": 0,
  	  	  	"time": 25568.0000000001,
  	  	  	"judgement": "sick"
  	  	},
  	  	{
  	  	  	"press": false,
  	  	  	"dir": 3,
  	  	  	"time": 25568.0000000001,
  	  	  	"judgement": null
  	  	},
  	  	{
  	  	  	"press": false,
  	  	  	"dir": 2,
  	  	  	"time": 25634.6666666668,
  	  	  	"judgement": null
  	  	},
  	  	{
  	  	  	"press": false,
  	  	  	"dir": 0,
  	  	  	"time": 25684.6666666668,
  	  	  	"judgement": null
  	  	},
  	  	{
  	  	  	"press": true,
  	  	  	"dir": 3,
  	  	  	"time": 25751.3333333335,
  	  	  	"judgement": "sick"
  	  	},
  	  	{
  	  	  	"press": false,
  	  	  	"dir": 3,
  	  	  	"time": 25818.0000000002,
  	  	  	"judgement": null
  	  	},
  	  	{
  	  	  	"press": true,
  	  	  	"dir": 3,
  	  	  	"time": 25918.0000000002,
  	  	  	"judgement": "sick"
  	  	},
  	  	{
  	  	  	"press": true,
  	  	  	"dir": 0,
  	  	  	"time": 25984.6666666668,
  	  	  	"judgement": "sick"
  	  	},
  	  	{
  	  	  	"press": false,
  	  	  	"dir": 3,
  	  	  	"time": 26018.0000000002,
  	  	  	"judgement": null
  	  	},
  	  	{
  	  	  	"press": true,
  	  	  	"dir": 3,
  	  	  	"time": 26068.0000000002,
  	  	  	"judgement": "sick"
  	  	},
  	  	{
  	  	  	"press": false,
  	  	  	"dir": 0,
  	  	  	"time": 26101.3333333335,
  	  	  	"judgement": null
  	  	},
  	  	{
  	  	  	"press": false,
  	  	  	"dir": 3,
  	  	  	"time": 26184.6666666669,
  	  	  	"judgement": null
  	  	},
  	  	{
  	  	  	"press": true,
  	  	  	"dir": 0,
  	  	  	"time": 26201.3333333335,
  	  	  	"judgement": "sick"
  	  	},
  	  	{
  	  	  	"press": true,
  	  	  	"dir": 3,
  	  	  	"time": 26334.6666666669,
  	  	  	"judgement": "sick"
  	  	},
  	  	{
  	  	  	"press": false,
  	  	  	"dir": 0,
  	  	  	"time": 26334.6666666669,
  	  	  	"judgement": null
  	  	},
  	  	{
  	  	  	"press": false,
  	  	  	"dir": 3,
  	  	  	"time": 26418.0000000002,
  	  	  	"judgement": null
  	  	},
  	  	{
  	  	  	"press": true,
  	  	  	"dir": 1,
  	  	  	"time": 27084.6666666669,
  	  	  	"judgement": "sick"
  	  	},
  	  	{
  	  	  	"press": false,
  	  	  	"dir": 1,
  	  	  	"time": 27168.0000000003,
  	  	  	"judgement": null
  	  	},
  	  	{
  	  	  	"press": true,
  	  	  	"dir": 0,
  	  	  	"time": 27284.6666666669,
  	  	  	"judgement": "sick"
  	  	},
  	  	{
  	  	  	"press": true,
  	  	  	"dir": 3,
  	  	  	"time": 27318.0000000003,
  	  	  	"judgement": "sick"
  	  	},
  	  	{
  	  	  	"press": false,
  	  	  	"dir": 0,
  	  	  	"time": 27368.0000000003,
  	  	  	"judgement": null
  	  	},
  	  	{
  	  	  	"press": true,
  	  	  	"dir": 2,
  	  	  	"time": 27401.3333333336,
  	  	  	"judgement": "sick"
  	  	},
  	  	{
  	  	  	"press": false,
  	  	  	"dir": 3,
  	  	  	"time": 27418.0000000003,
  	  	  	"judgement": null
  	  	},
  	  	{
  	  	  	"press": false,
  	  	  	"dir": 2,
  	  	  	"time": 27451.3333333336,
  	  	  	"judgement": null
  	  	},
  	  	{
  	  	  	"press": true,
  	  	  	"dir": 0,
  	  	  	"time": 27568.0000000003,
  	  	  	"judgement": "sick"
  	  	},
  	  	{
  	  	  	"press": false,
  	  	  	"dir": 0,
  	  	  	"time": 27618.0000000003,
  	  	  	"judgement": null
  	  	},
  	  	{
  	  	  	"press": true,
  	  	  	"dir": 0,
  	  	  	"time": 27968.0000000003,
  	  	  	"judgement": "sick"
  	  	},
  	  	{
  	  	  	"press": false,
  	  	  	"dir": 0,
  	  	  	"time": 28084.666666667,
  	  	  	"judgement": null
  	  	},
  	  	{
  	  	  	"press": true,
  	  	  	"dir": 3,
  	  	  	"time": 28151.3333333337,
  	  	  	"judgement": "sick"
  	  	},
  	  	{
  	  	  	"press": true,
  	  	  	"dir": 2,
  	  	  	"time": 28218.0000000003,
  	  	  	"judgement": "sick"
  	  	},
  	  	{
  	  	  	"press": false,
  	  	  	"dir": 3,
  	  	  	"time": 28284.666666667,
  	  	  	"judgement": null
  	  	},
  	  	{
  	  	  	"press": true,
  	  	  	"dir": 0,
  	  	  	"time": 28318.0000000003,
  	  	  	"judgement": "sick"
  	  	},
  	  	{
  	  	  	"press": false,
  	  	  	"dir": 2,
  	  	  	"time": 28318.0000000003,
  	  	  	"judgement": null
  	  	},
  	  	{
  	  	  	"press": true,
  	  	  	"dir": 3,
  	  	  	"time": 28401.3333333337,
  	  	  	"judgement": "sick"
  	  	},
  	  	{
  	  	  	"press": false,
  	  	  	"dir": 0,
  	  	  	"time": 28401.3333333337,
  	  	  	"judgement": null
  	  	},
  	  	{
  	  	  	"press": true,
  	  	  	"dir": 2,
  	  	  	"time": 28451.3333333337,
  	  	  	"judgement": "sick"
  	  	},
  	  	{
  	  	  	"press": true,
  	  	  	"dir": 1,
  	  	  	"time": 28501.3333333337,
  	  	  	"judgement": "sick"
  	  	},
  	  	{
  	  	  	"press": false,
  	  	  	"dir": 2,
  	  	  	"time": 28518.0000000004,
  	  	  	"judgement": null
  	  	},
  	  	{
  	  	  	"press": false,
  	  	  	"dir": 3,
  	  	  	"time": 28518.0000000004,
  	  	  	"judgement": null
  	  	},
  	  	{
  	  	  	"press": false,
  	  	  	"dir": 1,
  	  	  	"time": 28584.666666667,
  	  	  	"judgement": null
  	  	},
  	  	{
  	  	  	"press": true,
  	  	  	"dir": 2,
  	  	  	"time": 28651.3333333337,
  	  	  	"judgement": "good"
  	  	},
  	  	{
  	  	  	"press": true,
  	  	  	"dir": 0,
  	  	  	"time": 28701.3333333337,
  	  	  	"judgement": "sick"
  	  	},
  	  	{
  	  	  	"press": false,
  	  	  	"dir": 2,
  	  	  	"time": 28718.0000000004,
  	  	  	"judgement": null
  	  	},
  	  	{
  	  	  	"press": true,
  	  	  	"dir": 1,
  	  	  	"time": 28768.0000000004,
  	  	  	"judgement": "sick"
  	  	},
  	  	{
  	  	  	"press": false,
  	  	  	"dir": 0,
  	  	  	"time": 28801.3333333337,
  	  	  	"judgement": null
  	  	},
  	  	{
  	  	  	"press": true,
  	  	  	"dir": 3,
  	  	  	"time": 28834.6666666671,
  	  	  	"judgement": "sick"
  	  	},
  	  	{
  	  	  	"press": false,
  	  	  	"dir": 1,
  	  	  	"time": 28868.0000000004,
  	  	  	"judgement": null
  	  	},
  	  	{
  	  	  	"press": false,
  	  	  	"dir": 3,
  	  	  	"time": 28884.6666666671,
  	  	  	"judgement": null
  	  	},
  	  	{
  	  	  	"press": true,
  	  	  	"dir": 0,
  	  	  	"time": 31301.3333333339,
  	  	  	"judgement": "sick"
  	  	},
  	  	{
  	  	  	"press": true,
  	  	  	"dir": 3,
  	  	  	"time": 31368.0000000006,
  	  	  	"judgement": "sick"
  	  	},
  	  	{
  	  	  	"press": false,
  	  	  	"dir": 0,
  	  	  	"time": 31384.6666666672,
  	  	  	"judgement": null
  	  	},
  	  	{
  	  	  	"press": true,
  	  	  	"dir": 2,
  	  	  	"time": 31434.6666666672,
  	  	  	"judgement": "sick"
  	  	},
  	  	{
  	  	  	"press": false,
  	  	  	"dir": 3,
  	  	  	"time": 31468.0000000006,
  	  	  	"judgement": null
  	  	},
  	  	{
  	  	  	"press": false,
  	  	  	"dir": 2,
  	  	  	"time": 31501.3333333339,
  	  	  	"judgement": null
  	  	},
  	  	{
  	  	  	"press": true,
  	  	  	"dir": 0,
  	  	  	"time": 31618.0000000006,
  	  	  	"judgement": "sick"
  	  	},
  	  	{
  	  	  	"press": true,
  	  	  	"dir": 3,
  	  	  	"time": 31684.6666666673,
  	  	  	"judgement": "sick"
  	  	},
  	  	{
  	  	  	"press": false,
  	  	  	"dir": 0,
  	  	  	"time": 31701.3333333339,
  	  	  	"judgement": null
  	  	},
  	  	{
  	  	  	"press": true,
  	  	  	"dir": 2,
  	  	  	"time": 31751.3333333339,
  	  	  	"judgement": "sick"
  	  	},
  	  	{
  	  	  	"press": false,
  	  	  	"dir": 3,
  	  	  	"time": 31801.3333333339,
  	  	  	"judgement": null
  	  	},
  	  	{
  	  	  	"press": false,
  	  	  	"dir": 2,
  	  	  	"time": 31818.0000000006,
  	  	  	"judgement": null
  	  	},
  	  	{
  	  	  	"press": true,
  	  	  	"dir": 0,
  	  	  	"time": 31901.3333333339,
  	  	  	"judgement": "sick"
  	  	},
  	  	{
  	  	  	"press": true,
  	  	  	"dir": 1,
  	  	  	"time": 31968.0000000006,
  	  	  	"judgement": "sick"
  	  	},
  	  	{
  	  	  	"press": false,
  	  	  	"dir": 0,
  	  	  	"time": 32001.333333334,
  	  	  	"judgement": null
  	  	},
  	  	{
  	  	  	"press": true,
  	  	  	"dir": 3,
  	  	  	"time": 32034.6666666673,
  	  	  	"judgement": "sick"
  	  	},
  	  	{
  	  	  	"press": false,
  	  	  	"dir": 1,
  	  	  	"time": 32068.0000000006,
  	  	  	"judgement": null
  	  	},
  	  	{
  	  	  	"press": false,
  	  	  	"dir": 3,
  	  	  	"time": 32151.333333334,
  	  	  	"judgement": null
  	  	},
  	  	{
  	  	  	"press": true,
  	  	  	"dir": 0,
  	  	  	"time": 32218.0000000006,
  	  	  	"judgement": "sick"
  	  	},
  	  	{
  	  	  	"press": true,
  	  	  	"dir": 1,
  	  	  	"time": 32284.6666666673,
  	  	  	"judgement": "sick"
  	  	},
  	  	{
  	  	  	"press": false,
  	  	  	"dir": 0,
  	  	  	"time": 32301.333333334,
  	  	  	"judgement": null
  	  	},
  	  	{
  	  	  	"press": true,
  	  	  	"dir": 3,
  	  	  	"time": 32334.6666666673,
  	  	  	"judgement": "sick"
  	  	},
  	  	{
  	  	  	"press": false,
  	  	  	"dir": 1,
  	  	  	"time": 32351.333333334,
  	  	  	"judgement": null
  	  	},
  	  	{
  	  	  	"press": false,
  	  	  	"dir": 3,
  	  	  	"time": 32401.333333334,
  	  	  	"judgement": null
  	  	},
  	  	{
  	  	  	"press": true,
  	  	  	"dir": 3,
  	  	  	"time": 32501.333333334,
  	  	  	"judgement": "sick"
  	  	},
  	  	{
  	  	  	"press": true,
  	  	  	"dir": 0,
  	  	  	"time": 32568.0000000007,
  	  	  	"judgement": "sick"
  	  	},
  	  	{
  	  	  	"press": false,
  	  	  	"dir": 3,
  	  	  	"time": 32568.0000000007,
  	  	  	"judgement": null
  	  	},
  	  	{
  	  	  	"press": true,
  	  	  	"dir": 2,
  	  	  	"time": 32651.333333334,
  	  	  	"judgement": "sick"
  	  	},
  	  	{
  	  	  	"press": false,
  	  	  	"dir": 0,
  	  	  	"time": 32651.333333334,
  	  	  	"judgement": null
  	  	},
  	  	{
  	  	  	"press": false,
  	  	  	"dir": 2,
  	  	  	"time": 32734.6666666673,
  	  	  	"judgement": null
  	  	},
  	  	{
  	  	  	"press": true,
  	  	  	"dir": 2,
  	  	  	"time": 32851.333333334,
  	  	  	"judgement": "good"
  	  	},
  	  	{
  	  	  	"press": true,
  	  	  	"dir": 0,
  	  	  	"time": 32868.0000000007,
  	  	  	"judgement": "sick"
  	  	},
  	  	{
  	  	  	"press": false,
  	  	  	"dir": 2,
  	  	  	"time": 32918.0000000006,
  	  	  	"judgement": null
  	  	},
  	  	{
  	  	  	"press": true,
  	  	  	"dir": 1,
  	  	  	"time": 32934.6666666673,
  	  	  	"judgement": "sick"
  	  	},
  	  	{
  	  	  	"press": false,
  	  	  	"dir": 0,
  	  	  	"time": 32968.0000000006,
  	  	  	"judgement": null
  	  	},
  	  	{
  	  	  	"press": false,
  	  	  	"dir": 1,
  	  	  	"time": 33018.0000000006,
  	  	  	"judgement": null
  	  	},
  	  	{
  	  	  	"press": true,
  	  	  	"dir": 3,
  	  	  	"time": 33084.6666666673,
  	  	  	"judgement": "sick"
  	  	},
  	  	{
  	  	  	"press": true,
  	  	  	"dir": 0,
  	  	  	"time": 33151.3333333339,
  	  	  	"judgement": "sick"
  	  	},
  	  	{
  	  	  	"press": false,
  	  	  	"dir": 3,
  	  	  	"time": 33168.0000000006,
  	  	  	"judgement": null
  	  	},
  	  	{
  	  	  	"press": true,
  	  	  	"dir": 2,
  	  	  	"time": 33268.0000000006,
  	  	  	"judgement": "sick"
  	  	},
  	  	{
  	  	  	"press": false,
  	  	  	"dir": 0,
  	  	  	"time": 33268.0000000006,
  	  	  	"judgement": null
  	  	},
  	  	{
  	  	  	"press": true,
  	  	  	"dir": 1,
  	  	  	"time": 33351.3333333339,
  	  	  	"judgement": "sick"
  	  	},
  	  	{
  	  	  	"press": false,
  	  	  	"dir": 2,
  	  	  	"time": 33351.3333333339,
  	  	  	"judgement": null
  	  	},
  	  	{
  	  	  	"press": true,
  	  	  	"dir": 3,
  	  	  	"time": 33384.6666666672,
  	  	  	"judgement": "sick"
  	  	},
  	  	{
  	  	  	"press": false,
  	  	  	"dir": 1,
  	  	  	"time": 33418.0000000006,
  	  	  	"judgement": null
  	  	},
  	  	{
  	  	  	"press": true,
  	  	  	"dir": 2,
  	  	  	"time": 33468.0000000006,
  	  	  	"judgement": "sick"
  	  	},
  	  	{
  	  	  	"press": false,
  	  	  	"dir": 3,
  	  	  	"time": 33518.0000000006,
  	  	  	"judgement": null
  	  	},
  	  	{
  	  	  	"press": false,
  	  	  	"dir": 2,
  	  	  	"time": 33534.6666666672,
  	  	  	"judgement": null
  	  	},
  	  	{
  	  	  	"press": true,
  	  	  	"dir": 0,
  	  	  	"time": 33551.3333333339,
  	  	  	"judgement": "sick"
  	  	},
  	  	{
  	  	  	"press": true,
  	  	  	"dir": 3,
  	  	  	"time": 33584.6666666672,
  	  	  	"judgement": "sick"
  	  	},
  	  	{
  	  	  	"press": false,
  	  	  	"dir": 0,
  	  	  	"time": 33634.6666666672,
  	  	  	"judgement": null
  	  	},
  	  	{
  	  	  	"press": false,
  	  	  	"dir": 3,
  	  	  	"time": 33668.0000000005,
  	  	  	"judgement": null
  	  	},
  	  	{
  	  	  	"press": true,
  	  	  	"dir": 2,
  	  	  	"time": 34884.666666667,
  	  	  	"judgement": "sick"
  	  	},
  	  	{
  	  	  	"press": false,
  	  	  	"dir": 2,
  	  	  	"time": 34934.666666667,
  	  	  	"judgement": null
  	  	},
  	  	{
  	  	  	"press": true,
  	  	  	"dir": 2,
  	  	  	"time": 35034.666666667,
  	  	  	"judgement": "sick"
  	  	},
  	  	{
  	  	  	"press": true,
  	  	  	"dir": 0,
  	  	  	"time": 35101.3333333337,
  	  	  	"judgement": "sick"
  	  	},
  	  	{
  	  	  	"press": false,
  	  	  	"dir": 2,
  	  	  	"time": 35101.3333333337,
  	  	  	"judgement": null
  	  	},
  	  	{
  	  	  	"press": true,
  	  	  	"dir": 3,
  	  	  	"time": 35184.666666667,
  	  	  	"judgement": "sick"
  	  	},
  	  	{
  	  	  	"press": false,
  	  	  	"dir": 0,
  	  	  	"time": 35184.666666667,
  	  	  	"judgement": null
  	  	},
  	  	{
  	  	  	"press": false,
  	  	  	"dir": 3,
  	  	  	"time": 35268.0000000003,
  	  	  	"judgement": null
  	  	},
  	  	{
  	  	  	"press": true,
  	  	  	"dir": 0,
  	  	  	"time": 35318.0000000003,
  	  	  	"judgement": "sick"
  	  	},
  	  	{
  	  	  	"press": false,
  	  	  	"dir": 0,
  	  	  	"time": 35368.0000000003,
  	  	  	"judgement": null
  	  	},
  	  	{
  	  	  	"press": true,
  	  	  	"dir": 0,
  	  	  	"time": 35484.6666666669,
  	  	  	"judgement": "sick"
  	  	},
  	  	{
  	  	  	"press": false,
  	  	  	"dir": 0,
  	  	  	"time": 35518.0000000003,
  	  	  	"judgement": null
  	  	},
  	  	{
  	  	  	"press": true,
  	  	  	"dir": 3,
  	  	  	"time": 35551.3333333336,
  	  	  	"judgement": "sick"
  	  	},
  	  	{
  	  	  	"press": true,
  	  	  	"dir": 0,
  	  	  	"time": 35634.6666666669,
  	  	  	"judgement": "sick"
  	  	},
  	  	{
  	  	  	"press": false,
  	  	  	"dir": 3,
  	  	  	"time": 35684.6666666669,
  	  	  	"judgement": null
  	  	},
  	  	{
  	  	  	"press": false,
  	  	  	"dir": 0,
  	  	  	"time": 35701.3333333336,
  	  	  	"judgement": null
  	  	},
  	  	{
  	  	  	"press": true,
  	  	  	"dir": 3,
  	  	  	"time": 35801.3333333336,
  	  	  	"judgement": "sick"
  	  	},
  	  	{
  	  	  	"press": false,
  	  	  	"dir": 3,
  	  	  	"time": 35918.0000000002,
  	  	  	"judgement": null
  	  	},
  	  	{
  	  	  	"press": true,
  	  	  	"dir": 0,
  	  	  	"time": 35951.3333333335,
  	  	  	"judgement": "sick"
  	  	},
  	  	{
  	  	  	"press": false,
  	  	  	"dir": 0,
  	  	  	"time": 36051.3333333335,
  	  	  	"judgement": null
  	  	},
  	  	{
  	  	  	"press": true,
  	  	  	"dir": 1,
  	  	  	"time": 36701.3333333333,
  	  	  	"judgement": "sick"
  	  	},
  	  	{
  	  	  	"press": false,
  	  	  	"dir": 1,
  	  	  	"time": 36784.6666666666,
  	  	  	"judgement": null
  	  	},
  	  	{
  	  	  	"press": true,
  	  	  	"dir": 3,
  	  	  	"time": 36851.3333333333,
  	  	  	"judgement": "sick"
  	  	},
  	  	{
  	  	  	"press": true,
  	  	  	"dir": 0,
  	  	  	"time": 36917.9999999999,
  	  	  	"judgement": "sick"
  	  	},
  	  	{
  	  	  	"press": false,
  	  	  	"dir": 3,
  	  	  	"time": 36917.9999999999,
  	  	  	"judgement": null
  	  	},
  	  	{
  	  	  	"press": false,
  	  	  	"dir": 0,
  	  	  	"time": 37001.3333333332,
  	  	  	"judgement": null
  	  	},
  	  	{
  	  	  	"press": true,
  	  	  	"dir": 2,
  	  	  	"time": 37017.9999999999,
  	  	  	"judgement": "sick"
  	  	},
  	  	{
  	  	  	"press": false,
  	  	  	"dir": 2,
  	  	  	"time": 37134.6666666666,
  	  	  	"judgement": null
  	  	},
  	  	{
  	  	  	"press": true,
  	  	  	"dir": 1,
  	  	  	"time": 37151.3333333332,
  	  	  	"judgement": "sick"
  	  	},
  	  	{
  	  	  	"press": false,
  	  	  	"dir": 1,
  	  	  	"time": 37251.3333333332,
  	  	  	"judgement": null
  	  	},
  	  	{
  	  	  	"press": true,
  	  	  	"dir": 0,
  	  	  	"time": 37584.6666666665,
  	  	  	"judgement": "sick"
  	  	},
  	  	{
  	  	  	"press": true,
  	  	  	"dir": 3,
  	  	  	"time": 37701.3333333331,
  	  	  	"judgement": "good"
  	  	},
  	  	{
  	  	  	"press": false,
  	  	  	"dir": 0,
  	  	  	"time": 37701.3333333331,
  	  	  	"judgement": null
  	  	},
  	  	{
  	  	  	"press": true,
  	  	  	"dir": 2,
  	  	  	"time": 37817.9999999998,
  	  	  	"judgement": "sick"
  	  	},
  	  	{
  	  	  	"press": false,
  	  	  	"dir": 3,
  	  	  	"time": 37851.3333333331,
  	  	  	"judgement": null
  	  	},
  	  	{
  	  	  	"press": true,
  	  	  	"dir": 0,
  	  	  	"time": 37884.6666666665,
  	  	  	"judgement": "sick"
  	  	},
  	  	{
  	  	  	"press": false,
  	  	  	"dir": 2,
  	  	  	"time": 37884.6666666665,
  	  	  	"judgement": null
  	  	},
  	  	{
  	  	  	"press": true,
  	  	  	"dir": 3,
  	  	  	"time": 37967.9999999998,
  	  	  	"judgement": "sick"
  	  	},
  	  	{
  	  	  	"press": false,
  	  	  	"dir": 0,
  	  	  	"time": 37967.9999999998,
  	  	  	"judgement": null
  	  	},
  	  	{
  	  	  	"press": true,
  	  	  	"dir": 1,
  	  	  	"time": 38034.6666666664,
  	  	  	"judgement": "sick"
  	  	},
  	  	{
  	  	  	"press": true,
  	  	  	"dir": 0,
  	  	  	"time": 38084.6666666664,
  	  	  	"judgement": "sick"
  	  	},
  	  	{
  	  	  	"press": false,
  	  	  	"dir": 3,
  	  	  	"time": 38084.6666666664,
  	  	  	"judgement": null
  	  	},
  	  	{
  	  	  	"press": false,
  	  	  	"dir": 1,
  	  	  	"time": 38134.6666666664,
  	  	  	"judgement": null
  	  	},
  	  	{
  	  	  	"press": true,
  	  	  	"dir": 2,
  	  	  	"time": 38201.3333333331,
  	  	  	"judgement": "sick"
  	  	},
  	  	{
  	  	  	"press": false,
  	  	  	"dir": 0,
  	  	  	"time": 38201.3333333331,
  	  	  	"judgement": null
  	  	},
  	  	{
  	  	  	"press": true,
  	  	  	"dir": 1,
  	  	  	"time": 38284.6666666664,
  	  	  	"judgement": "sick"
  	  	},
  	  	{
  	  	  	"press": false,
  	  	  	"dir": 2,
  	  	  	"time": 38284.6666666664,
  	  	  	"judgement": null
  	  	},
  	  	{
  	  	  	"press": true,
  	  	  	"dir": 3,
  	  	  	"time": 38384.6666666664,
  	  	  	"judgement": "sick"
  	  	},
  	  	{
  	  	  	"press": false,
  	  	  	"dir": 1,
  	  	  	"time": 38401.333333333,
  	  	  	"judgement": null
  	  	},
  	  	{
  	  	  	"press": true,
  	  	  	"dir": 2,
  	  	  	"time": 38467.9999999997,
  	  	  	"judgement": "sick"
  	  	},
  	  	{
  	  	  	"press": false,
  	  	  	"dir": 3,
  	  	  	"time": 38517.9999999997,
  	  	  	"judgement": null
  	  	},
  	  	{
  	  	  	"press": true,
  	  	  	"dir": 1,
  	  	  	"time": 38534.6666666664,
  	  	  	"judgement": "sick"
  	  	},
  	  	{
  	  	  	"press": false,
  	  	  	"dir": 2,
  	  	  	"time": 38534.6666666664,
  	  	  	"judgement": null
  	  	},
  	  	{
  	  	  	"press": false,
  	  	  	"dir": 1,
  	  	  	"time": 39134.6666666663,
  	  	  	"judgement": null
  	  	},
  	  	{
  	  	  	"press": true,
  	  	  	"dir": 0,
  	  	  	"time": 39701.3333333329,
  	  	  	"judgement": null
  	  	},
  	  	{
  	  	  	"press": true,
  	  	  	"dir": 1,
  	  	  	"time": 39717.9999999995,
  	  	  	"judgement": null
  	  	},
  	  	{
  	  	  	"press": true,
  	  	  	"dir": 3,
  	  	  	"time": 40051.3333333328,
  	  	  	"judgement": null
  	  	},
  	  	{
  	  	  	"press": true,
  	  	  	"dir": 2,
  	  	  	"time": 40067.9999999995,
  	  	  	"judgement": null
  	  	},
  	  	{
  	  	  	"press": false,
  	  	  	"dir": 1,
  	  	  	"time": 40067.9999999995,
  	  	  	"judgement": null
  	  	},
  	  	{
  	  	  	"press": false,
  	  	  	"dir": 0,
  	  	  	"time": 40084.6666666661,
  	  	  	"judgement": null
  	  	},
  	  	{
  	  	  	"press": false,
  	  	  	"dir": 2,
  	  	  	"time": 40151.3333333328,
  	  	  	"judgement": null
  	  	},
  	  	{
  	  	  	"press": false,
  	  	  	"dir": 3,
  	  	  	"time": 40201.3333333328,
  	  	  	"judgement": null
  	  	},
  	  	{
  	  	  	"press": true,
  	  	  	"dir": 0,
  	  	  	"time": 40301.3333333328,
  	  	  	"judgement": null
  	  	},
  	  	{
  	  	  	"press": true,
  	  	  	"dir": 1,
  	  	  	"time": 40301.3333333328,
  	  	  	"judgement": null
  	  	},
  	  	{
  	  	  	"press": false,
  	  	  	"dir": 1,
  	  	  	"time": 40467.9999999994,
  	  	  	"judgement": null
  	  	},
  	  	{
  	  	  	"press": false,
  	  	  	"dir": 0,
  	  	  	"time": 40601.3333333327,
  	  	  	"judgement": null
  	  	},
  	  	{
  	  	  	"press": true,
  	  	  	"dir": 2,
  	  	  	"time": 56596.999999999,
  	  	  	"judgement": null
  	  	},
  	  	{
  	  	  	"press": true,
  	  	  	"dir": 3,
  	  	  	"time": 56596.999999999,
  	  	  	"judgement": null
  	  	},
  	  	{
  	  	  	"press": false,
  	  	  	"dir": 2,
  	  	  	"time": 56663.6666666657,
  	  	  	"judgement": null
  	  	},
  	  	{
  	  	  	"press": false,
  	  	  	"dir": 3,
  	  	  	"time": 56663.6666666657,
  	  	  	"judgement": null
  	  	},
  	  	{
  	  	  	"press": true,
  	  	  	"dir": 3,
  	  	  	"time": 57146.999999999,
  	  	  	"judgement": null
  	  	},
  	  	{
  	  	  	"press": false,
  	  	  	"dir": 3,
  	  	  	"time": 57180.3333333323,
  	  	  	"judgement": null
  	  	},
  	  	{
  	  	  	"press": true,
  	  	  	"dir": 0,
  	  	  	"time": 57663.6666666656,
  	  	  	"judgement": "sick"
  	  	},
  	  	{
  	  	  	"press": true,
  	  	  	"dir": 3,
  	  	  	"time": 57846.9999999989,
  	  	  	"judgement": "sick"
  	  	},
  	  	{
  	  	  	"press": false,
  	  	  	"dir": 0,
  	  	  	"time": 57846.9999999989,
  	  	  	"judgement": null
  	  	},
  	  	{
  	  	  	"press": false,
  	  	  	"dir": 3,
  	  	  	"time": 57980.3333333322,
  	  	  	"judgement": null
  	  	},
  	  	{
  	  	  	"press": true,
  	  	  	"dir": 2,
  	  	  	"time": 58013.6666666655,
  	  	  	"judgement": "sick"
  	  	},
  	  	{
  	  	  	"press": true,
  	  	  	"dir": 0,
  	  	  	"time": 58130.3333333321,
  	  	  	"judgement": "sick"
  	  	},
  	  	{
  	  	  	"press": false,
  	  	  	"dir": 2,
  	  	  	"time": 58130.3333333321,
  	  	  	"judgement": null
  	  	},
  	  	{
  	  	  	"press": false,
  	  	  	"dir": 0,
  	  	  	"time": 58263.6666666655,
  	  	  	"judgement": null
  	  	},
  	  	{
  	  	  	"press": true,
  	  	  	"dir": 3,
  	  	  	"time": 58296.9999999988,
  	  	  	"judgement": "sick"
  	  	},
  	  	{
  	  	  	"press": false,
  	  	  	"dir": 3,
  	  	  	"time": 58363.6666666654,
  	  	  	"judgement": null
  	  	},
  	  	{
  	  	  	"press": true,
  	  	  	"dir": 0,
  	  	  	"time": 58430.3333333321,
  	  	  	"judgement": "sick"
  	  	},
  	  	{
  	  	  	"press": true,
  	  	  	"dir": 1,
  	  	  	"time": 58513.6666666654,
  	  	  	"judgement": "sick"
  	  	},
  	  	{
  	  	  	"press": false,
  	  	  	"dir": 0,
  	  	  	"time": 58546.9999999988,
  	  	  	"judgement": null
  	  	},
  	  	{
  	  	  	"press": true,
  	  	  	"dir": 3,
  	  	  	"time": 58580.3333333321,
  	  	  	"judgement": "sick"
  	  	},
  	  	{
  	  	  	"press": false,
  	  	  	"dir": 1,
  	  	  	"time": 58613.6666666654,
  	  	  	"judgement": null
  	  	},
  	  	{
  	  	  	"press": true,
  	  	  	"dir": 0,
  	  	  	"time": 58663.6666666654,
  	  	  	"judgement": "sick"
  	  	},
  	  	{
  	  	  	"press": false,
  	  	  	"dir": 3,
  	  	  	"time": 58663.6666666654,
  	  	  	"judgement": null
  	  	},
  	  	{
  	  	  	"press": true,
  	  	  	"dir": 2,
  	  	  	"time": 58763.6666666654,
  	  	  	"judgement": "sick"
  	  	},
  	  	{
  	  	  	"press": false,
  	  	  	"dir": 0,
  	  	  	"time": 58763.6666666654,
  	  	  	"judgement": null
  	  	},
  	  	{
  	  	  	"press": false,
  	  	  	"dir": 2,
  	  	  	"time": 58863.6666666654,
  	  	  	"judgement": null
  	  	},
  	  	{
  	  	  	"press": true,
  	  	  	"dir": 0,
  	  	  	"time": 58913.6666666654,
  	  	  	"judgement": "sick"
  	  	},
  	  	{
  	  	  	"press": false,
  	  	  	"dir": 0,
  	  	  	"time": 59030.333333332,
  	  	  	"judgement": null
  	  	},
  	  	{
  	  	  	"press": true,
  	  	  	"dir": 3,
  	  	  	"time": 59046.9999999987,
  	  	  	"judgement": "sick"
  	  	},
  	  	{
  	  	  	"press": false,
  	  	  	"dir": 3,
  	  	  	"time": 59130.333333332,
  	  	  	"judgement": null
  	  	},
  	  	{
  	  	  	"press": true,
  	  	  	"dir": 2,
  	  	  	"time": 59196.9999999987,
  	  	  	"judgement": "sick"
  	  	},
  	  	{
  	  	  	"press": false,
  	  	  	"dir": 2,
  	  	  	"time": 59346.9999999986,
  	  	  	"judgement": null
  	  	},
  	  	{
  	  	  	"press": true,
  	  	  	"dir": 0,
  	  	  	"time": 59363.6666666653,
  	  	  	"judgement": "sick"
  	  	},
  	  	{
  	  	  	"press": false,
  	  	  	"dir": 0,
  	  	  	"time": 59480.333333332,
  	  	  	"judgement": null
  	  	},
  	  	{
  	  	  	"press": true,
  	  	  	"dir": 3,
  	  	  	"time": 59513.6666666653,
  	  	  	"judgement": "sick"
  	  	},
  	  	{
  	  	  	"press": false,
  	  	  	"dir": 3,
  	  	  	"time": 59580.3333333319,
  	  	  	"judgement": null
  	  	},
  	  	{
  	  	  	"press": true,
  	  	  	"dir": 0,
  	  	  	"time": 59646.9999999986,
  	  	  	"judgement": "sick"
  	  	},
  	  	{
  	  	  	"press": false,
  	  	  	"dir": 0,
  	  	  	"time": 59763.6666666652,
  	  	  	"judgement": null
  	  	},
  	  	{
  	  	  	"press": true,
  	  	  	"dir": 2,
  	  	  	"time": 59796.9999999986,
  	  	  	"judgement": "sick"
  	  	},
  	  	{
  	  	  	"press": false,
  	  	  	"dir": 2,
  	  	  	"time": 59913.6666666652,
  	  	  	"judgement": null
  	  	},
  	  	{
  	  	  	"press": true,
  	  	  	"dir": 3,
  	  	  	"time": 59946.9999999986,
  	  	  	"judgement": "sick"
  	  	},
  	  	{
  	  	  	"press": false,
  	  	  	"dir": 3,
  	  	  	"time": 60046.9999999985,
  	  	  	"judgement": null
  	  	},
  	  	{
  	  	  	"press": true,
  	  	  	"dir": 0,
  	  	  	"time": 60080.3333333319,
  	  	  	"judgement": "sick"
  	  	},
  	  	{
  	  	  	"press": false,
  	  	  	"dir": 0,
  	  	  	"time": 60230.3333333318,
  	  	  	"judgement": null
  	  	},
  	  	{
  	  	  	"press": true,
  	  	  	"dir": 3,
  	  	  	"time": 60263.6666666652,
  	  	  	"judgement": "sick"
  	  	},
  	  	{
  	  	  	"press": false,
  	  	  	"dir": 3,
  	  	  	"time": 60380.3333333318,
  	  	  	"judgement": null
  	  	},
  	  	{
  	  	  	"press": true,
  	  	  	"dir": 2,
  	  	  	"time": 60413.6666666652,
  	  	  	"judgement": "sick"
  	  	},
  	  	{
  	  	  	"press": true,
  	  	  	"dir": 0,
  	  	  	"time": 60546.9999999985,
  	  	  	"judgement": "sick"
  	  	},
  	  	{
  	  	  	"press": false,
  	  	  	"dir": 2,
  	  	  	"time": 60546.9999999985,
  	  	  	"judgement": null
  	  	},
  	  	{
  	  	  	"press": true,
  	  	  	"dir": 3,
  	  	  	"time": 60680.3333333318,
  	  	  	"judgement": "sick"
  	  	},
  	  	{
  	  	  	"press": false,
  	  	  	"dir": 0,
  	  	  	"time": 60680.3333333318,
  	  	  	"judgement": null
  	  	},
  	  	{
  	  	  	"press": false,
  	  	  	"dir": 3,
  	  	  	"time": 60780.3333333318,
  	  	  	"judgement": null
  	  	},
  	  	{
  	  	  	"press": true,
  	  	  	"dir": 0,
  	  	  	"time": 60830.3333333318,
  	  	  	"judgement": "sick"
  	  	},
  	  	{
  	  	  	"press": true,
  	  	  	"dir": 1,
  	  	  	"time": 60896.9999999984,
  	  	  	"judgement": "sick"
  	  	},
  	  	{
  	  	  	"press": false,
  	  	  	"dir": 0,
  	  	  	"time": 60930.3333333317,
  	  	  	"judgement": null
  	  	},
  	  	{
  	  	  	"press": true,
  	  	  	"dir": 3,
  	  	  	"time": 60980.3333333317,
  	  	  	"judgement": "sick"
  	  	},
  	  	{
  	  	  	"press": false,
  	  	  	"dir": 1,
  	  	  	"time": 61013.6666666651,
  	  	  	"judgement": null
  	  	},
  	  	{
  	  	  	"press": true,
  	  	  	"dir": 0,
  	  	  	"time": 61046.9999999984,
  	  	  	"judgement": "sick"
  	  	},
  	  	{
  	  	  	"press": false,
  	  	  	"dir": 3,
  	  	  	"time": 61046.9999999984,
  	  	  	"judgement": null
  	  	},
  	  	{
  	  	  	"press": true,
  	  	  	"dir": 2,
  	  	  	"time": 61180.3333333317,
  	  	  	"judgement": "sick"
  	  	},
  	  	{
  	  	  	"press": false,
  	  	  	"dir": 0,
  	  	  	"time": 61180.3333333317,
  	  	  	"judgement": null
  	  	},
  	  	{
  	  	  	"press": false,
  	  	  	"dir": 2,
  	  	  	"time": 61296.9999999984,
  	  	  	"judgement": null
  	  	},
  	  	{
  	  	  	"press": true,
  	  	  	"dir": 0,
  	  	  	"time": 61330.3333333317,
  	  	  	"judgement": "sick"
  	  	},
  	  	{
  	  	  	"press": true,
  	  	  	"dir": 3,
  	  	  	"time": 61430.3333333317,
  	  	  	"judgement": "sick"
  	  	},
  	  	{
  	  	  	"press": false,
  	  	  	"dir": 0,
  	  	  	"time": 61446.9999999983,
  	  	  	"judgement": null
  	  	},
  	  	{
  	  	  	"press": false,
  	  	  	"dir": 3,
  	  	  	"time": 61513.666666665,
  	  	  	"judgement": null
  	  	},
  	  	{
  	  	  	"press": true,
  	  	  	"dir": 2,
  	  	  	"time": 61613.666666665,
  	  	  	"judgement": "sick"
  	  	},
  	  	{
  	  	  	"press": false,
  	  	  	"dir": 2,
  	  	  	"time": 61730.3333333316,
  	  	  	"judgement": null
  	  	},
  	  	{
  	  	  	"press": true,
  	  	  	"dir": 0,
  	  	  	"time": 61763.666666665,
  	  	  	"judgement": "sick"
  	  	},
  	  	{
  	  	  	"press": true,
  	  	  	"dir": 3,
  	  	  	"time": 61880.3333333316,
  	  	  	"judgement": "sick"
  	  	},
  	  	{
  	  	  	"press": false,
  	  	  	"dir": 0,
  	  	  	"time": 61913.6666666649,
  	  	  	"judgement": null
  	  	},
  	  	{
  	  	  	"press": false,
  	  	  	"dir": 3,
  	  	  	"time": 61980.3333333316,
  	  	  	"judgement": null
  	  	},
  	  	{
  	  	  	"press": true,
  	  	  	"dir": 0,
  	  	  	"time": 62046.9999999982,
  	  	  	"judgement": "sick"
  	  	},
  	  	{
  	  	  	"press": true,
  	  	  	"dir": 2,
  	  	  	"time": 62180.3333333316,
  	  	  	"judgement": "sick"
  	  	},
  	  	{
  	  	  	"press": false,
  	  	  	"dir": 0,
  	  	  	"time": 62213.6666666649,
  	  	  	"judgement": null
  	  	},
  	  	{
  	  	  	"press": false,
  	  	  	"dir": 2,
  	  	  	"time": 62280.3333333315,
  	  	  	"judgement": null
  	  	},
  	  	{
  	  	  	"press": true,
  	  	  	"dir": 3,
  	  	  	"time": 62330.3333333315,
  	  	  	"judgement": "sick"
  	  	},
  	  	{
  	  	  	"press": false,
  	  	  	"dir": 3,
  	  	  	"time": 62446.9999999982,
  	  	  	"judgement": null
  	  	},
  	  	{
  	  	  	"press": true,
  	  	  	"dir": 0,
  	  	  	"time": 62480.3333333315,
  	  	  	"judgement": "sick"
  	  	},
  	  	{
  	  	  	"press": true,
  	  	  	"dir": 1,
  	  	  	"time": 62563.6666666648,
  	  	  	"judgement": "sick"
  	  	},
  	  	{
  	  	  	"press": false,
  	  	  	"dir": 0,
  	  	  	"time": 62613.6666666648,
  	  	  	"judgement": null
  	  	},
  	  	{
  	  	  	"press": true,
  	  	  	"dir": 3,
  	  	  	"time": 62630.3333333315,
  	  	  	"judgement": "sick"
  	  	},
  	  	{
  	  	  	"press": false,
  	  	  	"dir": 1,
  	  	  	"time": 62680.3333333315,
  	  	  	"judgement": null
  	  	},
  	  	{
  	  	  	"press": true,
  	  	  	"dir": 2,
  	  	  	"time": 62730.3333333315,
  	  	  	"judgement": "sick"
  	  	},
  	  	{
  	  	  	"press": false,
  	  	  	"dir": 3,
  	  	  	"time": 62763.6666666648,
  	  	  	"judgement": null
  	  	},
  	  	{
  	  	  	"press": true,
  	  	  	"dir": 0,
  	  	  	"time": 62813.6666666648,
  	  	  	"judgement": "sick"
  	  	},
  	  	{
  	  	  	"press": false,
  	  	  	"dir": 2,
  	  	  	"time": 62846.9999999981,
  	  	  	"judgement": null
  	  	},
  	  	{
  	  	  	"press": true,
  	  	  	"dir": 1,
  	  	  	"time": 62880.3333333315,
  	  	  	"judgement": "sick"
  	  	},
  	  	{
  	  	  	"press": false,
  	  	  	"dir": 0,
  	  	  	"time": 62930.3333333315,
  	  	  	"judgement": null
  	  	},
  	  	{
  	  	  	"press": true,
  	  	  	"dir": 3,
  	  	  	"time": 62963.6666666648,
  	  	  	"judgement": "sick"
  	  	},
  	  	{
  	  	  	"press": false,
  	  	  	"dir": 1,
  	  	  	"time": 62980.3333333314,
  	  	  	"judgement": null
  	  	},
  	  	{
  	  	  	"press": true,
  	  	  	"dir": 2,
  	  	  	"time": 63030.3333333314,
  	  	  	"judgement": "sick"
  	  	},
  	  	{
  	  	  	"press": false,
  	  	  	"dir": 3,
  	  	  	"time": 63063.6666666648,
  	  	  	"judgement": null
  	  	},
  	  	{
  	  	  	"press": true,
  	  	  	"dir": 0,
  	  	  	"time": 63113.6666666648,
  	  	  	"judgement": "sick"
  	  	},
  	  	{
  	  	  	"press": false,
  	  	  	"dir": 2,
  	  	  	"time": 63130.3333333314,
  	  	  	"judgement": null
  	  	},
  	  	{
  	  	  	"press": true,
  	  	  	"dir": 1,
  	  	  	"time": 63180.3333333314,
  	  	  	"judgement": "sick"
  	  	},
  	  	{
  	  	  	"press": false,
  	  	  	"dir": 0,
  	  	  	"time": 63230.3333333314,
  	  	  	"judgement": null
  	  	},
  	  	{
  	  	  	"press": true,
  	  	  	"dir": 3,
  	  	  	"time": 63263.6666666647,
  	  	  	"judgement": "sick"
  	  	},
  	  	{
  	  	  	"press": false,
  	  	  	"dir": 1,
  	  	  	"time": 63263.6666666647,
  	  	  	"judgement": null
  	  	},
  	  	{
  	  	  	"press": true,
  	  	  	"dir": 2,
  	  	  	"time": 63346.9999999981,
  	  	  	"judgement": "sick"
  	  	},
  	  	{
  	  	  	"press": false,
  	  	  	"dir": 3,
  	  	  	"time": 63363.6666666647,
  	  	  	"judgement": null
  	  	},
  	  	{
  	  	  	"press": true,
  	  	  	"dir": 0,
  	  	  	"time": 63396.9999999981,
  	  	  	"judgement": "sick"
  	  	},
  	  	{
  	  	  	"press": false,
  	  	  	"dir": 2,
  	  	  	"time": 63396.9999999981,
  	  	  	"judgement": null
  	  	},
  	  	{
  	  	  	"press": true,
  	  	  	"dir": 1,
  	  	  	"time": 63463.6666666647,
  	  	  	"judgement": "sick"
  	  	},
  	  	{
  	  	  	"press": false,
  	  	  	"dir": 0,
  	  	  	"time": 63530.3333333314,
  	  	  	"judgement": null
  	  	},
  	  	{
  	  	  	"press": true,
  	  	  	"dir": 3,
  	  	  	"time": 63563.6666666647,
  	  	  	"judgement": "sick"
  	  	},
  	  	{
  	  	  	"press": false,
  	  	  	"dir": 1,
  	  	  	"time": 63580.3333333314,
  	  	  	"judgement": null
  	  	},
  	  	{
  	  	  	"press": true,
  	  	  	"dir": 2,
  	  	  	"time": 63646.999999998,
  	  	  	"judgement": "sick"
  	  	},
  	  	{
  	  	  	"press": false,
  	  	  	"dir": 3,
  	  	  	"time": 63680.3333333313,
  	  	  	"judgement": null
  	  	},
  	  	{
  	  	  	"press": true,
  	  	  	"dir": 0,
  	  	  	"time": 63713.6666666647,
  	  	  	"judgement": "sick"
  	  	},
  	  	{
  	  	  	"press": false,
  	  	  	"dir": 2,
  	  	  	"time": 63746.999999998,
  	  	  	"judgement": null
  	  	},
  	  	{
  	  	  	"press": true,
  	  	  	"dir": 1,
  	  	  	"time": 63780.3333333313,
  	  	  	"judgement": "sick"
  	  	},
  	  	{
  	  	  	"press": true,
  	  	  	"dir": 3,
  	  	  	"time": 63863.6666666646,
  	  	  	"judgement": "sick"
  	  	},
  	  	{
  	  	  	"press": false,
  	  	  	"dir": 0,
  	  	  	"time": 63863.6666666646,
  	  	  	"judgement": null
  	  	},
  	  	{
  	  	  	"press": false,
  	  	  	"dir": 1,
  	  	  	"time": 63896.999999998,
  	  	  	"judgement": null
  	  	},
  	  	{
  	  	  	"press": true,
  	  	  	"dir": 2,
  	  	  	"time": 63946.999999998,
  	  	  	"judgement": "sick"
  	  	},
  	  	{
  	  	  	"press": false,
  	  	  	"dir": 3,
  	  	  	"time": 63963.6666666646,
  	  	  	"judgement": null
  	  	},
  	  	{
  	  	  	"press": true,
  	  	  	"dir": 0,
  	  	  	"time": 64013.6666666646,
  	  	  	"judgement": "sick"
  	  	},
  	  	{
  	  	  	"press": false,
  	  	  	"dir": 2,
  	  	  	"time": 64013.6666666646,
  	  	  	"judgement": null
  	  	},
  	  	{
  	  	  	"press": true,
  	  	  	"dir": 1,
  	  	  	"time": 64080.3333333313,
  	  	  	"judgement": "sick"
  	  	},
  	  	{
  	  	  	"press": false,
  	  	  	"dir": 0,
  	  	  	"time": 64146.9999999979,
  	  	  	"judgement": null
  	  	},
  	  	{
  	  	  	"press": true,
  	  	  	"dir": 3,
  	  	  	"time": 64163.6666666646,
  	  	  	"judgement": "sick"
  	  	},
  	  	{
  	  	  	"press": false,
  	  	  	"dir": 1,
  	  	  	"time": 64163.6666666646,
  	  	  	"judgement": null
  	  	},
  	  	{
  	  	  	"press": true,
  	  	  	"dir": 2,
  	  	  	"time": 64263.6666666646,
  	  	  	"judgement": "sick"
  	  	},
  	  	{
  	  	  	"press": false,
  	  	  	"dir": 3,
  	  	  	"time": 64263.6666666646,
  	  	  	"judgement": null
  	  	},
  	  	{
  	  	  	"press": false,
  	  	  	"dir": 2,
  	  	  	"time": 64330.3333333312,
  	  	  	"judgement": null
  	  	},
  	  	{
  	  	  	"press": true,
  	  	  	"dir": 0,
  	  	  	"time": 64363.6666666646,
  	  	  	"judgement": "sick"
  	  	},
  	  	{
  	  	  	"press": true,
  	  	  	"dir": 3,
  	  	  	"time": 64463.6666666646,
  	  	  	"judgement": "sick"
  	  	},
  	  	{
  	  	  	"press": false,
  	  	  	"dir": 0,
  	  	  	"time": 64463.6666666646,
  	  	  	"judgement": null
  	  	},
  	  	{
  	  	  	"press": false,
  	  	  	"dir": 3,
  	  	  	"time": 64513.6666666646,
  	  	  	"judgement": null
  	  	},
  	  	{
  	  	  	"press": true,
  	  	  	"dir": 2,
  	  	  	"time": 64563.6666666645,
  	  	  	"judgement": "sick"
  	  	},
  	  	{
  	  	  	"press": true,
  	  	  	"dir": 0,
  	  	  	"time": 64630.3333333312,
  	  	  	"judgement": "sick"
  	  	},
  	  	{
  	  	  	"press": false,
  	  	  	"dir": 2,
  	  	  	"time": 64663.6666666645,
  	  	  	"judgement": null
  	  	},
  	  	{
  	  	  	"press": true,
  	  	  	"dir": 1,
  	  	  	"time": 64680.3333333312,
  	  	  	"judgement": "sick"
  	  	},
  	  	{
  	  	  	"press": false,
  	  	  	"dir": 0,
  	  	  	"time": 64696.9999999979,
  	  	  	"judgement": null
  	  	},
  	  	{
  	  	  	"press": false,
  	  	  	"dir": 1,
  	  	  	"time": 64763.6666666645,
  	  	  	"judgement": null
  	  	},
  	  	{
  	  	  	"press": true,
  	  	  	"dir": 3,
  	  	  	"time": 64813.6666666645,
  	  	  	"judgement": "good"
  	  	},
  	  	{
  	  	  	"press": false,
  	  	  	"dir": 3,
  	  	  	"time": 64896.9999999978,
  	  	  	"judgement": null
  	  	},
  	  	{
  	  	  	"press": true,
  	  	  	"dir": 0,
  	  	  	"time": 64913.6666666645,
  	  	  	"judgement": "sick"
  	  	},
  	  	{
  	  	  	"press": true,
  	  	  	"dir": 1,
  	  	  	"time": 64980.3333333312,
  	  	  	"judgement": "sick"
  	  	},
  	  	{
  	  	  	"press": false,
  	  	  	"dir": 0,
  	  	  	"time": 64996.9999999978,
  	  	  	"judgement": null
  	  	},
  	  	{
  	  	  	"press": true,
  	  	  	"dir": 3,
  	  	  	"time": 65030.3333333311,
  	  	  	"judgement": "sick"
  	  	},
  	  	{
  	  	  	"press": false,
  	  	  	"dir": 1,
  	  	  	"time": 65063.6666666645,
  	  	  	"judgement": null
  	  	},
  	  	{
  	  	  	"press": true,
  	  	  	"dir": 2,
  	  	  	"time": 65146.9999999978,
  	  	  	"judgement": "sick"
  	  	},
  	  	{
  	  	  	"press": false,
  	  	  	"dir": 3,
  	  	  	"time": 65163.6666666645,
  	  	  	"judgement": null
  	  	},
  	  	{
  	  	  	"press": false,
  	  	  	"dir": 2,
  	  	  	"time": 65213.6666666645,
  	  	  	"judgement": null
  	  	},
  	  	{
  	  	  	"press": true,
  	  	  	"dir": 0,
  	  	  	"time": 65230.3333333311,
  	  	  	"judgement": "sick"
  	  	},
  	  	{
  	  	  	"press": true,
  	  	  	"dir": 1,
  	  	  	"time": 65296.9999999978,
  	  	  	"judgement": "sick"
  	  	},
  	  	{
  	  	  	"press": false,
  	  	  	"dir": 0,
  	  	  	"time": 65313.6666666644,
  	  	  	"judgement": null
  	  	},
  	  	{
  	  	  	"press": true,
  	  	  	"dir": 3,
  	  	  	"time": 65346.9999999978,
  	  	  	"judgement": "sick"
  	  	},
  	  	{
  	  	  	"press": false,
  	  	  	"dir": 1,
  	  	  	"time": 65363.6666666644,
  	  	  	"judgement": null
  	  	},
  	  	{
  	  	  	"press": true,
  	  	  	"dir": 2,
  	  	  	"time": 65413.6666666644,
  	  	  	"judgement": "sick"
  	  	},
  	  	{
  	  	  	"press": false,
  	  	  	"dir": 3,
  	  	  	"time": 65430.3333333311,
  	  	  	"judgement": null
  	  	},
  	  	{
  	  	  	"press": false,
  	  	  	"dir": 2,
  	  	  	"time": 65480.3333333311,
  	  	  	"judgement": null
  	  	},
  	  	{
  	  	  	"press": true,
  	  	  	"dir": 0,
  	  	  	"time": 65496.9999999977,
  	  	  	"judgement": "sick"
  	  	},
  	  	{
  	  	  	"press": true,
  	  	  	"dir": 1,
  	  	  	"time": 65580.3333333311,
  	  	  	"judgement": "sick"
  	  	},
  	  	{
  	  	  	"press": false,
  	  	  	"dir": 0,
  	  	  	"time": 65596.9999999978,
  	  	  	"judgement": null
  	  	},
  	  	{
  	  	  	"press": true,
  	  	  	"dir": 3,
  	  	  	"time": 65630.3333333311,
  	  	  	"judgement": "sick"
  	  	},
  	  	{
  	  	  	"press": false,
  	  	  	"dir": 1,
  	  	  	"time": 65663.6666666644,
  	  	  	"judgement": null
  	  	},
  	  	{
  	  	  	"press": true,
  	  	  	"dir": 2,
  	  	  	"time": 65696.9999999978,
  	  	  	"judgement": "sick"
  	  	},
  	  	{
  	  	  	"press": false,
  	  	  	"dir": 3,
  	  	  	"time": 65713.6666666645,
  	  	  	"judgement": null
  	  	},
  	  	{
  	  	  	"press": true,
  	  	  	"dir": 0,
  	  	  	"time": 65780.3333333311,
  	  	  	"judgement": "sick"
  	  	},
  	  	{
  	  	  	"press": false,
  	  	  	"dir": 2,
  	  	  	"time": 65780.3333333311,
  	  	  	"judgement": null
  	  	},
  	  	{
  	  	  	"press": true,
  	  	  	"dir": 1,
  	  	  	"time": 65863.6666666645,
  	  	  	"judgement": "sick"
  	  	},
  	  	{
  	  	  	"press": false,
  	  	  	"dir": 0,
  	  	  	"time": 65896.9999999978,
  	  	  	"judgement": null
  	  	},
  	  	{
  	  	  	"press": true,
  	  	  	"dir": 3,
  	  	  	"time": 65913.6666666645,
  	  	  	"judgement": "sick"
  	  	},
  	  	{
  	  	  	"press": false,
  	  	  	"dir": 1,
  	  	  	"time": 65930.3333333312,
  	  	  	"judgement": null
  	  	},
  	  	{
  	  	  	"press": true,
  	  	  	"dir": 2,
  	  	  	"time": 65996.9999999979,
  	  	  	"judgement": "sick"
  	  	},
  	  	{
  	  	  	"press": false,
  	  	  	"dir": 3,
  	  	  	"time": 66030.3333333312,
  	  	  	"judgement": null
  	  	},
  	  	{
  	  	  	"press": true,
  	  	  	"dir": 0,
  	  	  	"time": 66080.3333333312,
  	  	  	"judgement": "sick"
  	  	},
  	  	{
  	  	  	"press": false,
  	  	  	"dir": 2,
  	  	  	"time": 66080.3333333312,
  	  	  	"judgement": null
  	  	},
  	  	{
  	  	  	"press": true,
  	  	  	"dir": 1,
  	  	  	"time": 66146.9999999979,
  	  	  	"judgement": "sick"
  	  	},
  	  	{
  	  	  	"press": false,
  	  	  	"dir": 0,
  	  	  	"time": 66180.3333333313,
  	  	  	"judgement": null
  	  	},
  	  	{
  	  	  	"press": true,
  	  	  	"dir": 3,
  	  	  	"time": 66230.3333333313,
  	  	  	"judgement": "sick"
  	  	},
  	  	{
  	  	  	"press": false,
  	  	  	"dir": 1,
  	  	  	"time": 66246.9999999979,
  	  	  	"judgement": null
  	  	},
  	  	{
  	  	  	"press": true,
  	  	  	"dir": 2,
  	  	  	"time": 66313.6666666646,
  	  	  	"judgement": "sick"
  	  	},
  	  	{
  	  	  	"press": false,
  	  	  	"dir": 3,
  	  	  	"time": 66346.999999998,
  	  	  	"judgement": null
  	  	},
  	  	{
  	  	  	"press": false,
  	  	  	"dir": 2,
  	  	  	"time": 66396.999999998,
  	  	  	"judgement": null
  	  	},
  	  	{
  	  	  	"press": true,
  	  	  	"dir": 0,
  	  	  	"time": 66413.6666666647,
  	  	  	"judgement": "sick"
  	  	},
  	  	{
  	  	  	"press": true,
  	  	  	"dir": 1,
  	  	  	"time": 66480.3333333313,
  	  	  	"judgement": "sick"
  	  	},
  	  	{
  	  	  	"press": false,
  	  	  	"dir": 0,
  	  	  	"time": 66530.3333333314,
  	  	  	"judgement": null
  	  	},
  	  	{
  	  	  	"press": true,
  	  	  	"dir": 3,
  	  	  	"time": 66546.999999998,
  	  	  	"judgement": "sick"
  	  	},
  	  	{
  	  	  	"press": false,
  	  	  	"dir": 1,
  	  	  	"time": 66580.3333333314,
  	  	  	"judgement": null
  	  	},
  	  	{
  	  	  	"press": true,
  	  	  	"dir": 2,
  	  	  	"time": 66613.6666666647,
  	  	  	"judgement": "sick"
  	  	},
  	  	{
  	  	  	"press": false,
  	  	  	"dir": 3,
  	  	  	"time": 66646.9999999981,
  	  	  	"judgement": null
  	  	},
  	  	{
  	  	  	"press": true,
  	  	  	"dir": 0,
  	  	  	"time": 66696.9999999981,
  	  	  	"judgement": "sick"
  	  	},
  	  	{
  	  	  	"press": false,
  	  	  	"dir": 2,
  	  	  	"time": 66713.6666666648,
  	  	  	"judgement": null
  	  	},
  	  	{
  	  	  	"press": false,
  	  	  	"dir": 0,
  	  	  	"time": 66780.3333333314,
  	  	  	"judgement": null
  	  	},
  	  	{
  	  	  	"press": true,
  	  	  	"dir": 3,
  	  	  	"time": 66796.9999999981,
  	  	  	"judgement": "sick"
  	  	},
  	  	{
  	  	  	"press": true,
  	  	  	"dir": 0,
  	  	  	"time": 66846.9999999981,
  	  	  	"judgement": "sick"
  	  	},
  	  	{
  	  	  	"press": false,
  	  	  	"dir": 3,
  	  	  	"time": 66846.9999999981,
  	  	  	"judgement": null
  	  	},
  	  	{
  	  	  	"press": true,
  	  	  	"dir": 3,
  	  	  	"time": 66930.3333333315,
  	  	  	"judgement": "sick"
  	  	},
  	  	{
  	  	  	"press": false,
  	  	  	"dir": 0,
  	  	  	"time": 66930.3333333315,
  	  	  	"judgement": null
  	  	},
  	  	{
  	  	  	"press": true,
  	  	  	"dir": 2,
  	  	  	"time": 67063.6666666649,
  	  	  	"judgement": "good"
  	  	},
  	  	{
  	  	  	"press": false,
  	  	  	"dir": 3,
  	  	  	"time": 67080.3333333315,
  	  	  	"judgement": null
  	  	},
  	  	{
  	  	  	"press": true,
  	  	  	"dir": 1,
  	  	  	"time": 67113.6666666649,
  	  	  	"judgement": "sick"
  	  	},
  	  	{
  	  	  	"press": false,
  	  	  	"dir": 2,
  	  	  	"time": 67146.9999999982,
  	  	  	"judgement": null
  	  	},
  	  	{
  	  	  	"press": true,
  	  	  	"dir": 0,
  	  	  	"time": 67213.6666666649,
  	  	  	"judgement": "good"
  	  	},
  	  	{
  	  	  	"press": false,
  	  	  	"dir": 1,
  	  	  	"time": 67246.9999999982,
  	  	  	"judgement": null
  	  	},
  	  	{
  	  	  	"press": true,
  	  	  	"dir": 2,
  	  	  	"time": 67313.6666666649,
  	  	  	"judgement": "sick"
  	  	},
  	  	{
  	  	  	"press": false,
  	  	  	"dir": 0,
  	  	  	"time": 67313.6666666649,
  	  	  	"judgement": null
  	  	},
  	  	{
  	  	  	"press": false,
  	  	  	"dir": 2,
  	  	  	"time": 68366.0000000001,
  	  	  	"judgement": null
  	  	},
  	  	{
  	  	  	"press": true,
  	  	  	"dir": 0,
  	  	  	"time": 69732.6666666672,
  	  	  	"judgement": "sick"
  	  	},
  	  	{
  	  	  	"press": true,
  	  	  	"dir": 1,
  	  	  	"time": 69782.6666666672,
  	  	  	"judgement": "sick"
  	  	},
  	  	{
  	  	  	"press": false,
  	  	  	"dir": 0,
  	  	  	"time": 69816.0000000006,
  	  	  	"judgement": null
  	  	},
  	  	{
  	  	  	"press": true,
  	  	  	"dir": 3,
  	  	  	"time": 69849.3333333339,
  	  	  	"judgement": "sick"
  	  	},
  	  	{
  	  	  	"press": false,
  	  	  	"dir": 1,
  	  	  	"time": 69866.0000000006,
  	  	  	"judgement": null
  	  	},
  	  	{
  	  	  	"press": true,
  	  	  	"dir": 2,
  	  	  	"time": 69932.6666666673,
  	  	  	"judgement": "sick"
  	  	},
  	  	{
  	  	  	"press": false,
  	  	  	"dir": 3,
  	  	  	"time": 69966.0000000006,
  	  	  	"judgement": null
  	  	},
  	  	{
  	  	  	"press": true,
  	  	  	"dir": 0,
  	  	  	"time": 69982.6666666673,
  	  	  	"judgement": "sick"
  	  	},
  	  	{
  	  	  	"press": false,
  	  	  	"dir": 2,
  	  	  	"time": 70032.6666666673,
  	  	  	"judgement": null
  	  	},
  	  	{
  	  	  	"press": false,
  	  	  	"dir": 0,
  	  	  	"time": 70066.0000000006,
  	  	  	"judgement": null
  	  	},
  	  	{
  	  	  	"press": true,
  	  	  	"dir": 3,
  	  	  	"time": 70099.333333334,
  	  	  	"judgement": "sick"
  	  	},
  	  	{
  	  	  	"press": true,
  	  	  	"dir": 1,
  	  	  	"time": 70149.333333334,
  	  	  	"judgement": "sick"
  	  	},
  	  	{
  	  	  	"press": true,
  	  	  	"dir": 0,
  	  	  	"time": 70199.333333334,
  	  	  	"judgement": "sick"
  	  	},
  	  	{
  	  	  	"press": false,
  	  	  	"dir": 3,
  	  	  	"time": 70199.333333334,
  	  	  	"judgement": null
  	  	},
  	  	{
  	  	  	"press": false,
  	  	  	"dir": 1,
  	  	  	"time": 70232.6666666673,
  	  	  	"judgement": null
  	  	},
  	  	{
  	  	  	"press": true,
  	  	  	"dir": 2,
  	  	  	"time": 70316.0000000007,
  	  	  	"judgement": "sick"
  	  	},
  	  	{
  	  	  	"press": false,
  	  	  	"dir": 0,
  	  	  	"time": 70316.0000000007,
  	  	  	"judgement": null
  	  	},
  	  	{
  	  	  	"press": true,
  	  	  	"dir": 3,
  	  	  	"time": 70366.0000000007,
  	  	  	"judgement": "sick"
  	  	},
  	  	{
  	  	  	"press": false,
  	  	  	"dir": 2,
  	  	  	"time": 70382.6666666674,
  	  	  	"judgement": null
  	  	},
  	  	{
  	  	  	"press": false,
  	  	  	"dir": 3,
  	  	  	"time": 70449.3333333341,
  	  	  	"judgement": null
  	  	},
  	  	{
  	  	  	"press": true,
  	  	  	"dir": 0,
  	  	  	"time": 70466.0000000007,
  	  	  	"judgement": "sick"
  	  	},
  	  	{
  	  	  	"press": true,
  	  	  	"dir": 3,
  	  	  	"time": 70532.6666666674,
  	  	  	"judgement": "sick"
  	  	},
  	  	{
  	  	  	"press": false,
  	  	  	"dir": 0,
  	  	  	"time": 70549.3333333341,
  	  	  	"judgement": null
  	  	},
  	  	{
  	  	  	"press": true,
  	  	  	"dir": 2,
  	  	  	"time": 70616.0000000008,
  	  	  	"judgement": "sick"
  	  	},
  	  	{
  	  	  	"press": true,
  	  	  	"dir": 0,
  	  	  	"time": 70632.6666666675,
  	  	  	"judgement": "sick"
  	  	},
  	  	{
  	  	  	"press": false,
  	  	  	"dir": 3,
  	  	  	"time": 70649.3333333341,
  	  	  	"judgement": null
  	  	},
  	  	{
  	  	  	"press": false,
  	  	  	"dir": 0,
  	  	  	"time": 70749.3333333342,
  	  	  	"judgement": null
  	  	},
  	  	{
  	  	  	"press": false,
  	  	  	"dir": 2,
  	  	  	"time": 70749.3333333342,
  	  	  	"judgement": null
  	  	},
  	  	{
  	  	  	"press": true,
  	  	  	"dir": 3,
  	  	  	"time": 70799.3333333342,
  	  	  	"judgement": "good"
  	  	},
  	  	{
  	  	  	"press": true,
  	  	  	"dir": 0,
  	  	  	"time": 70866.0000000009,
  	  	  	"judgement": "sick"
  	  	},
  	  	{
  	  	  	"press": false,
  	  	  	"dir": 3,
  	  	  	"time": 70882.6666666675,
  	  	  	"judgement": null
  	  	},
  	  	{
  	  	  	"press": false,
  	  	  	"dir": 0,
  	  	  	"time": 70949.3333333342,
  	  	  	"judgement": null
  	  	},
  	  	{
  	  	  	"press": true,
  	  	  	"dir": 3,
  	  	  	"time": 70966.0000000009,
  	  	  	"judgement": "good"
  	  	},
  	  	{
  	  	  	"press": true,
  	  	  	"dir": 0,
  	  	  	"time": 71032.6666666676,
  	  	  	"judgement": "good"
  	  	},
  	  	{
  	  	  	"press": false,
  	  	  	"dir": 3,
  	  	  	"time": 71049.3333333342,
  	  	  	"judgement": null
  	  	},
  	  	{
  	  	  	"press": true,
  	  	  	"dir": 2,
  	  	  	"time": 71082.6666666676,
  	  	  	"judgement": "sick"
  	  	},
  	  	{
  	  	  	"press": false,
  	  	  	"dir": 0,
  	  	  	"time": 71116.0000000009,
  	  	  	"judgement": null
  	  	},
  	  	{
  	  	  	"press": true,
  	  	  	"dir": 3,
  	  	  	"time": 71149.3333333343,
  	  	  	"judgement": "sick"
  	  	},
  	  	{
  	  	  	"press": false,
  	  	  	"dir": 2,
  	  	  	"time": 71166.0000000009,
  	  	  	"judgement": null
  	  	},
  	  	{
  	  	  	"press": true,
  	  	  	"dir": 0,
  	  	  	"time": 71249.3333333343,
  	  	  	"judgement": "good"
  	  	},
  	  	{
  	  	  	"press": false,
  	  	  	"dir": 3,
  	  	  	"time": 71266.000000001,
  	  	  	"judgement": null
  	  	},
  	  	{
  	  	  	"press": true,
  	  	  	"dir": 1,
  	  	  	"time": 71316.000000001,
  	  	  	"judgement": "sick"
  	  	},
  	  	{
  	  	  	"press": false,
  	  	  	"dir": 0,
  	  	  	"time": 71332.6666666677,
  	  	  	"judgement": null
  	  	},
  	  	{
  	  	  	"press": true,
  	  	  	"dir": 3,
  	  	  	"time": 71349.3333333343,
  	  	  	"judgement": "sick"
  	  	},
  	  	{
  	  	  	"press": false,
  	  	  	"dir": 1,
  	  	  	"time": 71399.3333333343,
  	  	  	"judgement": null
  	  	},
  	  	{
  	  	  	"press": true,
  	  	  	"dir": 2,
  	  	  	"time": 71432.6666666677,
  	  	  	"judgement": "sick"
  	  	},
  	  	{
  	  	  	"press": false,
  	  	  	"dir": 3,
  	  	  	"time": 71466.000000001,
  	  	  	"judgement": null
  	  	},
  	  	{
  	  	  	"press": true,
  	  	  	"dir": 0,
  	  	  	"time": 71499.3333333344,
  	  	  	"judgement": "sick"
  	  	},
  	  	{
  	  	  	"press": false,
  	  	  	"dir": 2,
  	  	  	"time": 71532.6666666677,
  	  	  	"judgement": null
  	  	},
  	  	{
  	  	  	"press": true,
  	  	  	"dir": 1,
  	  	  	"time": 71582.6666666677,
  	  	  	"judgement": "sick"
  	  	},
  	  	{
  	  	  	"press": false,
  	  	  	"dir": 0,
  	  	  	"time": 71649.3333333344,
  	  	  	"judgement": null
  	  	},
  	  	{
  	  	  	"press": true,
  	  	  	"dir": 3,
  	  	  	"time": 71682.6666666678,
  	  	  	"judgement": "sick"
  	  	},
  	  	{
  	  	  	"press": false,
  	  	  	"dir": 1,
  	  	  	"time": 71699.3333333344,
  	  	  	"judgement": null
  	  	},
  	  	{
  	  	  	"press": true,
  	  	  	"dir": 2,
  	  	  	"time": 71732.6666666678,
  	  	  	"judgement": "sick"
  	  	},
  	  	{
  	  	  	"press": false,
  	  	  	"dir": 3,
  	  	  	"time": 71766.0000000011,
  	  	  	"judgement": null
  	  	},
  	  	{
  	  	  	"press": true,
  	  	  	"dir": 0,
  	  	  	"time": 71782.6666666678,
  	  	  	"judgement": "sick"
  	  	},
  	  	{
  	  	  	"press": false,
  	  	  	"dir": 2,
  	  	  	"time": 71816.0000000011,
  	  	  	"judgement": null
  	  	},
  	  	{
  	  	  	"press": true,
  	  	  	"dir": 1,
  	  	  	"time": 71866.0000000011,
  	  	  	"judgement": "sick"
  	  	},
  	  	{
  	  	  	"press": false,
  	  	  	"dir": 0,
  	  	  	"time": 71916.0000000012,
  	  	  	"judgement": null
  	  	},
  	  	{
  	  	  	"press": true,
  	  	  	"dir": 3,
  	  	  	"time": 71949.3333333345,
  	  	  	"judgement": "sick"
  	  	},
  	  	{
  	  	  	"press": false,
  	  	  	"dir": 1,
  	  	  	"time": 71982.6666666679,
  	  	  	"judgement": null
  	  	},
  	  	{
  	  	  	"press": true,
  	  	  	"dir": 2,
  	  	  	"time": 71999.3333333345,
  	  	  	"judgement": "sick"
  	  	},
  	  	{
  	  	  	"press": false,
  	  	  	"dir": 3,
  	  	  	"time": 72032.6666666679,
  	  	  	"judgement": null
  	  	},
  	  	{
  	  	  	"press": false,
  	  	  	"dir": 2,
  	  	  	"time": 72082.6666666679,
  	  	  	"judgement": null
  	  	},
  	  	{
  	  	  	"press": true,
  	  	  	"dir": 2,
  	  	  	"time": 74482.6666666686,
  	  	  	"judgement": "sick"
  	  	},
  	  	{
  	  	  	"press": true,
  	  	  	"dir": 3,
  	  	  	"time": 74549.3333333353,
  	  	  	"judgement": "sick"
  	  	},
  	  	{
  	  	  	"press": false,
  	  	  	"dir": 2,
  	  	  	"time": 74582.6666666686,
  	  	  	"judgement": null
  	  	},
  	  	{
  	  	  	"press": true,
  	  	  	"dir": 0,
  	  	  	"time": 74632.6666666686,
  	  	  	"judgement": "sick"
  	  	},
  	  	{
  	  	  	"press": false,
  	  	  	"dir": 3,
  	  	  	"time": 74632.6666666686,
  	  	  	"judgement": null
  	  	},
  	  	{
  	  	  	"press": true,
  	  	  	"dir": 1,
  	  	  	"time": 74682.6666666686,
  	  	  	"judgement": "sick"
  	  	},
  	  	{
  	  	  	"press": false,
  	  	  	"dir": 0,
  	  	  	"time": 74716.000000002,
  	  	  	"judgement": null
  	  	},
  	  	{
  	  	  	"press": true,
  	  	  	"dir": 3,
  	  	  	"time": 74749.3333333353,
  	  	  	"judgement": "sick"
  	  	},
  	  	{
  	  	  	"press": false,
  	  	  	"dir": 1,
  	  	  	"time": 74766.000000002,
  	  	  	"judgement": null
  	  	},
  	  	{
  	  	  	"press": true,
  	  	  	"dir": 2,
  	  	  	"time": 74832.6666666687,
  	  	  	"judgement": "sick"
  	  	},
  	  	{
  	  	  	"press": false,
  	  	  	"dir": 3,
  	  	  	"time": 74849.3333333354,
  	  	  	"judgement": null
  	  	},
  	  	{
  	  	  	"press": true,
  	  	  	"dir": 0,
  	  	  	"time": 74882.6666666687,
  	  	  	"judgement": "sick"
  	  	},
  	  	{
  	  	  	"press": false,
  	  	  	"dir": 2,
  	  	  	"time": 74899.3333333354,
  	  	  	"judgement": null
  	  	},
  	  	{
  	  	  	"press": false,
  	  	  	"dir": 0,
  	  	  	"time": 74966.0000000021,
  	  	  	"judgement": null
  	  	},
  	  	{
  	  	  	"press": true,
  	  	  	"dir": 3,
  	  	  	"time": 74982.6666666687,
  	  	  	"judgement": "sick"
  	  	},
  	  	{
  	  	  	"press": true,
  	  	  	"dir": 2,
  	  	  	"time": 75082.6666666688,
  	  	  	"judgement": "good"
  	  	},
  	  	{
  	  	  	"press": true,
  	  	  	"dir": 0,
  	  	  	"time": 75099.3333333354,
  	  	  	"judgement": "sick"
  	  	},
  	  	{
  	  	  	"press": false,
  	  	  	"dir": 3,
  	  	  	"time": 75099.3333333354,
  	  	  	"judgement": null
  	  	},
  	  	{
  	  	  	"press": false,
  	  	  	"dir": 2,
  	  	  	"time": 75149.3333333354,
  	  	  	"judgement": null
  	  	},
  	  	{
  	  	  	"press": true,
  	  	  	"dir": 1,
  	  	  	"time": 75199.3333333355,
  	  	  	"judgement": "sick"
  	  	},
  	  	{
  	  	  	"press": false,
  	  	  	"dir": 0,
  	  	  	"time": 75216.0000000021,
  	  	  	"judgement": null
  	  	},
  	  	{
  	  	  	"press": false,
  	  	  	"dir": 1,
  	  	  	"time": 75266.0000000021,
  	  	  	"judgement": null
  	  	},
  	  	{
  	  	  	"press": true,
  	  	  	"dir": 3,
  	  	  	"time": 75316.0000000022,
  	  	  	"judgement": "sick"
  	  	},
  	  	{
  	  	  	"press": false,
  	  	  	"dir": 3,
  	  	  	"time": 75366.0000000022,
  	  	  	"judgement": null
  	  	},
  	  	{
  	  	  	"press": true,
  	  	  	"dir": 0,
  	  	  	"time": 75382.6666666688,
  	  	  	"judgement": "good"
  	  	},
  	  	{
  	  	  	"press": true,
  	  	  	"dir": 2,
  	  	  	"time": 75382.6666666688,
  	  	  	"judgement": "bad"
  	  	},
  	  	{
  	  	  	"press": true,
  	  	  	"dir": 1,
  	  	  	"time": 75416.0000000022,
  	  	  	"judgement": "sick"
  	  	},
  	  	{
  	  	  	"press": false,
  	  	  	"dir": 0,
  	  	  	"time": 75432.6666666689,
  	  	  	"judgement": null
  	  	},
  	  	{
  	  	  	"press": false,
  	  	  	"dir": 2,
  	  	  	"time": 75432.6666666689,
  	  	  	"judgement": null
  	  	},
  	  	{
  	  	  	"press": true,
  	  	  	"dir": 3,
  	  	  	"time": 75499.3333333355,
  	  	  	"judgement": "good"
  	  	},
  	  	{
  	  	  	"press": false,
  	  	  	"dir": 1,
  	  	  	"time": 75516.0000000022,
  	  	  	"judgement": null
  	  	},
  	  	{
  	  	  	"press": true,
  	  	  	"dir": 0,
  	  	  	"time": 75532.6666666689,
  	  	  	"judgement": "good"
  	  	},
  	  	{
  	  	  	"press": true,
  	  	  	"dir": 2,
  	  	  	"time": 75582.6666666689,
  	  	  	"judgement": "sick"
  	  	},
  	  	{
  	  	  	"press": false,
  	  	  	"dir": 0,
  	  	  	"time": 75582.6666666689,
  	  	  	"judgement": null
  	  	},
  	  	{
  	  	  	"press": false,
  	  	  	"dir": 3,
  	  	  	"time": 75582.6666666689,
  	  	  	"judgement": null
  	  	},
  	  	{
  	  	  	"press": true,
  	  	  	"dir": 1,
  	  	  	"time": 75682.6666666689,
  	  	  	"judgement": "sick"
  	  	},
  	  	{
  	  	  	"press": false,
  	  	  	"dir": 2,
  	  	  	"time": 75699.3333333356,
  	  	  	"judgement": null
  	  	},
  	  	{
  	  	  	"press": true,
  	  	  	"dir": 0,
  	  	  	"time": 75766.0000000023,
  	  	  	"judgement": "sick"
  	  	},
  	  	{
  	  	  	"press": false,
  	  	  	"dir": 1,
  	  	  	"time": 75799.3333333356,
  	  	  	"judgement": null
  	  	},
  	  	{
  	  	  	"press": true,
  	  	  	"dir": 3,
  	  	  	"time": 75849.3333333356,
  	  	  	"judgement": "sick"
  	  	},
  	  	{
  	  	  	"press": false,
  	  	  	"dir": 0,
  	  	  	"time": 75882.666666669,
  	  	  	"judgement": null
  	  	},
  	  	{
  	  	  	"press": true,
  	  	  	"dir": 2,
  	  	  	"time": 75932.666666669,
  	  	  	"judgement": "sick"
  	  	},
  	  	{
  	  	  	"press": false,
  	  	  	"dir": 3,
  	  	  	"time": 75949.3333333357,
  	  	  	"judgement": null
  	  	},
  	  	{
  	  	  	"press": true,
  	  	  	"dir": 0,
  	  	  	"time": 75982.666666669,
  	  	  	"judgement": "sick"
  	  	},
  	  	{
  	  	  	"press": false,
  	  	  	"dir": 2,
  	  	  	"time": 75999.3333333357,
  	  	  	"judgement": null
  	  	},
  	  	{
  	  	  	"press": true,
  	  	  	"dir": 1,
  	  	  	"time": 76066.0000000024,
  	  	  	"judgement": "sick"
  	  	},
  	  	{
  	  	  	"press": false,
  	  	  	"dir": 0,
  	  	  	"time": 76099.3333333357,
  	  	  	"judgement": null
  	  	},
  	  	{
  	  	  	"press": false,
  	  	  	"dir": 1,
  	  	  	"time": 76149.3333333357,
  	  	  	"judgement": null
  	  	},
  	  	{
  	  	  	"press": true,
  	  	  	"dir": 2,
  	  	  	"time": 76166.0000000024,
  	  	  	"judgement": "sick"
  	  	},
  	  	{
  	  	  	"press": true,
  	  	  	"dir": 3,
  	  	  	"time": 76266.0000000024,
  	  	  	"judgement": "sick"
  	  	},
  	  	{
  	  	  	"press": false,
  	  	  	"dir": 2,
  	  	  	"time": 76282.6666666691,
  	  	  	"judgement": null
  	  	},
  	  	{
  	  	  	"press": true,
  	  	  	"dir": 1,
  	  	  	"time": 76316.0000000024,
  	  	  	"judgement": "sick"
  	  	},
  	  	{
  	  	  	"press": false,
  	  	  	"dir": 3,
  	  	  	"time": 76332.6666666691,
  	  	  	"judgement": null
  	  	},
  	  	{
  	  	  	"press": true,
  	  	  	"dir": 0,
  	  	  	"time": 76382.6666666691,
  	  	  	"judgement": "good"
  	  	},
  	  	{
  	  	  	"press": false,
  	  	  	"dir": 1,
  	  	  	"time": 76399.3333333358,
  	  	  	"judgement": null
  	  	},
  	  	{
  	  	  	"press": true,
  	  	  	"dir": 2,
  	  	  	"time": 76432.6666666691,
  	  	  	"judgement": "good"
  	  	},
  	  	{
  	  	  	"press": false,
  	  	  	"dir": 0,
  	  	  	"time": 76466.0000000025,
  	  	  	"judgement": null
  	  	},
  	  	{
  	  	  	"press": true,
  	  	  	"dir": 1,
  	  	  	"time": 76516.0000000025,
  	  	  	"judgement": "sick"
  	  	},
  	  	{
  	  	  	"press": false,
  	  	  	"dir": 2,
  	  	  	"time": 76516.0000000025,
  	  	  	"judgement": null
  	  	},
  	  	{
  	  	  	"press": false,
  	  	  	"dir": 1,
  	  	  	"time": 76599.3333333359,
  	  	  	"judgement": null
  	  	},
  	  	{
  	  	  	"press": true,
  	  	  	"dir": 3,
  	  	  	"time": 76616.0000000025,
  	  	  	"judgement": "sick"
  	  	},
  	  	{
  	  	  	"press": true,
  	  	  	"dir": 0,
  	  	  	"time": 76666.0000000025,
  	  	  	"judgement": "sick"
  	  	},
  	  	{
  	  	  	"press": false,
  	  	  	"dir": 3,
  	  	  	"time": 76699.3333333359,
  	  	  	"judgement": null
  	  	},
  	  	{
  	  	  	"press": false,
  	  	  	"dir": 0,
  	  	  	"time": 76749.3333333359,
  	  	  	"judgement": null
  	  	},
  	  	{
  	  	  	"press": true,
  	  	  	"dir": 2,
  	  	  	"time": 76766.0000000026,
  	  	  	"judgement": "sick"
  	  	},
  	  	{
  	  	  	"press": true,
  	  	  	"dir": 1,
  	  	  	"time": 76832.6666666693,
  	  	  	"judgement": "sick"
  	  	},
  	  	{
  	  	  	"press": false,
  	  	  	"dir": 2,
  	  	  	"time": 76832.6666666693,
  	  	  	"judgement": null
  	  	},
  	  	{
  	  	  	"press": true,
  	  	  	"dir": 0,
  	  	  	"time": 76916.0000000026,
  	  	  	"judgement": "sick"
  	  	},
  	  	{
  	  	  	"press": false,
  	  	  	"dir": 1,
  	  	  	"time": 76932.6666666693,
  	  	  	"judgement": null
  	  	},
  	  	{
  	  	  	"press": false,
  	  	  	"dir": 0,
  	  	  	"time": 78816.0000000032,
  	  	  	"judgement": null
  	  	},
  	  	{
  	  	  	"press": true,
  	  	  	"dir": 0,
  	  	  	"time": 78999.3333333366,
  	  	  	"judgement": null
  	  	},
  	  	{
  	  	  	"press": true,
  	  	  	"dir": 1,
  	  	  	"time": 78999.3333333366,
  	  	  	"judgement": null
  	  	},
  	  	{
  	  	  	"press": true,
  	  	  	"dir": 2,
  	  	  	"time": 79032.6666666699,
  	  	  	"judgement": null
  	  	},
  	  	{
  	  	  	"press": true,
  	  	  	"dir": 3,
  	  	  	"time": 79032.6666666699,
  	  	  	"judgement": null
  	  	},
  	  	{
  	  	  	"press": false,
  	  	  	"dir": 3,
  	  	  	"time": 79099.3333333366,
  	  	  	"judgement": null
  	  	},
  	  	{
  	  	  	"press": false,
  	  	  	"dir": 2,
  	  	  	"time": 79132.6666666699,
  	  	  	"judgement": null
  	  	},
  	  	{
  	  	  	"press": false,
  	  	  	"dir": 0,
  	  	  	"time": 79149.3333333366,
  	  	  	"judgement": null
  	  	},
  	  	{
  	  	  	"press": false,
  	  	  	"dir": 1,
  	  	  	"time": 79166.0000000033,
  	  	  	"judgement": null
  	  	},
  	  	{
  	  	  	"press": true,
  	  	  	"dir": 0,
  	  	  	"time": 79332.66666667,
  	  	  	"judgement": "sick"
  	  	},
  	  	{
  	  	  	"press": true,
  	  	  	"dir": 1,
  	  	  	"time": 79366.0000000033,
  	  	  	"judgement": "sick"
  	  	},
  	  	{
  	  	  	"press": false,
  	  	  	"dir": 0,
  	  	  	"time": 79399.3333333367,
  	  	  	"judgement": null
  	  	},
  	  	{
  	  	  	"press": true,
  	  	  	"dir": 3,
  	  	  	"time": 79416.0000000033,
  	  	  	"judgement": "sick"
  	  	},
  	  	{
  	  	  	"press": false,
  	  	  	"dir": 1,
  	  	  	"time": 79449.3333333367,
  	  	  	"judgement": null
  	  	},
  	  	{
  	  	  	"press": true,
  	  	  	"dir": 2,
  	  	  	"time": 79516.0000000034,
  	  	  	"judgement": "sick"
  	  	},
  	  	{
  	  	  	"press": false,
  	  	  	"dir": 3,
  	  	  	"time": 79532.66666667,
  	  	  	"judgement": null
  	  	},
  	  	{
  	  	  	"press": false,
  	  	  	"dir": 2,
  	  	  	"time": 79582.6666666701,
  	  	  	"judgement": null
  	  	},
  	  	{
  	  	  	"press": true,
  	  	  	"dir": 0,
  	  	  	"time": 79599.3333333367,
  	  	  	"judgement": "sick"
  	  	},
  	  	{
  	  	  	"press": true,
  	  	  	"dir": 1,
  	  	  	"time": 79682.6666666701,
  	  	  	"judgement": "sick"
  	  	},
  	  	{
  	  	  	"press": true,
  	  	  	"dir": 3,
  	  	  	"time": 79699.3333333368,
  	  	  	"judgement": "good"
  	  	},
  	  	{
  	  	  	"press": false,
  	  	  	"dir": 0,
  	  	  	"time": 79699.3333333368,
  	  	  	"judgement": null
  	  	},
  	  	{
  	  	  	"press": false,
  	  	  	"dir": 1,
  	  	  	"time": 79732.6666666701,
  	  	  	"judgement": null
  	  	},
  	  	{
  	  	  	"press": true,
  	  	  	"dir": 2,
  	  	  	"time": 79782.6666666701,
  	  	  	"judgement": "sick"
  	  	},
  	  	{
  	  	  	"press": false,
  	  	  	"dir": 3,
  	  	  	"time": 79832.6666666701,
  	  	  	"judgement": null
  	  	},
  	  	{
  	  	  	"press": false,
  	  	  	"dir": 2,
  	  	  	"time": 79882.6666666701,
  	  	  	"judgement": null
  	  	},
  	  	{
  	  	  	"press": true,
  	  	  	"dir": 0,
  	  	  	"time": 79916.0000000035,
  	  	  	"judgement": "sick"
  	  	},
  	  	{
  	  	  	"press": false,
  	  	  	"dir": 0,
  	  	  	"time": 79999.3333333369,
  	  	  	"judgement": null
  	  	},
  	  	{
  	  	  	"press": true,
  	  	  	"dir": 3,
  	  	  	"time": 80016.0000000035,
  	  	  	"judgement": "sick"
  	  	},
  	  	{
  	  	  	"press": true,
  	  	  	"dir": 2,
  	  	  	"time": 80066.0000000035,
  	  	  	"judgement": "sick"
  	  	},
  	  	{
  	  	  	"press": false,
  	  	  	"dir": 3,
  	  	  	"time": 80066.0000000035,
  	  	  	"judgement": null
  	  	},
  	  	{
  	  	  	"press": true,
  	  	  	"dir": 1,
  	  	  	"time": 80099.3333333369,
  	  	  	"judgement": "sick"
  	  	},
  	  	{
  	  	  	"press": false,
  	  	  	"dir": 2,
  	  	  	"time": 80149.3333333369,
  	  	  	"judgement": null
  	  	},
  	  	{
  	  	  	"press": true,
  	  	  	"dir": 0,
  	  	  	"time": 80166.0000000036,
  	  	  	"judgement": "sick"
  	  	},
  	  	{
  	  	  	"press": false,
  	  	  	"dir": 1,
  	  	  	"time": 80199.3333333369,
  	  	  	"judgement": null
  	  	},
  	  	{
  	  	  	"press": false,
  	  	  	"dir": 0,
  	  	  	"time": 80266.0000000036,
  	  	  	"judgement": null
  	  	},
  	  	{
  	  	  	"press": true,
  	  	  	"dir": 3,
  	  	  	"time": 80299.3333333369,
  	  	  	"judgement": "sick"
  	  	},
  	  	{
  	  	  	"press": true,
  	  	  	"dir": 2,
  	  	  	"time": 80349.333333337,
  	  	  	"judgement": "sick"
  	  	},
  	  	{
  	  	  	"press": false,
  	  	  	"dir": 3,
  	  	  	"time": 80366.0000000036,
  	  	  	"judgement": null
  	  	},
  	  	{
  	  	  	"press": true,
  	  	  	"dir": 1,
  	  	  	"time": 80399.333333337,
  	  	  	"judgement": "sick"
  	  	},
  	  	{
  	  	  	"press": false,
  	  	  	"dir": 2,
  	  	  	"time": 80432.6666666703,
  	  	  	"judgement": null
  	  	},
  	  	{
  	  	  	"press": true,
  	  	  	"dir": 0,
  	  	  	"time": 80449.333333337,
  	  	  	"judgement": "good"
  	  	},
  	  	{
  	  	  	"press": false,
  	  	  	"dir": 1,
  	  	  	"time": 80499.333333337,
  	  	  	"judgement": null
  	  	},
  	  	{
  	  	  	"press": true,
  	  	  	"dir": 1,
  	  	  	"time": 80582.6666666704,
  	  	  	"judgement": "sick"
  	  	},
  	  	{
  	  	  	"press": false,
  	  	  	"dir": 0,
  	  	  	"time": 80582.6666666704,
  	  	  	"judgement": null
  	  	},
  	  	{
  	  	  	"press": true,
  	  	  	"dir": 3,
  	  	  	"time": 80682.6666666704,
  	  	  	"judgement": "sick"
  	  	},
  	  	{
  	  	  	"press": false,
  	  	  	"dir": 1,
  	  	  	"time": 80682.6666666704,
  	  	  	"judgement": null
  	  	},
  	  	{
  	  	  	"press": true,
  	  	  	"dir": 2,
  	  	  	"time": 80766.0000000037,
  	  	  	"judgement": "sick"
  	  	},
  	  	{
  	  	  	"press": false,
  	  	  	"dir": 3,
  	  	  	"time": 80782.6666666704,
  	  	  	"judgement": null
  	  	},
  	  	{
  	  	  	"press": true,
  	  	  	"dir": 0,
  	  	  	"time": 80832.6666666704,
  	  	  	"judgement": "sick"
  	  	},
  	  	{
  	  	  	"press": false,
  	  	  	"dir": 2,
  	  	  	"time": 80832.6666666704,
  	  	  	"judgement": null
  	  	},
  	  	{
  	  	  	"press": true,
  	  	  	"dir": 1,
  	  	  	"time": 80866.0000000038,
  	  	  	"judgement": "sick"
  	  	},
  	  	{
  	  	  	"press": false,
  	  	  	"dir": 0,
  	  	  	"time": 80899.3333333371,
  	  	  	"judgement": null
  	  	},
  	  	{
  	  	  	"press": false,
  	  	  	"dir": 1,
  	  	  	"time": 80949.3333333371,
  	  	  	"judgement": null
  	  	},
  	  	{
  	  	  	"press": true,
  	  	  	"dir": 3,
  	  	  	"time": 80982.6666666705,
  	  	  	"judgement": "sick"
  	  	},
  	  	{
  	  	  	"press": true,
  	  	  	"dir": 2,
  	  	  	"time": 81066.0000000038,
  	  	  	"judgement": "sick"
  	  	},
  	  	{
  	  	  	"press": false,
  	  	  	"dir": 3,
  	  	  	"time": 81099.3333333372,
  	  	  	"judgement": null
  	  	},
  	  	{
  	  	  	"press": true,
  	  	  	"dir": 0,
  	  	  	"time": 81116.0000000038,
  	  	  	"judgement": "sick"
  	  	},
  	  	{
  	  	  	"press": false,
  	  	  	"dir": 2,
  	  	  	"time": 81132.6666666705,
  	  	  	"judgement": null
  	  	},
  	  	{
  	  	  	"press": false,
  	  	  	"dir": 0,
  	  	  	"time": 81199.3333333372,
  	  	  	"judgement": null
  	  	},
  	  	{
  	  	  	"press": true,
  	  	  	"dir": 3,
  	  	  	"time": 81232.6666666705,
  	  	  	"judgement": "good"
  	  	},
  	  	{
  	  	  	"press": true,
  	  	  	"dir": 2,
  	  	  	"time": 81316.0000000039,
  	  	  	"judgement": "good"
  	  	},
  	  	{
  	  	  	"press": true,
  	  	  	"dir": 0,
  	  	  	"time": 81332.6666666706,
  	  	  	"judgement": "sick"
  	  	},
  	  	{
  	  	  	"press": false,
  	  	  	"dir": 3,
  	  	  	"time": 81349.3333333372,
  	  	  	"judgement": null
  	  	},
  	  	{
  	  	  	"press": false,
  	  	  	"dir": 2,
  	  	  	"time": 81382.6666666706,
  	  	  	"judgement": null
  	  	},
  	  	{
  	  	  	"press": false,
  	  	  	"dir": 0,
  	  	  	"time": 81399.3333333373,
  	  	  	"judgement": null
  	  	},
  	  	{
  	  	  	"press": true,
  	  	  	"dir": 1,
  	  	  	"time": 81516.000000004,
  	  	  	"judgement": "sick"
  	  	},
  	  	{
  	  	  	"press": true,
  	  	  	"dir": 3,
  	  	  	"time": 81516.000000004,
  	  	  	"judgement": "bad"
  	  	},
  	  	{
  	  	  	"press": true,
  	  	  	"dir": 0,
  	  	  	"time": 81549.3333333373,
  	  	  	"judgement": "sick"
  	  	},
  	  	{
  	  	  	"press": false,
  	  	  	"dir": 1,
  	  	  	"time": 81582.6666666706,
  	  	  	"judgement": null
  	  	},
  	  	{
  	  	  	"press": false,
  	  	  	"dir": 3,
  	  	  	"time": 81582.6666666706,
  	  	  	"judgement": null
  	  	},
  	  	{
  	  	  	"press": false,
  	  	  	"dir": 0,
  	  	  	"time": 81632.6666666707,
  	  	  	"judgement": null
  	  	},
  	  	{
  	  	  	"press": true,
  	  	  	"dir": 2,
  	  	  	"time": 81749.3333333374,
  	  	  	"judgement": "bad"
  	  	},
  	  	{
  	  	  	"press": false,
  	  	  	"dir": 2,
  	  	  	"time": 81782.6666666707,
  	  	  	"judgement": null
  	  	},
  	  	{
  	  	  	"press": true,
  	  	  	"dir": 2,
  	  	  	"time": 82349.3333333375,
  	  	  	"judgement": null
  	  	},
  	  	{
  	  	  	"press": true,
  	  	  	"dir": 3,
  	  	  	"time": 82349.3333333375,
  	  	  	"judgement": null
  	  	},
  	  	{
  	  	  	"press": false,
  	  	  	"dir": 3,
  	  	  	"time": 82432.6666666709,
  	  	  	"judgement": null
  	  	},
  	  	{
  	  	  	"press": false,
  	  	  	"dir": 2,
  	  	  	"time": 82449.3333333376,
  	  	  	"judgement": null
  	  	},
  	  	{
  	  	  	"press": true,
  	  	  	"dir": 0,
  	  	  	"time": 82582.6666666709,
  	  	  	"judgement": null
  	  	},
  	  	{
  	  	  	"press": true,
  	  	  	"dir": 1,
  	  	  	"time": 82582.6666666709,
  	  	  	"judgement": null
  	  	},
  	  	{
  	  	  	"press": true,
  	  	  	"dir": 2,
  	  	  	"time": 82632.6666666709,
  	  	  	"judgement": null
  	  	},
  	  	{
  	  	  	"press": true,
  	  	  	"dir": 3,
  	  	  	"time": 82632.6666666709,
  	  	  	"judgement": null
  	  	},
  	  	{
  	  	  	"press": false,
  	  	  	"dir": 0,
  	  	  	"time": 82666.0000000043,
  	  	  	"judgement": null
  	  	},
  	  	{
  	  	  	"press": false,
  	  	  	"dir": 1,
  	  	  	"time": 82699.3333333376,
  	  	  	"judgement": null
  	  	},
  	  	{
  	  	  	"press": false,
  	  	  	"dir": 2,
  	  	  	"time": 82699.3333333376,
  	  	  	"judgement": null
  	  	},
  	  	{
  	  	  	"press": false,
  	  	  	"dir": 3,
  	  	  	"time": 82699.3333333376,
  	  	  	"judgement": null
  	  	},
  	  	{
  	  	  	"press": true,
  	  	  	"dir": 2,
  	  	  	"time": 82899.3333333377,
  	  	  	"judgement": "sick"
  	  	},
  	  	{
  	  	  	"press": false,
  	  	  	"dir": 2,
  	  	  	"time": 82949.3333333377,
  	  	  	"judgement": null
  	  	},
  	  	{
  	  	  	"press": true,
  	  	  	"dir": 2,
  	  	  	"time": 83049.3333333377,
  	  	  	"judgement": "sick"
  	  	},
  	  	{
  	  	  	"press": true,
  	  	  	"dir": 0,
  	  	  	"time": 83116.0000000044,
  	  	  	"judgement": "sick"
  	  	},
  	  	{
  	  	  	"press": true,
  	  	  	"dir": 3,
  	  	  	"time": 83149.3333333378,
  	  	  	"judgement": "good"
  	  	},
  	  	{
  	  	  	"press": false,
  	  	  	"dir": 2,
  	  	  	"time": 83166.0000000044,
  	  	  	"judgement": null
  	  	},
  	  	{
  	  	  	"press": false,
  	  	  	"dir": 0,
  	  	  	"time": 83199.3333333378,
  	  	  	"judgement": null
  	  	},
  	  	{
  	  	  	"press": false,
  	  	  	"dir": 3,
  	  	  	"time": 83282.6666666711,
  	  	  	"judgement": null
  	  	},
  	  	{
  	  	  	"press": true,
  	  	  	"dir": 2,
  	  	  	"time": 83349.3333333378,
  	  	  	"judgement": "sick"
  	  	},
  	  	{
  	  	  	"press": false,
  	  	  	"dir": 2,
  	  	  	"time": 83466.0000000045,
  	  	  	"judgement": null
  	  	},
  	  	{
  	  	  	"press": true,
  	  	  	"dir": 0,
  	  	  	"time": 83482.6666666712,
  	  	  	"judgement": "sick"
  	  	},
  	  	{
  	  	  	"press": true,
  	  	  	"dir": 3,
  	  	  	"time": 83549.3333333379,
  	  	  	"judgement": "sick"
  	  	},
  	  	{
  	  	  	"press": false,
  	  	  	"dir": 0,
  	  	  	"time": 83549.3333333379,
  	  	  	"judgement": null
  	  	},
  	  	{
  	  	  	"press": true,
  	  	  	"dir": 0,
  	  	  	"time": 83649.3333333379,
  	  	  	"judgement": "sick"
  	  	},
  	  	{
  	  	  	"press": false,
  	  	  	"dir": 3,
  	  	  	"time": 83666.0000000046,
  	  	  	"judgement": null
  	  	},
  	  	{
  	  	  	"press": false,
  	  	  	"dir": 0,
  	  	  	"time": 83782.6666666713,
  	  	  	"judgement": null
  	  	},
  	  	{
  	  	  	"press": true,
  	  	  	"dir": 2,
  	  	  	"time": 83799.333333338,
  	  	  	"judgement": "sick"
  	  	},
  	  	{
  	  	  	"press": true,
  	  	  	"dir": 0,
  	  	  	"time": 83916.0000000047,
  	  	  	"judgement": "sick"
  	  	},
  	  	{
  	  	  	"press": false,
  	  	  	"dir": 2,
  	  	  	"time": 83916.0000000047,
  	  	  	"judgement": null
  	  	},
  	  	{
  	  	  	"press": true,
  	  	  	"dir": 2,
  	  	  	"time": 84099.333333338,
  	  	  	"judgement": "good"
  	  	},
  	  	{
  	  	  	"press": false,
  	  	  	"dir": 0,
  	  	  	"time": 84099.333333338,
  	  	  	"judgement": null
  	  	},
  	  	{
  	  	  	"press": false,
  	  	  	"dir": 2,
  	  	  	"time": 84232.6666666714,
  	  	  	"judgement": null
  	  	},
  	  	{
  	  	  	"press": true,
  	  	  	"dir": 2,
  	  	  	"time": 84666.0000000049,
  	  	  	"judgement": "sick"
  	  	},
  	  	{
  	  	  	"press": false,
  	  	  	"dir": 2,
  	  	  	"time": 84815,
  	  	  	"judgement": null
  	  	},
  	  	{
  	  	  	"press": true,
  	  	  	"dir": 0,
  	  	  	"time": 84865,
  	  	  	"judgement": "sick"
  	  	},
  	  	{
  	  	  	"press": true,
  	  	  	"dir": 1,
  	  	  	"time": 84981.6666666667,
  	  	  	"judgement": "good"
  	  	},
  	  	{
  	  	  	"press": true,
  	  	  	"dir": 3,
  	  	  	"time": 84981.6666666667,
  	  	  	"judgement": "sick"
  	  	},
  	  	{
  	  	  	"press": false,
  	  	  	"dir": 0,
  	  	  	"time": 84998.3333333334,
  	  	  	"judgement": null
  	  	},
  	  	{
  	  	  	"press": false,
  	  	  	"dir": 1,
  	  	  	"time": 85031.6666666668,
  	  	  	"judgement": null
  	  	},
  	  	{
  	  	  	"press": true,
  	  	  	"dir": 2,
  	  	  	"time": 85081.6666666668,
  	  	  	"judgement": "sick"
  	  	},
  	  	{
  	  	  	"press": false,
  	  	  	"dir": 3,
  	  	  	"time": 85115.0000000001,
  	  	  	"judgement": null
  	  	},
  	  	{
  	  	  	"press": false,
  	  	  	"dir": 2,
  	  	  	"time": 85165.0000000001,
  	  	  	"judgement": null
  	  	},
  	  	{
  	  	  	"press": true,
  	  	  	"dir": 0,
  	  	  	"time": 85198.3333333335,
  	  	  	"judgement": "good"
  	  	},
  	  	{
  	  	  	"press": false,
  	  	  	"dir": 0,
  	  	  	"time": 85365.0000000002,
  	  	  	"judgement": null
  	  	},
  	  	{
  	  	  	"press": true,
  	  	  	"dir": 1,
  	  	  	"time": 85598.3333333336,
  	  	  	"judgement": "sick"
  	  	},
  	  	{
  	  	  	"press": false,
  	  	  	"dir": 1,
  	  	  	"time": 85698.3333333336,
  	  	  	"judgement": null
  	  	},
  	  	{
  	  	  	"press": true,
  	  	  	"dir": 0,
  	  	  	"time": 85798.3333333336,
  	  	  	"judgement": "good"
  	  	},
  	  	{
  	  	  	"press": true,
  	  	  	"dir": 3,
  	  	  	"time": 85798.3333333336,
  	  	  	"judgement": "sick"
  	  	},
  	  	{
  	  	  	"press": false,
  	  	  	"dir": 0,
  	  	  	"time": 85848.3333333337,
  	  	  	"judgement": null
  	  	},
  	  	{
  	  	  	"press": false,
  	  	  	"dir": 3,
  	  	  	"time": 85848.3333333337,
  	  	  	"judgement": null
  	  	},
  	  	{
  	  	  	"press": true,
  	  	  	"dir": 0,
  	  	  	"time": 85931.666666667,
  	  	  	"judgement": "sick"
  	  	},
  	  	{
  	  	  	"press": true,
  	  	  	"dir": 3,
  	  	  	"time": 85981.666666667,
  	  	  	"judgement": "good"
  	  	},
  	  	{
  	  	  	"press": true,
  	  	  	"dir": 1,
  	  	  	"time": 86015.0000000004,
  	  	  	"judgement": "sick"
  	  	},
  	  	{
  	  	  	"press": false,
  	  	  	"dir": 0,
  	  	  	"time": 86031.666666667,
  	  	  	"judgement": null
  	  	},
  	  	{
  	  	  	"press": true,
  	  	  	"dir": 2,
  	  	  	"time": 86048.3333333337,
  	  	  	"judgement": "good"
  	  	},
  	  	{
  	  	  	"press": false,
  	  	  	"dir": 1,
  	  	  	"time": 86081.6666666671,
  	  	  	"judgement": null
  	  	},
  	  	{
  	  	  	"press": false,
  	  	  	"dir": 3,
  	  	  	"time": 86098.3333333337,
  	  	  	"judgement": null
  	  	},
  	  	{
  	  	  	"press": true,
  	  	  	"dir": 0,
  	  	  	"time": 86181.6666666671,
  	  	  	"judgement": "sick"
  	  	},
  	  	{
  	  	  	"press": false,
  	  	  	"dir": 2,
  	  	  	"time": 86181.6666666671,
  	  	  	"judgement": null
  	  	},
  	  	{
  	  	  	"press": true,
  	  	  	"dir": 1,
  	  	  	"time": 86248.3333333338,
  	  	  	"judgement": "sick"
  	  	},
  	  	{
  	  	  	"press": false,
  	  	  	"dir": 0,
  	  	  	"time": 86281.6666666671,
  	  	  	"judgement": null
  	  	},
  	  	{
  	  	  	"press": true,
  	  	  	"dir": 3,
  	  	  	"time": 86331.6666666671,
  	  	  	"judgement": "sick"
  	  	},
  	  	{
  	  	  	"press": false,
  	  	  	"dir": 1,
  	  	  	"time": 86348.3333333338,
  	  	  	"judgement": null
  	  	},
  	  	{
  	  	  	"press": true,
  	  	  	"dir": 2,
  	  	  	"time": 86398.3333333338,
  	  	  	"judgement": "sick"
  	  	},
  	  	{
  	  	  	"press": false,
  	  	  	"dir": 3,
  	  	  	"time": 86431.6666666672,
  	  	  	"judgement": null
  	  	},
  	  	{
  	  	  	"press": false,
  	  	  	"dir": 2,
  	  	  	"time": 86481.6666666672,
  	  	  	"judgement": null
  	  	},
  	  	{
  	  	  	"press": true,
  	  	  	"dir": 1,
  	  	  	"time": 96065.0000000033,
  	  	  	"judgement": "sick"
  	  	},
  	  	{
  	  	  	"press": true,
  	  	  	"dir": 2,
  	  	  	"time": 96381.6666666701,
  	  	  	"judgement": "sick"
  	  	},
  	  	{
  	  	  	"press": false,
  	  	  	"dir": 1,
  	  	  	"time": 96448.3333333367,
  	  	  	"judgement": null
  	  	},
  	  	{
  	  	  	"press": false,
  	  	  	"dir": 2,
  	  	  	"time": 96448.3333333367,
  	  	  	"judgement": null
  	  	},
  	  	{
  	  	  	"press": true,
  	  	  	"dir": 2,
  	  	  	"time": 96531.6666666701,
  	  	  	"judgement": "sick"
  	  	},
  	  	{
  	  	  	"press": false,
  	  	  	"dir": 2,
  	  	  	"time": 96615.0000000035,
  	  	  	"judgement": null
  	  	},
  	  	{
  	  	  	"press": true,
  	  	  	"dir": 0,
  	  	  	"time": 96681.6666666701,
  	  	  	"judgement": "sick"
  	  	},
  	  	{
  	  	  	"press": false,
  	  	  	"dir": 0,
  	  	  	"time": 96748.3333333368,
  	  	  	"judgement": null
  	  	},
  	  	{
  	  	  	"press": true,
  	  	  	"dir": 3,
  	  	  	"time": 96781.6666666702,
  	  	  	"judgement": "sick"
  	  	},
  	  	{
  	  	  	"press": true,
  	  	  	"dir": 1,
  	  	  	"time": 96848.3333333369,
  	  	  	"judgement": "sick"
  	  	},
  	  	{
  	  	  	"press": false,
  	  	  	"dir": 3,
  	  	  	"time": 96848.3333333369,
  	  	  	"judgement": null
  	  	},
  	  	{
  	  	  	"press": true,
  	  	  	"dir": 2,
  	  	  	"time": 96948.3333333369,
  	  	  	"judgement": "good"
  	  	},
  	  	{
  	  	  	"press": false,
  	  	  	"dir": 1,
  	  	  	"time": 96948.3333333369,
  	  	  	"judgement": null
  	  	},
  	  	{
  	  	  	"press": true,
  	  	  	"dir": 3,
  	  	  	"time": 97281.6666666703,
  	  	  	"judgement": "sick"
  	  	},
  	  	{
  	  	  	"press": false,
  	  	  	"dir": 2,
  	  	  	"time": 97315.0000000037,
  	  	  	"judgement": null
  	  	},
  	  	{
  	  	  	"press": true,
  	  	  	"dir": 0,
  	  	  	"time": 97331.6666666703,
  	  	  	"judgement": "sick"
  	  	},
  	  	{
  	  	  	"press": false,
  	  	  	"dir": 3,
  	  	  	"time": 97331.6666666703,
  	  	  	"judgement": null
  	  	},
  	  	{
  	  	  	"press": false,
  	  	  	"dir": 0,
  	  	  	"time": 97415.0000000037,
  	  	  	"judgement": null
  	  	},
  	  	{
  	  	  	"press": true,
  	  	  	"dir": 3,
  	  	  	"time": 97448.333333337,
  	  	  	"judgement": "sick"
  	  	},
  	  	{
  	  	  	"press": true,
  	  	  	"dir": 2,
  	  	  	"time": 97531.6666666704,
  	  	  	"judgement": "sick"
  	  	},
  	  	{
  	  	  	"press": false,
  	  	  	"dir": 3,
  	  	  	"time": 97565.0000000037,
  	  	  	"judgement": null
  	  	},
  	  	{
  	  	  	"press": true,
  	  	  	"dir": 0,
  	  	  	"time": 97598.3333333371,
  	  	  	"judgement": "sick"
  	  	},
  	  	{
  	  	  	"press": false,
  	  	  	"dir": 2,
  	  	  	"time": 97631.6666666704,
  	  	  	"judgement": null
  	  	},
  	  	{
  	  	  	"press": true,
  	  	  	"dir": 2,
  	  	  	"time": 97748.3333333371,
  	  	  	"judgement": "sick"
  	  	},
  	  	{
  	  	  	"press": false,
  	  	  	"dir": 0,
  	  	  	"time": 97798.3333333371,
  	  	  	"judgement": null
  	  	},
  	  	{
  	  	  	"press": false,
  	  	  	"dir": 2,
  	  	  	"time": 97881.6666666705,
  	  	  	"judgement": null
  	  	},
  	  	{
  	  	  	"press": true,
  	  	  	"dir": 3,
  	  	  	"time": 97915.0000000038,
  	  	  	"judgement": "sick"
  	  	},
  	  	{
  	  	  	"press": true,
  	  	  	"dir": 0,
  	  	  	"time": 97981.6666666705,
  	  	  	"judgement": "sick"
  	  	},
  	  	{
  	  	  	"press": false,
  	  	  	"dir": 3,
  	  	  	"time": 98031.6666666705,
  	  	  	"judgement": null
  	  	},
  	  	{
  	  	  	"press": true,
  	  	  	"dir": 2,
  	  	  	"time": 98065.0000000039,
  	  	  	"judgement": "sick"
  	  	},
  	  	{
  	  	  	"press": false,
  	  	  	"dir": 0,
  	  	  	"time": 98065.0000000039,
  	  	  	"judgement": null
  	  	},
  	  	{
  	  	  	"press": false,
  	  	  	"dir": 2,
  	  	  	"time": 98148.3333333372,
  	  	  	"judgement": null
  	  	},
  	  	{
  	  	  	"press": true,
  	  	  	"dir": 0,
  	  	  	"time": 98181.6666666706,
  	  	  	"judgement": "sick"
  	  	},
  	  	{
  	  	  	"press": true,
  	  	  	"dir": 3,
  	  	  	"time": 98465.000000004,
  	  	  	"judgement": "sick"
  	  	},
  	  	{
  	  	  	"press": false,
  	  	  	"dir": 0,
  	  	  	"time": 98481.6666666707,
  	  	  	"judgement": null
  	  	},
  	  	{
  	  	  	"press": true,
  	  	  	"dir": 2,
  	  	  	"time": 98548.3333333374,
  	  	  	"judgement": "sick"
  	  	},
  	  	{
  	  	  	"press": false,
  	  	  	"dir": 3,
  	  	  	"time": 98581.6666666707,
  	  	  	"judgement": null
  	  	},
  	  	{
  	  	  	"press": true,
  	  	  	"dir": 1,
  	  	  	"time": 98615.000000004,
  	  	  	"judgement": "sick"
  	  	},
  	  	{
  	  	  	"press": false,
  	  	  	"dir": 2,
  	  	  	"time": 98648.3333333374,
  	  	  	"judgement": null
  	  	},
  	  	{
  	  	  	"press": true,
  	  	  	"dir": 0,
  	  	  	"time": 98715.0000000041,
  	  	  	"judgement": "sick"
  	  	},
  	  	{
  	  	  	"press": false,
  	  	  	"dir": 1,
  	  	  	"time": 98765.0000000041,
  	  	  	"judgement": null
  	  	},
  	  	{
  	  	  	"press": true,
  	  	  	"dir": 3,
  	  	  	"time": 98798.3333333374,
  	  	  	"judgement": "sick"
  	  	},
  	  	{
  	  	  	"press": false,
  	  	  	"dir": 0,
  	  	  	"time": 98815.0000000041,
  	  	  	"judgement": null
  	  	},
  	  	{
  	  	  	"press": true,
  	  	  	"dir": 2,
  	  	  	"time": 98898.3333333375,
  	  	  	"judgement": "good"
  	  	},
  	  	{
  	  	  	"press": false,
  	  	  	"dir": 3,
  	  	  	"time": 98965.0000000041,
  	  	  	"judgement": null
  	  	},
  	  	{
  	  	  	"press": false,
  	  	  	"dir": 2,
  	  	  	"time": 99048.3333333375,
  	  	  	"judgement": null
  	  	},
  	  	{
  	  	  	"press": true,
  	  	  	"dir": 0,
  	  	  	"time": 99081.6666666708,
  	  	  	"judgement": "sick"
  	  	},
  	  	{
  	  	  	"press": true,
  	  	  	"dir": 1,
  	  	  	"time": 99148.3333333375,
  	  	  	"judgement": "sick"
  	  	},
  	  	{
  	  	  	"press": false,
  	  	  	"dir": 0,
  	  	  	"time": 99165.0000000042,
  	  	  	"judgement": null
  	  	},
  	  	{
  	  	  	"press": true,
  	  	  	"dir": 3,
  	  	  	"time": 99248.3333333376,
  	  	  	"judgement": "sick"
  	  	},
  	  	{
  	  	  	"press": false,
  	  	  	"dir": 1,
  	  	  	"time": 99248.3333333376,
  	  	  	"judgement": null
  	  	},
  	  	{
  	  	  	"press": true,
  	  	  	"dir": 2,
  	  	  	"time": 99315.0000000042,
  	  	  	"judgement": "sick"
  	  	},
  	  	{
  	  	  	"press": false,
  	  	  	"dir": 3,
  	  	  	"time": 99365.0000000043,
  	  	  	"judgement": null
  	  	},
  	  	{
  	  	  	"press": true,
  	  	  	"dir": 0,
  	  	  	"time": 99381.6666666709,
  	  	  	"judgement": "sick"
  	  	},
  	  	{
  	  	  	"press": false,
  	  	  	"dir": 2,
  	  	  	"time": 99398.3333333376,
  	  	  	"judgement": null
  	  	},
  	  	{
  	  	  	"press": true,
  	  	  	"dir": 3,
  	  	  	"time": 99515.0000000043,
  	  	  	"judgement": "sick"
  	  	},
  	  	{
  	  	  	"press": false,
  	  	  	"dir": 0,
  	  	  	"time": 99598.3333333377,
  	  	  	"judgement": null
  	  	},
  	  	{
  	  	  	"press": true,
  	  	  	"dir": 1,
  	  	  	"time": 99681.666666671,
  	  	  	"judgement": "sick"
  	  	},
  	  	{
  	  	  	"press": false,
  	  	  	"dir": 3,
  	  	  	"time": 99731.666666671,
  	  	  	"judgement": null
  	  	},
  	  	{
  	  	  	"press": false,
  	  	  	"dir": 1,
  	  	  	"time": 99765.0000000044,
  	  	  	"judgement": null
  	  	},
  	  	{
  	  	  	"press": true,
  	  	  	"dir": 2,
  	  	  	"time": 99781.6666666711,
  	  	  	"judgement": "sick"
  	  	},
  	  	{
  	  	  	"press": true,
  	  	  	"dir": 0,
  	  	  	"time": 99865.0000000044,
  	  	  	"judgement": "sick"
  	  	},
  	  	{
  	  	  	"press": false,
  	  	  	"dir": 2,
  	  	  	"time": 99865.0000000044,
  	  	  	"judgement": null
  	  	},
  	  	{
  	  	  	"press": true,
  	  	  	"dir": 1,
  	  	  	"time": 99915.0000000044,
  	  	  	"judgement": "sick"
  	  	},
  	  	{
  	  	  	"press": false,
  	  	  	"dir": 0,
  	  	  	"time": 99948.3333333378,
  	  	  	"judgement": null
  	  	},
  	  	{
  	  	  	"press": true,
  	  	  	"dir": 3,
  	  	  	"time": 99998.3333333378,
  	  	  	"judgement": "sick"
  	  	},
  	  	{
  	  	  	"press": false,
  	  	  	"dir": 1,
  	  	  	"time": 100015.000000004,
  	  	  	"judgement": null
  	  	},
  	  	{
  	  	  	"press": true,
  	  	  	"dir": 2,
  	  	  	"time": 100065.000000004,
  	  	  	"judgement": "sick"
  	  	},
  	  	{
  	  	  	"press": false,
  	  	  	"dir": 3,
  	  	  	"time": 100131.666666671,
  	  	  	"judgement": null
  	  	},
  	  	{
  	  	  	"press": true,
  	  	  	"dir": 1,
  	  	  	"time": 100181.666666671,
  	  	  	"judgement": "sick"
  	  	},
  	  	{
  	  	  	"press": false,
  	  	  	"dir": 2,
  	  	  	"time": 100198.333333338,
  	  	  	"judgement": null
  	  	},
  	  	{
  	  	  	"press": true,
  	  	  	"dir": 0,
  	  	  	"time": 100215.000000005,
  	  	  	"judgement": "sick"
  	  	},
  	  	{
  	  	  	"press": false,
  	  	  	"dir": 1,
  	  	  	"time": 100248.333333338,
  	  	  	"judgement": null
  	  	},
  	  	{
  	  	  	"press": true,
  	  	  	"dir": 3,
  	  	  	"time": 100364,
  	  	  	"judgement": "good"
  	  	},
  	  	{
  	  	  	"press": false,
  	  	  	"dir": 0,
  	  	  	"time": 100364,
  	  	  	"judgement": null
  	  	},
  	  	{
  	  	  	"press": true,
  	  	  	"dir": 2,
  	  	  	"time": 100447.333333333,
  	  	  	"judgement": "good"
  	  	},
  	  	{
  	  	  	"press": false,
  	  	  	"dir": 3,
  	  	  	"time": 100480.666666667,
  	  	  	"judgement": null
  	  	},
  	  	{
  	  	  	"press": true,
  	  	  	"dir": 0,
  	  	  	"time": 100497.333333333,
  	  	  	"judgement": "good"
  	  	},
  	  	{
  	  	  	"press": false,
  	  	  	"dir": 2,
  	  	  	"time": 100530.666666667,
  	  	  	"judgement": null
  	  	},
  	  	{
  	  	  	"press": true,
  	  	  	"dir": 1,
  	  	  	"time": 100547.333333333,
  	  	  	"judgement": "sick"
  	  	},
  	  	{
  	  	  	"press": false,
  	  	  	"dir": 0,
  	  	  	"time": 100597.333333333,
  	  	  	"judgement": null
  	  	},
  	  	{
  	  	  	"press": true,
  	  	  	"dir": 3,
  	  	  	"time": 100630.666666667,
  	  	  	"judgement": "sick"
  	  	},
  	  	{
  	  	  	"press": false,
  	  	  	"dir": 1,
  	  	  	"time": 100630.666666667,
  	  	  	"judgement": null
  	  	},
  	  	{
  	  	  	"press": true,
  	  	  	"dir": 1,
  	  	  	"time": 100764,
  	  	  	"judgement": "sick"
  	  	},
  	  	{
  	  	  	"press": false,
  	  	  	"dir": 3,
  	  	  	"time": 100764,
  	  	  	"judgement": null
  	  	},
  	  	{
  	  	  	"press": true,
  	  	  	"dir": 2,
  	  	  	"time": 100880.666666667,
  	  	  	"judgement": "sick"
  	  	},
  	  	{
  	  	  	"press": false,
  	  	  	"dir": 1,
  	  	  	"time": 100914,
  	  	  	"judgement": null
  	  	},
  	  	{
  	  	  	"press": false,
  	  	  	"dir": 2,
  	  	  	"time": 101267.333333333,
  	  	  	"judgement": null
  	  	},
  	  	{
  	  	  	"press": true,
  	  	  	"dir": 0,
  	  	  	"time": 101500.666666667,
  	  	  	"judgement": "sick"
  	  	},
  	  	{
  	  	  	"press": true,
  	  	  	"dir": 1,
  	  	  	"time": 102037.333333333,
  	  	  	"judgement": "good"
  	  	},
  	  	{
  	  	  	"press": false,
  	  	  	"dir": 0,
  	  	  	"time": 102070.666666667,
  	  	  	"judgement": null
  	  	},
  	  	{
  	  	  	"press": true,
  	  	  	"dir": 2,
  	  	  	"time": 102120.666666667,
  	  	  	"judgement": "good"
  	  	},
  	  	{
  	  	  	"press": false,
  	  	  	"dir": 1,
  	  	  	"time": 102137.333333333,
  	  	  	"judgement": null
  	  	},
  	  	{
  	  	  	"press": false,
  	  	  	"dir": 2,
  	  	  	"time": 102187.333333333,
  	  	  	"judgement": null
  	  	},
  	  	{
  	  	  	"press": true,
  	  	  	"dir": 0,
  	  	  	"time": 102237.333333333,
  	  	  	"judgement": "sick"
  	  	},
  	  	{
  	  	  	"press": true,
  	  	  	"dir": 3,
  	  	  	"time": 102320.666666667,
  	  	  	"judgement": "sick"
  	  	},
  	  	{
  	  	  	"press": false,
  	  	  	"dir": 0,
  	  	  	"time": 102320.666666667,
  	  	  	"judgement": null
  	  	},
  	  	{
  	  	  	"press": false,
  	  	  	"dir": 3,
  	  	  	"time": 102387.333333334,
  	  	  	"judgement": null
  	  	},
  	  	{
  	  	  	"press": true,
  	  	  	"dir": 1,
  	  	  	"time": 102420.666666667,
  	  	  	"judgement": "sick"
  	  	},
  	  	{
  	  	  	"press": false,
  	  	  	"dir": 1,
  	  	  	"time": 102504,
  	  	  	"judgement": null
  	  	},
  	  	{
  	  	  	"press": true,
  	  	  	"dir": 3,
  	  	  	"time": 102520.666666667,
  	  	  	"judgement": "sick"
  	  	},
  	  	{
  	  	  	"press": false,
  	  	  	"dir": 3,
  	  	  	"time": 102587.333333334,
  	  	  	"judgement": null
  	  	},
  	  	{
  	  	  	"press": true,
  	  	  	"dir": 0,
  	  	  	"time": 102604,
  	  	  	"judgement": "sick"
  	  	},
  	  	{
  	  	  	"press": true,
  	  	  	"dir": 2,
  	  	  	"time": 102670.666666667,
  	  	  	"judgement": "sick"
  	  	},
  	  	{
  	  	  	"press": false,
  	  	  	"dir": 0,
  	  	  	"time": 102687.333333334,
  	  	  	"judgement": null
  	  	},
  	  	{
  	  	  	"press": true,
  	  	  	"dir": 0,
  	  	  	"time": 102987.333333334,
  	  	  	"judgement": "sick"
  	  	},
  	  	{
  	  	  	"press": false,
  	  	  	"dir": 2,
  	  	  	"time": 103037.333333334,
  	  	  	"judgement": null
  	  	},
  	  	{
  	  	  	"press": true,
  	  	  	"dir": 2,
  	  	  	"time": 103270.666666667,
  	  	  	"judgement": "sick"
  	  	},
  	  	{
  	  	  	"press": false,
  	  	  	"dir": 0,
  	  	  	"time": 103287.333333334,
  	  	  	"judgement": null
  	  	},
  	  	{
  	  	  	"press": false,
  	  	  	"dir": 2,
  	  	  	"time": 103387.333333334,
  	  	  	"judgement": null
  	  	},
  	  	{
  	  	  	"press": true,
  	  	  	"dir": 0,
  	  	  	"time": 103404,
  	  	  	"judgement": "sick"
  	  	},
  	  	{
  	  	  	"press": true,
  	  	  	"dir": 3,
  	  	  	"time": 103404,
  	  	  	"judgement": "sick"
  	  	},
  	  	{
  	  	  	"press": true,
  	  	  	"dir": 2,
  	  	  	"time": 103504.000000001,
  	  	  	"judgement": "sick"
  	  	},
  	  	{
  	  	  	"press": false,
  	  	  	"dir": 0,
  	  	  	"time": 103504.000000001,
  	  	  	"judgement": null
  	  	},
  	  	{
  	  	  	"press": false,
  	  	  	"dir": 3,
  	  	  	"time": 103537.333333334,
  	  	  	"judgement": null
  	  	},
  	  	{
  	  	  	"press": true,
  	  	  	"dir": 0,
  	  	  	"time": 103620.666666667,
  	  	  	"judgement": "sick"
  	  	},
  	  	{
  	  	  	"press": false,
  	  	  	"dir": 2,
  	  	  	"time": 103620.666666667,
  	  	  	"judgement": null
  	  	},
  	  	{
  	  	  	"press": true,
  	  	  	"dir": 3,
  	  	  	"time": 103720.666666667,
  	  	  	"judgement": "sick"
  	  	},
  	  	{
  	  	  	"press": false,
  	  	  	"dir": 0,
  	  	  	"time": 103720.666666667,
  	  	  	"judgement": null
  	  	},
  	  	{
  	  	  	"press": true,
  	  	  	"dir": 2,
  	  	  	"time": 104037.333333334,
  	  	  	"judgement": "sick"
  	  	},
  	  	{
  	  	  	"press": false,
  	  	  	"dir": 3,
  	  	  	"time": 104054.000000001,
  	  	  	"judgement": null
  	  	},
  	  	{
  	  	  	"press": true,
  	  	  	"dir": 0,
  	  	  	"time": 104170.666666667,
  	  	  	"judgement": "sick"
  	  	},
  	  	{
  	  	  	"press": false,
  	  	  	"dir": 2,
  	  	  	"time": 104187.333333334,
  	  	  	"judgement": null
  	  	},
  	  	{
  	  	  	"press": true,
  	  	  	"dir": 3,
  	  	  	"time": 104337.333333334,
  	  	  	"judgement": "sick"
  	  	},
  	  	{
  	  	  	"press": false,
  	  	  	"dir": 0,
  	  	  	"time": 104404.000000001,
  	  	  	"judgement": null
  	  	},
  	  	{
  	  	  	"press": true,
  	  	  	"dir": 2,
  	  	  	"time": 104487.333333334,
  	  	  	"judgement": "sick"
  	  	},
  	  	{
  	  	  	"press": false,
  	  	  	"dir": 3,
  	  	  	"time": 104537.333333334,
  	  	  	"judgement": null
  	  	},
  	  	{
  	  	  	"press": true,
  	  	  	"dir": 0,
  	  	  	"time": 104620.666666668,
  	  	  	"judgement": "sick"
  	  	},
  	  	{
  	  	  	"press": false,
  	  	  	"dir": 2,
  	  	  	"time": 104770.666666668,
  	  	  	"judgement": null
  	  	},
  	  	{
  	  	  	"press": true,
  	  	  	"dir": 3,
  	  	  	"time": 105070.666666668,
  	  	  	"judgement": "sick"
  	  	},
  	  	{
  	  	  	"press": false,
  	  	  	"dir": 0,
  	  	  	"time": 105237.333333334,
  	  	  	"judgement": null
  	  	},
  	  	{
  	  	  	"press": true,
  	  	  	"dir": 2,
  	  	  	"time": 105370.666666668,
  	  	  	"judgement": "sick"
  	  	},
  	  	{
  	  	  	"press": false,
  	  	  	"dir": 3,
  	  	  	"time": 105404.000000001,
  	  	  	"judgement": null
  	  	},
  	  	{
  	  	  	"press": true,
  	  	  	"dir": 0,
  	  	  	"time": 105687.333333334,
  	  	  	"judgement": "sick"
  	  	},
  	  	{
  	  	  	"press": false,
  	  	  	"dir": 2,
  	  	  	"time": 105687.333333334,
  	  	  	"judgement": null
  	  	},
  	  	{
  	  	  	"press": true,
  	  	  	"dir": 3,
  	  	  	"time": 105720.666666668,
  	  	  	"judgement": "bad"
  	  	},
  	  	{
  	  	  	"press": false,
  	  	  	"dir": 0,
  	  	  	"time": 105787.333333335,
  	  	  	"judgement": null
  	  	},
  	  	{
  	  	  	"press": true,
  	  	  	"dir": 2,
  	  	  	"time": 105870.666666668,
  	  	  	"judgement": "good"
  	  	},
  	  	{
  	  	  	"press": false,
  	  	  	"dir": 3,
  	  	  	"time": 105870.666666668,
  	  	  	"judgement": null
  	  	},
  	  	{
  	  	  	"press": true,
  	  	  	"dir": 0,
  	  	  	"time": 105920.666666668,
  	  	  	"judgement": "sick"
  	  	},
  	  	{
  	  	  	"press": true,
  	  	  	"dir": 1,
  	  	  	"time": 106004.000000001,
  	  	  	"judgement": "sick"
  	  	},
  	  	{
  	  	  	"press": false,
  	  	  	"dir": 2,
  	  	  	"time": 106004.000000001,
  	  	  	"judgement": null
  	  	},
  	  	{
  	  	  	"press": false,
  	  	  	"dir": 0,
  	  	  	"time": 106020.666666668,
  	  	  	"judgement": null
  	  	},
  	  	{
  	  	  	"press": false,
  	  	  	"dir": 1,
  	  	  	"time": 106070.666666668,
  	  	  	"judgement": null
  	  	},
  	  	{
  	  	  	"press": true,
  	  	  	"dir": 2,
  	  	  	"time": 106104.000000001,
  	  	  	"judgement": "sick"
  	  	},
  	  	{
  	  	  	"press": true,
  	  	  	"dir": 1,
  	  	  	"time": 106204.000000001,
  	  	  	"judgement": "sick"
  	  	},
  	  	{
  	  	  	"press": false,
  	  	  	"dir": 2,
  	  	  	"time": 106220.666666668,
  	  	  	"judgement": null
  	  	},
  	  	{
  	  	  	"press": true,
  	  	  	"dir": 0,
  	  	  	"time": 106270.666666668,
  	  	  	"judgement": "sick"
  	  	},
  	  	{
  	  	  	"press": false,
  	  	  	"dir": 1,
  	  	  	"time": 106320.666666668,
  	  	  	"judgement": null
  	  	},
  	  	{
  	  	  	"press": false,
  	  	  	"dir": 0,
  	  	  	"time": 106387.333333335,
  	  	  	"judgement": null
  	  	},
  	  	{
  	  	  	"press": true,
  	  	  	"dir": 1,
  	  	  	"time": 106404.000000001,
  	  	  	"judgement": "sick"
  	  	},
  	  	{
  	  	  	"press": false,
  	  	  	"dir": 1,
  	  	  	"time": 106574,
  	  	  	"judgement": null
  	  	},
  	  	{
  	  	  	"press": true,
  	  	  	"dir": 3,
  	  	  	"time": 106624,
  	  	  	"judgement": "sick"
  	  	},
  	  	{
  	  	  	"press": true,
  	  	  	"dir": 2,
  	  	  	"time": 106757.333333333,
  	  	  	"judgement": "sick"
  	  	},
  	  	{
  	  	  	"press": false,
  	  	  	"dir": 3,
  	  	  	"time": 106774,
  	  	  	"judgement": null
  	  	},
  	  	{
  	  	  	"press": true,
  	  	  	"dir": 0,
  	  	  	"time": 106840.666666667,
  	  	  	"judgement": "good"
  	  	},
  	  	{
  	  	  	"press": true,
  	  	  	"dir": 3,
  	  	  	"time": 106840.666666667,
  	  	  	"judgement": "sick"
  	  	},
  	  	{
  	  	  	"press": false,
  	  	  	"dir": 2,
  	  	  	"time": 106840.666666667,
  	  	  	"judgement": null
  	  	},
  	  	{
  	  	  	"press": false,
  	  	  	"dir": 0,
  	  	  	"time": 106957.333333333,
  	  	  	"judgement": null
  	  	},
  	  	{
  	  	  	"press": false,
  	  	  	"dir": 3,
  	  	  	"time": 106957.333333333,
  	  	  	"judgement": null
  	  	},
  	  	{
  	  	  	"press": true,
  	  	  	"dir": 2,
  	  	  	"time": 107040.666666667,
  	  	  	"judgement": "sick"
  	  	},
  	  	{
  	  	  	"press": false,
  	  	  	"dir": 2,
  	  	  	"time": 107140.666666667,
  	  	  	"judgement": null
  	  	},
  	  	{
  	  	  	"press": true,
  	  	  	"dir": 1,
  	  	  	"time": 107190.666666667,
  	  	  	"judgement": "sick"
  	  	},
  	  	{
  	  	  	"press": false,
  	  	  	"dir": 1,
  	  	  	"time": 107257.333333334,
  	  	  	"judgement": null
  	  	},
  	  	{
  	  	  	"press": true,
  	  	  	"dir": 0,
  	  	  	"time": 107340.666666667,
  	  	  	"judgement": "sick"
  	  	},
  	  	{
  	  	  	"press": true,
  	  	  	"dir": 2,
  	  	  	"time": 107340.666666667,
  	  	  	"judgement": "good"
  	  	},
  	  	{
  	  	  	"press": false,
  	  	  	"dir": 0,
  	  	  	"time": 107440.666666667,
  	  	  	"judgement": null
  	  	},
  	  	{
  	  	  	"press": false,
  	  	  	"dir": 2,
  	  	  	"time": 107440.666666667,
  	  	  	"judgement": null
  	  	},
  	  	{
  	  	  	"press": true,
  	  	  	"dir": 3,
  	  	  	"time": 107524,
  	  	  	"judgement": "sick"
  	  	},
  	  	{
  	  	  	"press": true,
  	  	  	"dir": 0,
  	  	  	"time": 107557.333333334,
  	  	  	"judgement": "sick"
  	  	},
  	  	{
  	  	  	"press": false,
  	  	  	"dir": 0,
  	  	  	"time": 107624,
  	  	  	"judgement": null
  	  	},
  	  	{
  	  	  	"press": true,
  	  	  	"dir": 2,
  	  	  	"time": 107640.666666667,
  	  	  	"judgement": "sick"
  	  	},
  	  	{
  	  	  	"press": false,
  	  	  	"dir": 3,
  	  	  	"time": 107640.666666667,
  	  	  	"judgement": null
  	  	},
  	  	{
  	  	  	"press": true,
  	  	  	"dir": 0,
  	  	  	"time": 107740.666666667,
  	  	  	"judgement": "good"
  	  	},
  	  	{
  	  	  	"press": false,
  	  	  	"dir": 2,
  	  	  	"time": 107740.666666667,
  	  	  	"judgement": null
  	  	},
  	  	{
  	  	  	"press": false,
  	  	  	"dir": 0,
  	  	  	"time": 107824,
  	  	  	"judgement": null
  	  	},
  	  	{
  	  	  	"press": true,
  	  	  	"dir": 2,
  	  	  	"time": 107890.666666667,
  	  	  	"judgement": "sick"
  	  	},
  	  	{
  	  	  	"press": true,
  	  	  	"dir": 3,
  	  	  	"time": 107974,
  	  	  	"judgement": "sick"
  	  	},
  	  	{
  	  	  	"press": false,
  	  	  	"dir": 2,
  	  	  	"time": 107990.666666667,
  	  	  	"judgement": null
  	  	},
  	  	{
  	  	  	"press": true,
  	  	  	"dir": 0,
  	  	  	"time": 108074,
  	  	  	"judgement": "sick"
  	  	},
  	  	{
  	  	  	"press": false,
  	  	  	"dir": 3,
  	  	  	"time": 108074,
  	  	  	"judgement": null
  	  	},
  	  	{
  	  	  	"press": false,
  	  	  	"dir": 0,
  	  	  	"time": 108190.666666667,
  	  	  	"judgement": null
  	  	},
  	  	{
  	  	  	"press": true,
  	  	  	"dir": 2,
  	  	  	"time": 108240.666666667,
  	  	  	"judgement": "sick"
  	  	},
  	  	{
  	  	  	"press": true,
  	  	  	"dir": 3,
  	  	  	"time": 108307.333333334,
  	  	  	"judgement": "sick"
  	  	},
  	  	{
  	  	  	"press": false,
  	  	  	"dir": 2,
  	  	  	"time": 108324.000000001,
  	  	  	"judgement": null
  	  	},
  	  	{
  	  	  	"press": true,
  	  	  	"dir": 0,
  	  	  	"time": 108357.333333334,
  	  	  	"judgement": "sick"
  	  	},
  	  	{
  	  	  	"press": false,
  	  	  	"dir": 3,
  	  	  	"time": 108390.666666667,
  	  	  	"judgement": null
  	  	},
  	  	{
  	  	  	"press": true,
  	  	  	"dir": 1,
  	  	  	"time": 108407.333333334,
  	  	  	"judgement": "sick"
  	  	},
  	  	{
  	  	  	"press": false,
  	  	  	"dir": 0,
  	  	  	"time": 108440.666666667,
  	  	  	"judgement": null
  	  	},
  	  	{
  	  	  	"press": false,
  	  	  	"dir": 1,
  	  	  	"time": 108490.666666667,
  	  	  	"judgement": null
  	  	},
  	  	{
  	  	  	"press": true,
  	  	  	"dir": 0,
  	  	  	"time": 108574.000000001,
  	  	  	"judgement": "sick"
  	  	},
  	  	{
  	  	  	"press": true,
  	  	  	"dir": 3,
  	  	  	"time": 108657.333333334,
  	  	  	"judgement": "sick"
  	  	},
  	  	{
  	  	  	"press": false,
  	  	  	"dir": 0,
  	  	  	"time": 108690.666666667,
  	  	  	"judgement": null
  	  	},
  	  	{
  	  	  	"press": false,
  	  	  	"dir": 3,
  	  	  	"time": 108740.666666667,
  	  	  	"judgement": null
  	  	},
  	  	{
  	  	  	"press": true,
  	  	  	"dir": 2,
  	  	  	"time": 108824.000000001,
  	  	  	"judgement": "sick"
  	  	},
  	  	{
  	  	  	"press": false,
  	  	  	"dir": 2,
  	  	  	"time": 108940.666666667,
  	  	  	"judgement": null
  	  	},
  	  	{
  	  	  	"press": true,
  	  	  	"dir": 3,
  	  	  	"time": 108974.000000001,
  	  	  	"judgement": "good"
  	  	},
  	  	{
  	  	  	"press": true,
  	  	  	"dir": 0,
  	  	  	"time": 109040.666666667,
  	  	  	"judgement": "sick"
  	  	},
  	  	{
  	  	  	"press": false,
  	  	  	"dir": 3,
  	  	  	"time": 109090.666666667,
  	  	  	"judgement": null
  	  	},
  	  	{
  	  	  	"press": false,
  	  	  	"dir": 0,
  	  	  	"time": 109107.333333334,
  	  	  	"judgement": null
  	  	},
  	  	{
  	  	  	"press": true,
  	  	  	"dir": 3,
  	  	  	"time": 109140.666666667,
  	  	  	"judgement": "sick"
  	  	},
  	  	{
  	  	  	"press": true,
  	  	  	"dir": 2,
  	  	  	"time": 109290.666666667,
  	  	  	"judgement": "sick"
  	  	},
  	  	{
  	  	  	"press": false,
  	  	  	"dir": 3,
  	  	  	"time": 109307.333333334,
  	  	  	"judgement": null
  	  	},
  	  	{
  	  	  	"press": false,
  	  	  	"dir": 2,
  	  	  	"time": 109424.000000001,
  	  	  	"judgement": null
  	  	},
  	  	{
  	  	  	"press": true,
  	  	  	"dir": 0,
  	  	  	"time": 109440.666666668,
  	  	  	"judgement": "sick"
  	  	},
  	  	{
  	  	  	"press": false,
  	  	  	"dir": 0,
  	  	  	"time": 109524.000000001,
  	  	  	"judgement": null
  	  	},
  	  	{
  	  	  	"press": true,
  	  	  	"dir": 3,
  	  	  	"time": 109624.000000001,
  	  	  	"judgement": "sick"
  	  	},
  	  	{
  	  	  	"press": false,
  	  	  	"dir": 3,
  	  	  	"time": 109724.000000001,
  	  	  	"judgement": null
  	  	},
  	  	{
  	  	  	"press": true,
  	  	  	"dir": 1,
  	  	  	"time": 109757.333333334,
  	  	  	"judgement": "sick"
  	  	},
  	  	{
  	  	  	"press": false,
  	  	  	"dir": 1,
  	  	  	"time": 109857.333333334,
  	  	  	"judgement": null
  	  	},
  	  	{
  	  	  	"press": true,
  	  	  	"dir": 3,
  	  	  	"time": 109890.666666668,
  	  	  	"judgement": "sick"
  	  	},
  	  	{
  	  	  	"press": false,
  	  	  	"dir": 3,
  	  	  	"time": 110024.000000001,
  	  	  	"judgement": null
  	  	},
  	  	{
  	  	  	"press": true,
  	  	  	"dir": 1,
  	  	  	"time": 110057.333333334,
  	  	  	"judgement": "sick"
  	  	},
  	  	{
  	  	  	"press": false,
  	  	  	"dir": 1,
  	  	  	"time": 110157.333333334,
  	  	  	"judgement": null
  	  	},
  	  	{
  	  	  	"press": true,
  	  	  	"dir": 2,
  	  	  	"time": 110174.000000001,
  	  	  	"judgement": "sick"
  	  	},
  	  	{
  	  	  	"press": false,
  	  	  	"dir": 2,
  	  	  	"time": 110290.666666668,
  	  	  	"judgement": null
  	  	},
  	  	{
  	  	  	"press": true,
  	  	  	"dir": 0,
  	  	  	"time": 110357.333333334,
  	  	  	"judgement": "sick"
  	  	},
  	  	{
  	  	  	"press": false,
  	  	  	"dir": 0,
  	  	  	"time": 110457.333333334,
  	  	  	"judgement": null
  	  	},
  	  	{
  	  	  	"press": true,
  	  	  	"dir": 2,
  	  	  	"time": 110490.666666668,
  	  	  	"judgement": "sick"
  	  	},
  	  	{
  	  	  	"press": true,
  	  	  	"dir": 3,
  	  	  	"time": 110540.666666668,
  	  	  	"judgement": "sick"
  	  	},
  	  	{
  	  	  	"press": false,
  	  	  	"dir": 2,
  	  	  	"time": 110540.666666668,
  	  	  	"judgement": null
  	  	},
  	  	{
  	  	  	"press": true,
  	  	  	"dir": 0,
  	  	  	"time": 110624.000000001,
  	  	  	"judgement": "sick"
  	  	},
  	  	{
  	  	  	"press": false,
  	  	  	"dir": 3,
  	  	  	"time": 110640.666666668,
  	  	  	"judgement": null
  	  	},
  	  	{
  	  	  	"press": true,
  	  	  	"dir": 1,
  	  	  	"time": 110690.666666668,
  	  	  	"judgement": "sick"
  	  	},
  	  	{
  	  	  	"press": false,
  	  	  	"dir": 0,
  	  	  	"time": 110740.666666668,
  	  	  	"judgement": null
  	  	},
  	  	{
  	  	  	"press": true,
  	  	  	"dir": 3,
  	  	  	"time": 110790.666666668,
  	  	  	"judgement": "sick"
  	  	},
  	  	{
  	  	  	"press": false,
  	  	  	"dir": 1,
  	  	  	"time": 110807.333333335,
  	  	  	"judgement": null
  	  	},
  	  	{
  	  	  	"press": false,
  	  	  	"dir": 3,
  	  	  	"time": 110874.000000001,
  	  	  	"judgement": null
  	  	},
  	  	{
  	  	  	"press": true,
  	  	  	"dir": 1,
  	  	  	"time": 110907.333333335,
  	  	  	"judgement": "sick"
  	  	},
  	  	{
  	  	  	"press": true,
  	  	  	"dir": 3,
  	  	  	"time": 110924.000000001,
  	  	  	"judgement": "sick"
  	  	},
  	  	{
  	  	  	"press": false,
  	  	  	"dir": 1,
  	  	  	"time": 110957.333333335,
  	  	  	"judgement": null
  	  	},
  	  	{
  	  	  	"press": false,
  	  	  	"dir": 3,
  	  	  	"time": 110974.000000001,
  	  	  	"judgement": null
  	  	},
  	  	{
  	  	  	"press": true,
  	  	  	"dir": 3,
  	  	  	"time": 111040.666666668,
  	  	  	"judgement": "sick"
  	  	},
  	  	{
  	  	  	"press": true,
  	  	  	"dir": 0,
  	  	  	"time": 111074.000000001,
  	  	  	"judgement": "sick"
  	  	},
  	  	{
  	  	  	"press": true,
  	  	  	"dir": 2,
  	  	  	"time": 111107.333333335,
  	  	  	"judgement": "sick"
  	  	},
  	  	{
  	  	  	"press": false,
  	  	  	"dir": 3,
  	  	  	"time": 111140.666666668,
  	  	  	"judgement": null
  	  	},
  	  	{
  	  	  	"press": false,
  	  	  	"dir": 0,
  	  	  	"time": 111157.333333335,
  	  	  	"judgement": null
  	  	},
  	  	{
  	  	  	"press": false,
  	  	  	"dir": 2,
  	  	  	"time": 111190.666666668,
  	  	  	"judgement": null
  	  	},
  	  	{
  	  	  	"press": true,
  	  	  	"dir": 2,
  	  	  	"time": 111240.666666668,
  	  	  	"judgement": "sick"
  	  	},
  	  	{
  	  	  	"press": true,
  	  	  	"dir": 0,
  	  	  	"time": 111274.000000001,
  	  	  	"judgement": "good"
  	  	},
  	  	{
  	  	  	"press": false,
  	  	  	"dir": 2,
  	  	  	"time": 111274.000000001,
  	  	  	"judgement": null
  	  	},
  	  	{
  	  	  	"press": true,
  	  	  	"dir": 3,
  	  	  	"time": 111324.000000001,
  	  	  	"judgement": "good"
  	  	},
  	  	{
  	  	  	"press": false,
  	  	  	"dir": 0,
  	  	  	"time": 111324.000000001,
  	  	  	"judgement": null
  	  	},
  	  	{
  	  	  	"press": true,
  	  	  	"dir": 0,
  	  	  	"time": 111407.333333335,
  	  	  	"judgement": "sick"
  	  	},
  	  	{
  	  	  	"press": false,
  	  	  	"dir": 3,
  	  	  	"time": 111407.333333335,
  	  	  	"judgement": null
  	  	},
  	  	{
  	  	  	"press": false,
  	  	  	"dir": 0,
  	  	  	"time": 111474.000000001,
  	  	  	"judgement": null
  	  	},
  	  	{
  	  	  	"press": true,
  	  	  	"dir": 1,
  	  	  	"time": 111557.333333335,
  	  	  	"judgement": "sick"
  	  	},
  	  	{
  	  	  	"press": true,
  	  	  	"dir": 0,
  	  	  	"time": 111674.000000002,
  	  	  	"judgement": "sick"
  	  	},
  	  	{
  	  	  	"press": false,
  	  	  	"dir": 1,
  	  	  	"time": 111674.000000002,
  	  	  	"judgement": null
  	  	},
  	  	{
  	  	  	"press": false,
  	  	  	"dir": 0,
  	  	  	"time": 111757.333333335,
  	  	  	"judgement": null
  	  	},
  	  	{
  	  	  	"press": true,
  	  	  	"dir": 2,
  	  	  	"time": 111807.333333335,
  	  	  	"judgement": "sick"
  	  	},
  	  	{
  	  	  	"press": true,
  	  	  	"dir": 0,
  	  	  	"time": 111840.666666668,
  	  	  	"judgement": "sick"
  	  	},
  	  	{
  	  	  	"press": false,
  	  	  	"dir": 2,
  	  	  	"time": 111857.333333335,
  	  	  	"judgement": null
  	  	},
  	  	{
  	  	  	"press": false,
  	  	  	"dir": 0,
  	  	  	"time": 111924.000000002,
  	  	  	"judgement": null
  	  	},
  	  	{
  	  	  	"press": true,
  	  	  	"dir": 3,
  	  	  	"time": 111957.333333335,
  	  	  	"judgement": "sick"
  	  	},
  	  	{
  	  	  	"press": true,
  	  	  	"dir": 0,
  	  	  	"time": 111990.666666668,
  	  	  	"judgement": "good"
  	  	},
  	  	{
  	  	  	"press": false,
  	  	  	"dir": 3,
  	  	  	"time": 112040.666666668,
  	  	  	"judgement": null
  	  	},
  	  	{
  	  	  	"press": false,
  	  	  	"dir": 0,
  	  	  	"time": 112057.333333335,
  	  	  	"judgement": null
  	  	},
  	  	{
  	  	  	"press": true,
  	  	  	"dir": 3,
  	  	  	"time": 112090.666666668,
  	  	  	"judgement": "good"
  	  	},
  	  	{
  	  	  	"press": false,
  	  	  	"dir": 3,
  	  	  	"time": 112190.666666668,
  	  	  	"judgement": null
  	  	},
  	  	{
  	  	  	"press": true,
  	  	  	"dir": 1,
  	  	  	"time": 112207.333333335,
  	  	  	"judgement": "good"
  	  	},
  	  	{
  	  	  	"press": true,
  	  	  	"dir": 3,
  	  	  	"time": 112224.000000002,
  	  	  	"judgement": "sick"
  	  	},
  	  	{
  	  	  	"press": false,
  	  	  	"dir": 1,
  	  	  	"time": 112257.333333335,
  	  	  	"judgement": null
  	  	},
  	  	{
  	  	  	"press": true,
  	  	  	"dir": 2,
  	  	  	"time": 112340.666666668,
  	  	  	"judgement": "sick"
  	  	},
  	  	{
  	  	  	"press": false,
  	  	  	"dir": 3,
  	  	  	"time": 112374.000000002,
  	  	  	"judgement": null
  	  	},
  	  	{
  	  	  	"press": true,
  	  	  	"dir": 0,
  	  	  	"time": 112424.000000002,
  	  	  	"judgement": "sick"
  	  	},
  	  	{
  	  	  	"press": false,
  	  	  	"dir": 2,
  	  	  	"time": 112424.000000002,
  	  	  	"judgement": null
  	  	},
  	  	{
  	  	  	"press": true,
  	  	  	"dir": 2,
  	  	  	"time": 112457.333333335,
  	  	  	"judgement": "sick"
  	  	},
  	  	{
  	  	  	"press": true,
  	  	  	"dir": 3,
  	  	  	"time": 112474.000000002,
  	  	  	"judgement": "sick"
  	  	},
  	  	{
  	  	  	"press": false,
  	  	  	"dir": 0,
  	  	  	"time": 112490.666666668,
  	  	  	"judgement": null
  	  	},
  	  	{
  	  	  	"press": false,
  	  	  	"dir": 2,
  	  	  	"time": 112490.666666668,
  	  	  	"judgement": null
  	  	},
  	  	{
  	  	  	"press": false,
  	  	  	"dir": 3,
  	  	  	"time": 112540.666666668,
  	  	  	"judgement": null
  	  	},
  	  	{
  	  	  	"press": true,
  	  	  	"dir": 3,
  	  	  	"time": 112574.000000002,
  	  	  	"judgement": "good"
  	  	},
  	  	{
  	  	  	"press": true,
  	  	  	"dir": 1,
  	  	  	"time": 112640.666666668,
  	  	  	"judgement": "sick"
  	  	},
  	  	{
  	  	  	"press": false,
  	  	  	"dir": 3,
  	  	  	"time": 112674.000000002,
  	  	  	"judgement": null
  	  	},
  	  	{
  	  	  	"press": true,
  	  	  	"dir": 0,
  	  	  	"time": 112740.666666668,
  	  	  	"judgement": "sick"
  	  	},
  	  	{
  	  	  	"press": false,
  	  	  	"dir": 1,
  	  	  	"time": 112740.666666668,
  	  	  	"judgement": null
  	  	},
  	  	{
  	  	  	"press": true,
  	  	  	"dir": 2,
  	  	  	"time": 112774.000000002,
  	  	  	"judgement": "sick"
  	  	},
  	  	{
  	  	  	"press": false,
  	  	  	"dir": 0,
  	  	  	"time": 112807.333333335,
  	  	  	"judgement": null
  	  	},
  	  	{
  	  	  	"press": true,
  	  	  	"dir": 3,
  	  	  	"time": 112857.333333335,
  	  	  	"judgement": "sick"
  	  	},
  	  	{
  	  	  	"press": false,
  	  	  	"dir": 2,
  	  	  	"time": 112874.000000002,
  	  	  	"judgement": null
  	  	},
  	  	{
  	  	  	"press": true,
  	  	  	"dir": 1,
  	  	  	"time": 112974.000000002,
  	  	  	"judgement": "good"
  	  	},
  	  	{
  	  	  	"press": false,
  	  	  	"dir": 3,
  	  	  	"time": 112974.000000002,
  	  	  	"judgement": null
  	  	},
  	  	{
  	  	  	"press": true,
  	  	  	"dir": 3,
  	  	  	"time": 113040.666666669,
  	  	  	"judgement": "sick"
  	  	},
  	  	{
  	  	  	"press": true,
  	  	  	"dir": 0,
  	  	  	"time": 113074.000000002,
  	  	  	"judgement": "good"
  	  	},
  	  	{
  	  	  	"press": false,
  	  	  	"dir": 1,
  	  	  	"time": 113090.666666669,
  	  	  	"judgement": null
  	  	},
  	  	{
  	  	  	"press": false,
  	  	  	"dir": 0,
  	  	  	"time": 113140.666666669,
  	  	  	"judgement": null
  	  	},
  	  	{
  	  	  	"press": false,
  	  	  	"dir": 3,
  	  	  	"time": 113140.666666669,
  	  	  	"judgement": null
  	  	},
  	  	{
  	  	  	"press": true,
  	  	  	"dir": 2,
  	  	  	"time": 113190.666666669,
  	  	  	"judgement": "sick"
  	  	},
  	  	{
  	  	  	"press": false,
  	  	  	"dir": 2,
  	  	  	"time": 113257.333333335,
  	  	  	"judgement": null
  	  	},
  	  	{
  	  	  	"press": true,
  	  	  	"dir": 0,
  	  	  	"time": 113290.666666669,
  	  	  	"judgement": "good"
  	  	},
  	  	{
  	  	  	"press": true,
  	  	  	"dir": 1,
  	  	  	"time": 113290.666666669,
  	  	  	"judgement": "good"
  	  	},
  	  	{
  	  	  	"press": true,
  	  	  	"dir": 3,
  	  	  	"time": 113357.333333335,
  	  	  	"judgement": "sick"
  	  	},
  	  	{
  	  	  	"press": false,
  	  	  	"dir": 1,
  	  	  	"time": 113357.333333335,
  	  	  	"judgement": null
  	  	},
  	  	{
  	  	  	"press": false,
  	  	  	"dir": 0,
  	  	  	"time": 113374.000000002,
  	  	  	"judgement": null
  	  	},
  	  	{
  	  	  	"press": false,
  	  	  	"dir": 3,
  	  	  	"time": 113457.333333335,
  	  	  	"judgement": null
  	  	},
  	  	{
  	  	  	"press": true,
  	  	  	"dir": 1,
  	  	  	"time": 113474.000000002,
  	  	  	"judgement": "sick"
  	  	},
  	  	{
  	  	  	"press": false,
  	  	  	"dir": 1,
  	  	  	"time": 113557.333333335,
  	  	  	"judgement": null
  	  	},
  	  	{
  	  	  	"press": true,
  	  	  	"dir": 2,
  	  	  	"time": 113574.000000002,
  	  	  	"judgement": "good"
  	  	},
  	  	{
  	  	  	"press": true,
  	  	  	"dir": 0,
  	  	  	"time": 113657.333333335,
  	  	  	"judgement": "sick"
  	  	},
  	  	{
  	  	  	"press": false,
  	  	  	"dir": 2,
  	  	  	"time": 113657.333333335,
  	  	  	"judgement": null
  	  	},
  	  	{
  	  	  	"press": false,
  	  	  	"dir": 0,
  	  	  	"time": 113724.000000002,
  	  	  	"judgement": null
  	  	},
  	  	{
  	  	  	"press": true,
  	  	  	"dir": 0,
  	  	  	"time": 113807.333333335,
  	  	  	"judgement": "sick"
  	  	},
  	  	{
  	  	  	"press": false,
  	  	  	"dir": 0,
  	  	  	"time": 113857.333333335,
  	  	  	"judgement": null
  	  	},
  	  	{
  	  	  	"press": true,
  	  	  	"dir": 0,
  	  	  	"time": 113940.666666669,
  	  	  	"judgement": "sick"
  	  	},
  	  	{
  	  	  	"press": true,
  	  	  	"dir": 2,
  	  	  	"time": 113974.000000002,
  	  	  	"judgement": "sick"
  	  	},
  	  	{
  	  	  	"press": false,
  	  	  	"dir": 0,
  	  	  	"time": 113990.666666669,
  	  	  	"judgement": null
  	  	},
  	  	{
  	  	  	"press": false,
  	  	  	"dir": 2,
  	  	  	"time": 114040.666666669,
  	  	  	"judgement": null
  	  	},
  	  	{
  	  	  	"press": true,
  	  	  	"dir": 0,
  	  	  	"time": 114057.333333336,
  	  	  	"judgement": "sick"
  	  	},
  	  	{
  	  	  	"press": true,
  	  	  	"dir": 3,
  	  	  	"time": 114124.000000002,
  	  	  	"judgement": "sick"
  	  	},
  	  	{
  	  	  	"press": false,
  	  	  	"dir": 0,
  	  	  	"time": 114124.000000002,
  	  	  	"judgement": null
  	  	},
  	  	{
  	  	  	"press": true,
  	  	  	"dir": 0,
  	  	  	"time": 114190.666666669,
  	  	  	"judgement": "sick"
  	  	},
  	  	{
  	  	  	"press": true,
  	  	  	"dir": 2,
  	  	  	"time": 114190.666666669,
  	  	  	"judgement": "good"
  	  	},
  	  	{
  	  	  	"press": false,
  	  	  	"dir": 3,
  	  	  	"time": 114240.666666669,
  	  	  	"judgement": null
  	  	},
  	  	{
  	  	  	"press": false,
  	  	  	"dir": 0,
  	  	  	"time": 114257.333333336,
  	  	  	"judgement": null
  	  	},
  	  	{
  	  	  	"press": false,
  	  	  	"dir": 2,
  	  	  	"time": 114274.000000002,
  	  	  	"judgement": null
  	  	},
  	  	{
  	  	  	"press": true,
  	  	  	"dir": 0,
  	  	  	"time": 114340.666666669,
  	  	  	"judgement": "bad"
  	  	},
  	  	{
  	  	  	"press": true,
  	  	  	"dir": 1,
  	  	  	"time": 114424.000000002,
  	  	  	"judgement": "sick"
  	  	},
  	  	{
  	  	  	"press": true,
  	  	  	"dir": 2,
  	  	  	"time": 114424.000000002,
  	  	  	"judgement": "good"
  	  	},
  	  	{
  	  	  	"press": true,
  	  	  	"dir": 3,
  	  	  	"time": 114424.000000002,
  	  	  	"judgement": "good"
  	  	},
  	  	{
  	  	  	"press": false,
  	  	  	"dir": 0,
  	  	  	"time": 114457.333333336,
  	  	  	"judgement": null
  	  	},
  	  	{
  	  	  	"press": false,
  	  	  	"dir": 2,
  	  	  	"time": 114474.000000002,
  	  	  	"judgement": null
  	  	},
  	  	{
  	  	  	"press": false,
  	  	  	"dir": 3,
  	  	  	"time": 114474.000000002,
  	  	  	"judgement": null
  	  	},
  	  	{
  	  	  	"press": false,
  	  	  	"dir": 1,
  	  	  	"time": 114490.666666669,
  	  	  	"judgement": null
  	  	},
  	  	{
  	  	  	"press": true,
  	  	  	"dir": 2,
  	  	  	"time": 114557.333333336,
  	  	  	"judgement": "sick"
  	  	},
  	  	{
  	  	  	"press": true,
  	  	  	"dir": 3,
  	  	  	"time": 114557.333333336,
  	  	  	"judgement": "sick"
  	  	},
  	  	{
  	  	  	"press": false,
  	  	  	"dir": 2,
  	  	  	"time": 114624.000000002,
  	  	  	"judgement": null
  	  	},
  	  	{
  	  	  	"press": true,
  	  	  	"dir": 2,
  	  	  	"time": 114674.000000002,
  	  	  	"judgement": "sick"
  	  	},
  	  	{
  	  	  	"press": true,
  	  	  	"dir": 0,
  	  	  	"time": 114707.333333336,
  	  	  	"judgement": "miss"
  	  	},
  	  	{
  	  	  	"press": false,
  	  	  	"dir": 2,
  	  	  	"time": 114724.000000002,
  	  	  	"judgement": null
  	  	},
  	  	{
  	  	  	"press": false,
  	  	  	"dir": 3,
  	  	  	"time": 114740.666666669,
  	  	  	"judgement": null
  	  	},
  	  	{
  	  	  	"press": true,
  	  	  	"dir": 3,
  	  	  	"time": 114774.000000002,
  	  	  	"judgement": "shit"
  	  	},
  	  	{
  	  	  	"press": false,
  	  	  	"dir": 0,
  	  	  	"time": 114774.000000002,
  	  	  	"judgement": null
  	  	},
  	  	{
  	  	  	"press": true,
  	  	  	"dir": 0,
  	  	  	"time": 114824.000000002,
  	  	  	"judgement": "good"
  	  	},
  	  	{
  	  	  	"press": false,
  	  	  	"dir": 3,
  	  	  	"time": 114857.333333336,
  	  	  	"judgement": null
  	  	},
  	  	{
  	  	  	"press": false,
  	  	  	"dir": 0,
  	  	  	"time": 114890.666666669,
  	  	  	"judgement": null
  	  	},
  	  	{
  	  	  	"press": true,
  	  	  	"dir": 0,
  	  	  	"time": 114974.000000002,
  	  	  	"judgement": "bad"
  	  	},
  	  	{
  	  	  	"press": false,
  	  	  	"dir": 0,
  	  	  	"time": 115057.333333336,
  	  	  	"judgement": null
  	  	},
  	  	{
  	  	  	"press": true,
  	  	  	"dir": 1,
  	  	  	"time": 115107.333333336,
  	  	  	"judgement": "sick"
  	  	},
  	  	{
  	  	  	"press": false,
  	  	  	"dir": 1,
  	  	  	"time": 115157.333333336,
  	  	  	"judgement": null
  	  	},
  	  	{
  	  	  	"press": true,
  	  	  	"dir": 0,
  	  	  	"time": 115224.000000003,
  	  	  	"judgement": null
  	  	},
  	  	{
  	  	  	"press": true,
  	  	  	"dir": 2,
  	  	  	"time": 115224.000000003,
  	  	  	"judgement": "good"
  	  	},
  	  	{
  	  	  	"press": false,
  	  	  	"dir": 0,
  	  	  	"time": 115240.666666669,
  	  	  	"judgement": null
  	  	},
  	  	{
  	  	  	"press": true,
  	  	  	"dir": 3,
  	  	  	"time": 115357.333333336,
  	  	  	"judgement": "sick"
  	  	},
  	  	{
  	  	  	"press": false,
  	  	  	"dir": 2,
  	  	  	"time": 115357.333333336,
  	  	  	"judgement": null
  	  	},
  	  	{
  	  	  	"press": true,
  	  	  	"dir": 0,
  	  	  	"time": 115457.333333336,
  	  	  	"judgement": "sick"
  	  	},
  	  	{
  	  	  	"press": false,
  	  	  	"dir": 3,
  	  	  	"time": 115457.333333336,
  	  	  	"judgement": null
  	  	},
  	  	{
  	  	  	"press": true,
  	  	  	"dir": 1,
  	  	  	"time": 115524.000000003,
  	  	  	"judgement": "sick"
  	  	},
  	  	{
  	  	  	"press": false,
  	  	  	"dir": 0,
  	  	  	"time": 115540.666666669,
  	  	  	"judgement": null
  	  	},
  	  	{
  	  	  	"press": true,
  	  	  	"dir": 3,
  	  	  	"time": 115574.000000003,
  	  	  	"judgement": "sick"
  	  	},
  	  	{
  	  	  	"press": false,
  	  	  	"dir": 1,
  	  	  	"time": 115590.666666669,
  	  	  	"judgement": null
  	  	},
  	  	{
  	  	  	"press": true,
  	  	  	"dir": 2,
  	  	  	"time": 115640.666666669,
  	  	  	"judgement": "sick"
  	  	},
  	  	{
  	  	  	"press": false,
  	  	  	"dir": 3,
  	  	  	"time": 115690.666666669,
  	  	  	"judgement": null
  	  	},
  	  	{
  	  	  	"press": true,
  	  	  	"dir": 1,
  	  	  	"time": 115740.666666669,
  	  	  	"judgement": "sick"
  	  	},
  	  	{
  	  	  	"press": false,
  	  	  	"dir": 2,
  	  	  	"time": 115740.666666669,
  	  	  	"judgement": null
  	  	},
  	  	{
  	  	  	"press": true,
  	  	  	"dir": 0,
  	  	  	"time": 115807.333333336,
  	  	  	"judgement": "sick"
  	  	},
  	  	{
  	  	  	"press": false,
  	  	  	"dir": 1,
  	  	  	"time": 115824.000000003,
  	  	  	"judgement": null
  	  	},
  	  	{
  	  	  	"press": true,
  	  	  	"dir": 2,
  	  	  	"time": 115907.333333336,
  	  	  	"judgement": "sick"
  	  	},
  	  	{
  	  	  	"press": false,
  	  	  	"dir": 0,
  	  	  	"time": 115907.333333336,
  	  	  	"judgement": null
  	  	},
  	  	{
  	  	  	"press": true,
  	  	  	"dir": 3,
  	  	  	"time": 115957.333333336,
  	  	  	"judgement": "sick"
  	  	},
  	  	{
  	  	  	"press": false,
  	  	  	"dir": 2,
  	  	  	"time": 115974.000000003,
  	  	  	"judgement": null
  	  	},
  	  	{
  	  	  	"press": true,
  	  	  	"dir": 0,
  	  	  	"time": 116007.333333336,
  	  	  	"judgement": "sick"
  	  	},
  	  	{
  	  	  	"press": false,
  	  	  	"dir": 3,
  	  	  	"time": 116040.666666669,
  	  	  	"judgement": null
  	  	},
  	  	{
  	  	  	"press": true,
  	  	  	"dir": 1,
  	  	  	"time": 116090.666666669,
  	  	  	"judgement": "sick"
  	  	},
  	  	{
  	  	  	"press": false,
  	  	  	"dir": 0,
  	  	  	"time": 116124.000000003,
  	  	  	"judgement": null
  	  	},
  	  	{
  	  	  	"press": false,
  	  	  	"dir": 1,
  	  	  	"time": 116157.333333336,
  	  	  	"judgement": null
  	  	},
  	  	{
  	  	  	"press": true,
  	  	  	"dir": 3,
  	  	  	"time": 116174.000000003,
  	  	  	"judgement": "sick"
  	  	},
  	  	{
  	  	  	"press": true,
  	  	  	"dir": 2,
  	  	  	"time": 116257.333333336,
  	  	  	"judgement": "sick"
  	  	},
  	  	{
  	  	  	"press": false,
  	  	  	"dir": 3,
  	  	  	"time": 116290.66666667,
  	  	  	"judgement": null
  	  	},
  	  	{
  	  	  	"press": true,
  	  	  	"dir": 1,
  	  	  	"time": 116307.333333336,
  	  	  	"judgement": "sick"
  	  	},
  	  	{
  	  	  	"press": false,
  	  	  	"dir": 2,
  	  	  	"time": 116324.000000003,
  	  	  	"judgement": null
  	  	},
  	  	{
  	  	  	"press": true,
  	  	  	"dir": 0,
  	  	  	"time": 116390.66666667,
  	  	  	"judgement": "sick"
  	  	},
  	  	{
  	  	  	"press": false,
  	  	  	"dir": 1,
  	  	  	"time": 116407.333333336,
  	  	  	"judgement": null
  	  	},
  	  	{
  	  	  	"press": true,
  	  	  	"dir": 3,
  	  	  	"time": 116474.000000003,
  	  	  	"judgement": "sick"
  	  	},
  	  	{
  	  	  	"press": false,
  	  	  	"dir": 0,
  	  	  	"time": 116474.000000003,
  	  	  	"judgement": null
  	  	},
  	  	{
  	  	  	"press": true,
  	  	  	"dir": 2,
  	  	  	"time": 116557.333333336,
  	  	  	"judgement": "sick"
  	  	},
  	  	{
  	  	  	"press": true,
  	  	  	"dir": 0,
  	  	  	"time": 116590.66666667,
  	  	  	"judgement": "good"
  	  	},
  	  	{
  	  	  	"press": false,
  	  	  	"dir": 3,
  	  	  	"time": 116607.333333336,
  	  	  	"judgement": null
  	  	},
  	  	{
  	  	  	"press": false,
  	  	  	"dir": 2,
  	  	  	"time": 116640.66666667,
  	  	  	"judgement": null
  	  	},
  	  	{
  	  	  	"press": true,
  	  	  	"dir": 1,
  	  	  	"time": 116674.000000003,
  	  	  	"judgement": "good"
  	  	},
  	  	{
  	  	  	"press": false,
  	  	  	"dir": 0,
  	  	  	"time": 116707.333333336,
  	  	  	"judgement": null
  	  	},
  	  	{
  	  	  	"press": false,
  	  	  	"dir": 1,
  	  	  	"time": 116757.333333336,
  	  	  	"judgement": null
  	  	},
  	  	{
  	  	  	"press": true,
  	  	  	"dir": 2,
  	  	  	"time": 116774.000000003,
  	  	  	"judgement": "sick"
  	  	},
  	  	{
  	  	  	"press": true,
  	  	  	"dir": 3,
  	  	  	"time": 116857.333333336,
  	  	  	"judgement": "sick"
  	  	},
  	  	{
  	  	  	"press": false,
  	  	  	"dir": 2,
  	  	  	"time": 116874.000000003,
  	  	  	"judgement": null
  	  	},
  	  	{
  	  	  	"press": true,
  	  	  	"dir": 1,
  	  	  	"time": 116907.333333336,
  	  	  	"judgement": "sick"
  	  	},
  	  	{
  	  	  	"press": false,
  	  	  	"dir": 3,
  	  	  	"time": 116940.66666667,
  	  	  	"judgement": null
  	  	},
  	  	{
  	  	  	"press": true,
  	  	  	"dir": 0,
  	  	  	"time": 116974.000000003,
  	  	  	"judgement": "good"
  	  	},
  	  	{
  	  	  	"press": false,
  	  	  	"dir": 1,
  	  	  	"time": 117007.333333336,
  	  	  	"judgement": null
  	  	},
  	  	{
  	  	  	"press": true,
  	  	  	"dir": 1,
  	  	  	"time": 117074.000000003,
  	  	  	"judgement": "sick"
  	  	},
  	  	{
  	  	  	"press": false,
  	  	  	"dir": 0,
  	  	  	"time": 117090.66666667,
  	  	  	"judgement": null
  	  	},
  	  	{
  	  	  	"press": false,
  	  	  	"dir": 1,
  	  	  	"time": 117157.333333336,
  	  	  	"judgement": null
  	  	},
  	  	{
  	  	  	"press": true,
  	  	  	"dir": 2,
  	  	  	"time": 117174.000000003,
  	  	  	"judgement": "sick"
  	  	},
  	  	{
  	  	  	"press": true,
  	  	  	"dir": 0,
  	  	  	"time": 117257.333333336,
  	  	  	"judgement": "sick"
  	  	},
  	  	{
  	  	  	"press": false,
  	  	  	"dir": 2,
  	  	  	"time": 117257.333333336,
  	  	  	"judgement": null
  	  	},
  	  	{
  	  	  	"press": true,
  	  	  	"dir": 1,
  	  	  	"time": 117340.66666667,
  	  	  	"judgement": "sick"
  	  	},
  	  	{
  	  	  	"press": false,
  	  	  	"dir": 0,
  	  	  	"time": 117374.000000003,
  	  	  	"judgement": null
  	  	},
  	  	{
  	  	  	"press": true,
  	  	  	"dir": 3,
  	  	  	"time": 117407.333333337,
  	  	  	"judgement": "sick"
  	  	},
  	  	{
  	  	  	"press": false,
  	  	  	"dir": 1,
  	  	  	"time": 117407.333333337,
  	  	  	"judgement": null
  	  	},
  	  	{
  	  	  	"press": true,
  	  	  	"dir": 2,
  	  	  	"time": 117457.333333337,
  	  	  	"judgement": "sick"
  	  	},
  	  	{
  	  	  	"press": false,
  	  	  	"dir": 3,
  	  	  	"time": 117490.66666667,
  	  	  	"judgement": null
  	  	},
  	  	{
  	  	  	"press": false,
  	  	  	"dir": 2,
  	  	  	"time": 117524.000000003,
  	  	  	"judgement": null
  	  	},
  	  	{
  	  	  	"press": true,
  	  	  	"dir": 1,
  	  	  	"time": 117557.333333337,
  	  	  	"judgement": "sick"
  	  	},
  	  	{
  	  	  	"press": true,
  	  	  	"dir": 0,
  	  	  	"time": 117640.66666667,
  	  	  	"judgement": "sick"
  	  	},
  	  	{
  	  	  	"press": false,
  	  	  	"dir": 1,
  	  	  	"time": 117657.333333337,
  	  	  	"judgement": null
  	  	},
  	  	{
  	  	  	"press": true,
  	  	  	"dir": 1,
  	  	  	"time": 117740.66666667,
  	  	  	"judgement": "sick"
  	  	},
  	  	{
  	  	  	"press": true,
  	  	  	"dir": 2,
  	  	  	"time": 117774.000000003,
  	  	  	"judgement": "sick"
  	  	},
  	  	{
  	  	  	"press": false,
  	  	  	"dir": 0,
  	  	  	"time": 117774.000000003,
  	  	  	"judgement": null
  	  	},
  	  	{
  	  	  	"press": false,
  	  	  	"dir": 1,
  	  	  	"time": 117807.333333337,
  	  	  	"judgement": null
  	  	},
  	  	{
  	  	  	"press": false,
  	  	  	"dir": 2,
  	  	  	"time": 117840.66666667,
  	  	  	"judgement": null
  	  	},
  	  	{
  	  	  	"press": true,
  	  	  	"dir": 0,
  	  	  	"time": 117890.66666667,
  	  	  	"judgement": "sick"
  	  	},
  	  	{
  	  	  	"press": true,
  	  	  	"dir": 1,
  	  	  	"time": 117957.333333337,
  	  	  	"judgement": "sick"
  	  	},
  	  	{
  	  	  	"press": false,
  	  	  	"dir": 0,
  	  	  	"time": 117974.000000003,
  	  	  	"judgement": null
  	  	},
  	  	{
  	  	  	"press": true,
  	  	  	"dir": 3,
  	  	  	"time": 117990.66666667,
  	  	  	"judgement": "sick"
  	  	},
  	  	{
  	  	  	"press": false,
  	  	  	"dir": 1,
  	  	  	"time": 118024.000000003,
  	  	  	"judgement": null
  	  	},
  	  	{
  	  	  	"press": true,
  	  	  	"dir": 2,
  	  	  	"time": 118074.000000003,
  	  	  	"judgement": "sick"
  	  	},
  	  	{
  	  	  	"press": false,
  	  	  	"dir": 3,
  	  	  	"time": 118107.333333337,
  	  	  	"judgement": null
  	  	},
  	  	{
  	  	  	"press": false,
  	  	  	"dir": 2,
  	  	  	"time": 118157.333333337,
  	  	  	"judgement": null
  	  	},
  	  	{
  	  	  	"press": true,
  	  	  	"dir": 0,
  	  	  	"time": 118174.000000003,
  	  	  	"judgement": "sick"
  	  	},
  	  	{
  	  	  	"press": true,
  	  	  	"dir": 1,
  	  	  	"time": 118240.66666667,
  	  	  	"judgement": "sick"
  	  	},
  	  	{
  	  	  	"press": false,
  	  	  	"dir": 0,
  	  	  	"time": 118257.333333337,
  	  	  	"judgement": null
  	  	},
  	  	{
  	  	  	"press": true,
  	  	  	"dir": 2,
  	  	  	"time": 118307.333333337,
  	  	  	"judgement": "sick"
  	  	},
  	  	{
  	  	  	"press": false,
  	  	  	"dir": 1,
  	  	  	"time": 118307.333333337,
  	  	  	"judgement": null
  	  	},
  	  	{
  	  	  	"press": true,
  	  	  	"dir": 3,
  	  	  	"time": 118374.000000003,
  	  	  	"judgement": "sick"
  	  	},
  	  	{
  	  	  	"press": false,
  	  	  	"dir": 2,
  	  	  	"time": 118407.333333337,
  	  	  	"judgement": null
  	  	},
  	  	{
  	  	  	"press": true,
  	  	  	"dir": 1,
  	  	  	"time": 118457.333333337,
  	  	  	"judgement": "sick"
  	  	},
  	  	{
  	  	  	"press": false,
  	  	  	"dir": 3,
  	  	  	"time": 118490.66666667,
  	  	  	"judgement": null
  	  	},
  	  	{
  	  	  	"press": true,
  	  	  	"dir": 0,
  	  	  	"time": 118540.66666667,
  	  	  	"judgement": "sick"
  	  	},
  	  	{
  	  	  	"press": false,
  	  	  	"dir": 1,
  	  	  	"time": 118557.333333337,
  	  	  	"judgement": null
  	  	},
  	  	{
  	  	  	"press": true,
  	  	  	"dir": 2,
  	  	  	"time": 118574.000000004,
  	  	  	"judgement": "sick"
  	  	},
  	  	{
  	  	  	"press": false,
  	  	  	"dir": 0,
  	  	  	"time": 118607.333333337,
  	  	  	"judgement": null
  	  	},
  	  	{
  	  	  	"press": true,
  	  	  	"dir": 1,
  	  	  	"time": 118690.66666667,
  	  	  	"judgement": "sick"
  	  	},
  	  	{
  	  	  	"press": false,
  	  	  	"dir": 2,
  	  	  	"time": 118690.66666667,
  	  	  	"judgement": null
  	  	},
  	  	{
  	  	  	"press": true,
  	  	  	"dir": 2,
  	  	  	"time": 118757.333333337,
  	  	  	"judgement": "sick"
  	  	},
  	  	{
  	  	  	"press": false,
  	  	  	"dir": 1,
  	  	  	"time": 118774.000000004,
  	  	  	"judgement": null
  	  	},
  	  	{
  	  	  	"press": true,
  	  	  	"dir": 3,
  	  	  	"time": 118824.000000004,
  	  	  	"judgement": "sick"
  	  	},
  	  	{
  	  	  	"press": false,
  	  	  	"dir": 2,
  	  	  	"time": 118857.333333337,
  	  	  	"judgement": null
  	  	},
  	  	{
  	  	  	"press": true,
  	  	  	"dir": 2,
  	  	  	"time": 118940.66666667,
  	  	  	"judgement": "sick"
  	  	},
  	  	{
  	  	  	"press": true,
  	  	  	"dir": 1,
  	  	  	"time": 118957.333333337,
  	  	  	"judgement": "sick"
  	  	},
  	  	{
  	  	  	"press": false,
  	  	  	"dir": 3,
  	  	  	"time": 118957.333333337,
  	  	  	"judgement": null
  	  	},
  	  	{
  	  	  	"press": false,
  	  	  	"dir": 1,
  	  	  	"time": 119007.333333337,
  	  	  	"judgement": null
  	  	},
  	  	{
  	  	  	"press": false,
  	  	  	"dir": 2,
  	  	  	"time": 119007.333333337,
  	  	  	"judgement": null
  	  	},
  	  	{
  	  	  	"press": true,
  	  	  	"dir": 3,
  	  	  	"time": 119074.000000004,
  	  	  	"judgement": "sick"
  	  	},
  	  	{
  	  	  	"press": true,
  	  	  	"dir": 2,
  	  	  	"time": 119174.000000004,
  	  	  	"judgement": "good"
  	  	},
  	  	{
  	  	  	"press": true,
  	  	  	"dir": 1,
  	  	  	"time": 119190.66666667,
  	  	  	"judgement": "sick"
  	  	},
  	  	{
  	  	  	"press": false,
  	  	  	"dir": 3,
  	  	  	"time": 119224.000000004,
  	  	  	"judgement": null
  	  	},
  	  	{
  	  	  	"press": true,
  	  	  	"dir": 0,
  	  	  	"time": 119257.333333337,
  	  	  	"judgement": "sick"
  	  	},
  	  	{
  	  	  	"press": false,
  	  	  	"dir": 2,
  	  	  	"time": 119257.333333337,
  	  	  	"judgement": null
  	  	},
  	  	{
  	  	  	"press": false,
  	  	  	"dir": 1,
  	  	  	"time": 119290.66666667,
  	  	  	"judgement": null
  	  	},
  	  	{
  	  	  	"press": true,
  	  	  	"dir": 1,
  	  	  	"time": 119340.66666667,
  	  	  	"judgement": "sick"
  	  	},
  	  	{
  	  	  	"press": true,
  	  	  	"dir": 2,
  	  	  	"time": 119374.000000004,
  	  	  	"judgement": "good"
  	  	},
  	  	{
  	  	  	"press": false,
  	  	  	"dir": 0,
  	  	  	"time": 119374.000000004,
  	  	  	"judgement": null
  	  	},
  	  	{
  	  	  	"press": false,
  	  	  	"dir": 1,
  	  	  	"time": 119424.000000004,
  	  	  	"judgement": null
  	  	},
  	  	{
  	  	  	"press": false,
  	  	  	"dir": 2,
  	  	  	"time": 119457.333333337,
  	  	  	"judgement": null
  	  	},
  	  	{
  	  	  	"press": true,
  	  	  	"dir": 0,
  	  	  	"time": 119507.333333337,
  	  	  	"judgement": "sick"
  	  	},
  	  	{
  	  	  	"press": true,
  	  	  	"dir": 1,
  	  	  	"time": 119574.000000004,
  	  	  	"judgement": "sick"
  	  	},
  	  	{
  	  	  	"press": false,
  	  	  	"dir": 0,
  	  	  	"time": 119607.333333337,
  	  	  	"judgement": null
  	  	},
  	  	{
  	  	  	"press": true,
  	  	  	"dir": 3,
  	  	  	"time": 119640.66666667,
  	  	  	"judgement": "sick"
  	  	},
  	  	{
  	  	  	"press": false,
  	  	  	"dir": 1,
  	  	  	"time": 119640.66666667,
  	  	  	"judgement": null
  	  	},
  	  	{
  	  	  	"press": true,
  	  	  	"dir": 2,
  	  	  	"time": 119707.333333337,
  	  	  	"judgement": "sick"
  	  	},
  	  	{
  	  	  	"press": false,
  	  	  	"dir": 3,
  	  	  	"time": 119740.666666671,
  	  	  	"judgement": null
  	  	},
  	  	{
  	  	  	"press": false,
  	  	  	"dir": 2,
  	  	  	"time": 119774.000000004,
  	  	  	"judgement": null
  	  	},
  	  	{
  	  	  	"press": true,
  	  	  	"dir": 1,
  	  	  	"time": 119790.666666671,
  	  	  	"judgement": "sick"
  	  	},
  	  	{
  	  	  	"press": true,
  	  	  	"dir": 0,
  	  	  	"time": 119857.333333337,
  	  	  	"judgement": "sick"
  	  	},
  	  	{
  	  	  	"press": false,
  	  	  	"dir": 1,
  	  	  	"time": 119890.666666671,
  	  	  	"judgement": null
  	  	},
  	  	{
  	  	  	"press": false,
  	  	  	"dir": 0,
  	  	  	"time": 119940.666666671,
  	  	  	"judgement": null
  	  	},
  	  	{
  	  	  	"press": true,
  	  	  	"dir": 2,
  	  	  	"time": 119957.333333337,
  	  	  	"judgement": "sick"
  	  	},
  	  	{
  	  	  	"press": true,
  	  	  	"dir": 3,
  	  	  	"time": 120040.666666671,
  	  	  	"judgement": "sick"
  	  	},
  	  	{
  	  	  	"press": false,
  	  	  	"dir": 2,
  	  	  	"time": 120057.333333337,
  	  	  	"judgement": null
  	  	},
  	  	{
  	  	  	"press": true,
  	  	  	"dir": 1,
  	  	  	"time": 120107.333333337,
  	  	  	"judgement": "sick"
  	  	},
  	  	{
  	  	  	"press": false,
  	  	  	"dir": 3,
  	  	  	"time": 120140.666666671,
  	  	  	"judgement": null
  	  	},
  	  	{
  	  	  	"press": true,
  	  	  	"dir": 0,
  	  	  	"time": 120174.000000004,
  	  	  	"judgement": "sick"
  	  	},
  	  	{
  	  	  	"press": false,
  	  	  	"dir": 1,
  	  	  	"time": 120207.333333337,
  	  	  	"judgement": null
  	  	},
  	  	{
  	  	  	"press": true,
  	  	  	"dir": 3,
  	  	  	"time": 120240.666666671,
  	  	  	"judgement": "sick"
  	  	},
  	  	{
  	  	  	"press": true,
  	  	  	"dir": 2,
  	  	  	"time": 120274.000000004,
  	  	  	"judgement": "good"
  	  	},
  	  	{
  	  	  	"press": false,
  	  	  	"dir": 0,
  	  	  	"time": 120274.000000004,
  	  	  	"judgement": null
  	  	},
  	  	{
  	  	  	"press": false,
  	  	  	"dir": 3,
  	  	  	"time": 120340.666666671,
  	  	  	"judgement": null
  	  	},
  	  	{
  	  	  	"press": true,
  	  	  	"dir": 1,
  	  	  	"time": 120390.666666671,
  	  	  	"judgement": "sick"
  	  	},
  	  	{
  	  	  	"press": false,
  	  	  	"dir": 2,
  	  	  	"time": 120407.333333337,
  	  	  	"judgement": null
  	  	},
  	  	{
  	  	  	"press": true,
  	  	  	"dir": 2,
  	  	  	"time": 120474.000000004,
  	  	  	"judgement": "sick"
  	  	},
  	  	{
  	  	  	"press": false,
  	  	  	"dir": 1,
  	  	  	"time": 120474.000000004,
  	  	  	"judgement": null
  	  	},
  	  	{
  	  	  	"press": true,
  	  	  	"dir": 0,
  	  	  	"time": 120540.666666671,
  	  	  	"judgement": "sick"
  	  	},
  	  	{
  	  	  	"press": false,
  	  	  	"dir": 2,
  	  	  	"time": 120590.666666671,
  	  	  	"judgement": null
  	  	},
  	  	{
  	  	  	"press": true,
  	  	  	"dir": 1,
  	  	  	"time": 120624.000000004,
  	  	  	"judgement": "sick"
  	  	},
  	  	{
  	  	  	"press": false,
  	  	  	"dir": 0,
  	  	  	"time": 120657.333333337,
  	  	  	"judgement": null
  	  	},
  	  	{
  	  	  	"press": true,
  	  	  	"dir": 2,
  	  	  	"time": 120707.333333337,
  	  	  	"judgement": "sick"
  	  	},
  	  	{
  	  	  	"press": false,
  	  	  	"dir": 1,
  	  	  	"time": 120707.333333337,
  	  	  	"judgement": null
  	  	},
  	  	{
  	  	  	"press": true,
  	  	  	"dir": 3,
  	  	  	"time": 120809.666666667,
  	  	  	"judgement": "sick"
  	  	},
  	  	{
  	  	  	"press": false,
  	  	  	"dir": 2,
  	  	  	"time": 120843,
  	  	  	"judgement": null
  	  	},
  	  	{
  	  	  	"press": true,
  	  	  	"dir": 0,
  	  	  	"time": 120893,
  	  	  	"judgement": "good"
  	  	},
  	  	{
  	  	  	"press": false,
  	  	  	"dir": 3,
  	  	  	"time": 120909.666666667,
  	  	  	"judgement": null
  	  	},
  	  	{
  	  	  	"press": true,
  	  	  	"dir": 1,
  	  	  	"time": 120993,
  	  	  	"judgement": "good"
  	  	},
  	  	{
  	  	  	"press": true,
  	  	  	"dir": 3,
  	  	  	"time": 121026.333333333,
  	  	  	"judgement": "sick"
  	  	},
  	  	{
  	  	  	"press": false,
  	  	  	"dir": 0,
  	  	  	"time": 121026.333333333,
  	  	  	"judgement": null
  	  	},
  	  	{
  	  	  	"press": true,
  	  	  	"dir": 2,
  	  	  	"time": 121059.666666667,
  	  	  	"judgement": "sick"
  	  	},
  	  	{
  	  	  	"press": false,
  	  	  	"dir": 1,
  	  	  	"time": 121059.666666667,
  	  	  	"judgement": null
  	  	},
  	  	{
  	  	  	"press": false,
  	  	  	"dir": 3,
  	  	  	"time": 121143,
  	  	  	"judgement": null
  	  	},
  	  	{
  	  	  	"press": true,
  	  	  	"dir": 0,
  	  	  	"time": 121176.333333333,
  	  	  	"judgement": "sick"
  	  	},
  	  	{
  	  	  	"press": false,
  	  	  	"dir": 2,
  	  	  	"time": 121176.333333333,
  	  	  	"judgement": null
  	  	},
  	  	{
  	  	  	"press": true,
  	  	  	"dir": 1,
  	  	  	"time": 121243,
  	  	  	"judgement": "sick"
  	  	},
  	  	{
  	  	  	"press": false,
  	  	  	"dir": 0,
  	  	  	"time": 121276.333333333,
  	  	  	"judgement": null
  	  	},
  	  	{
  	  	  	"press": true,
  	  	  	"dir": 3,
  	  	  	"time": 121293,
  	  	  	"judgement": "sick"
  	  	},
  	  	{
  	  	  	"press": false,
  	  	  	"dir": 1,
  	  	  	"time": 121326.333333333,
  	  	  	"judgement": null
  	  	},
  	  	{
  	  	  	"press": true,
  	  	  	"dir": 2,
  	  	  	"time": 121359.666666667,
  	  	  	"judgement": "sick"
  	  	},
  	  	{
  	  	  	"press": false,
  	  	  	"dir": 3,
  	  	  	"time": 121426.333333334,
  	  	  	"judgement": null
  	  	},
  	  	{
  	  	  	"press": true,
  	  	  	"dir": 0,
  	  	  	"time": 121459.666666667,
  	  	  	"judgement": "sick"
  	  	},
  	  	{
  	  	  	"press": false,
  	  	  	"dir": 2,
  	  	  	"time": 121459.666666667,
  	  	  	"judgement": null
  	  	},
  	  	{
  	  	  	"press": true,
  	  	  	"dir": 1,
  	  	  	"time": 121543,
  	  	  	"judgement": "sick"
  	  	},
  	  	{
  	  	  	"press": false,
  	  	  	"dir": 0,
  	  	  	"time": 121576.333333334,
  	  	  	"judgement": null
  	  	},
  	  	{
  	  	  	"press": true,
  	  	  	"dir": 2,
  	  	  	"time": 121626.333333334,
  	  	  	"judgement": "sick"
  	  	},
  	  	{
  	  	  	"press": false,
  	  	  	"dir": 1,
  	  	  	"time": 121626.333333334,
  	  	  	"judgement": null
  	  	},
  	  	{
  	  	  	"press": true,
  	  	  	"dir": 3,
  	  	  	"time": 121676.333333334,
  	  	  	"judgement": "sick"
  	  	},
  	  	{
  	  	  	"press": false,
  	  	  	"dir": 2,
  	  	  	"time": 121709.666666667,
  	  	  	"judgement": null
  	  	},
  	  	{
  	  	  	"press": true,
  	  	  	"dir": 0,
  	  	  	"time": 121776.333333334,
  	  	  	"judgement": "sick"
  	  	},
  	  	{
  	  	  	"press": false,
  	  	  	"dir": 3,
  	  	  	"time": 121776.333333334,
  	  	  	"judgement": null
  	  	},
  	  	{
  	  	  	"press": true,
  	  	  	"dir": 1,
  	  	  	"time": 121826.333333334,
  	  	  	"judgement": "sick"
  	  	},
  	  	{
  	  	  	"press": false,
  	  	  	"dir": 0,
  	  	  	"time": 121843,
  	  	  	"judgement": null
  	  	},
  	  	{
  	  	  	"press": true,
  	  	  	"dir": 3,
  	  	  	"time": 121893,
  	  	  	"judgement": "sick"
  	  	},
  	  	{
  	  	  	"press": false,
  	  	  	"dir": 1,
  	  	  	"time": 121909.666666667,
  	  	  	"judgement": null
  	  	},
  	  	{
  	  	  	"press": true,
  	  	  	"dir": 2,
  	  	  	"time": 121959.666666667,
  	  	  	"judgement": "sick"
  	  	},
  	  	{
  	  	  	"press": false,
  	  	  	"dir": 3,
  	  	  	"time": 122026.333333334,
  	  	  	"judgement": null
  	  	},
  	  	{
  	  	  	"press": true,
  	  	  	"dir": 1,
  	  	  	"time": 122043,
  	  	  	"judgement": "sick"
  	  	},
  	  	{
  	  	  	"press": false,
  	  	  	"dir": 2,
  	  	  	"time": 122076.333333334,
  	  	  	"judgement": null
  	  	},
  	  	{
  	  	  	"press": true,
  	  	  	"dir": 0,
  	  	  	"time": 122109.666666667,
  	  	  	"judgement": "sick"
  	  	},
  	  	{
  	  	  	"press": false,
  	  	  	"dir": 1,
  	  	  	"time": 122126.333333334,
  	  	  	"judgement": null
  	  	},
  	  	{
  	  	  	"press": true,
  	  	  	"dir": 3,
  	  	  	"time": 122176.333333334,
  	  	  	"judgement": "sick"
  	  	},
  	  	{
  	  	  	"press": false,
  	  	  	"dir": 0,
  	  	  	"time": 122193,
  	  	  	"judgement": null
  	  	},
  	  	{
  	  	  	"press": true,
  	  	  	"dir": 2,
  	  	  	"time": 122209.666666667,
  	  	  	"judgement": "good"
  	  	},
  	  	{
  	  	  	"press": false,
  	  	  	"dir": 3,
  	  	  	"time": 122293,
  	  	  	"judgement": null
  	  	},
  	  	{
  	  	  	"press": true,
  	  	  	"dir": 0,
  	  	  	"time": 122326.333333334,
  	  	  	"judgement": "sick"
  	  	},
  	  	{
  	  	  	"press": false,
  	  	  	"dir": 2,
  	  	  	"time": 122343,
  	  	  	"judgement": null
  	  	},
  	  	{
  	  	  	"press": true,
  	  	  	"dir": 3,
  	  	  	"time": 122426.333333334,
  	  	  	"judgement": "sick"
  	  	},
  	  	{
  	  	  	"press": false,
  	  	  	"dir": 0,
  	  	  	"time": 122426.333333334,
  	  	  	"judgement": null
  	  	},
  	  	{
  	  	  	"press": true,
  	  	  	"dir": 1,
  	  	  	"time": 122509.666666667,
  	  	  	"judgement": "sick"
  	  	},
  	  	{
  	  	  	"press": true,
  	  	  	"dir": 0,
  	  	  	"time": 122559.666666667,
  	  	  	"judgement": "sick"
  	  	},
  	  	{
  	  	  	"press": false,
  	  	  	"dir": 3,
  	  	  	"time": 122559.666666667,
  	  	  	"judgement": null
  	  	},
  	  	{
  	  	  	"press": false,
  	  	  	"dir": 1,
  	  	  	"time": 122576.333333334,
  	  	  	"judgement": null
  	  	},
  	  	{
  	  	  	"press": true,
  	  	  	"dir": 3,
  	  	  	"time": 122659.666666667,
  	  	  	"judgement": "sick"
  	  	},
  	  	{
  	  	  	"press": false,
  	  	  	"dir": 0,
  	  	  	"time": 122676.333333334,
  	  	  	"judgement": null
  	  	},
  	  	{
  	  	  	"press": true,
  	  	  	"dir": 2,
  	  	  	"time": 122726.333333334,
  	  	  	"judgement": "sick"
  	  	},
  	  	{
  	  	  	"press": false,
  	  	  	"dir": 3,
  	  	  	"time": 122793.000000001,
  	  	  	"judgement": null
  	  	},
  	  	{
  	  	  	"press": true,
  	  	  	"dir": 0,
  	  	  	"time": 122826.333333334,
  	  	  	"judgement": "sick"
  	  	},
  	  	{
  	  	  	"press": false,
  	  	  	"dir": 2,
  	  	  	"time": 122843.000000001,
  	  	  	"judgement": null
  	  	},
  	  	{
  	  	  	"press": true,
  	  	  	"dir": 1,
  	  	  	"time": 122893.000000001,
  	  	  	"judgement": "sick"
  	  	},
  	  	{
  	  	  	"press": false,
  	  	  	"dir": 0,
  	  	  	"time": 122909.666666667,
  	  	  	"judgement": null
  	  	},
  	  	{
  	  	  	"press": true,
  	  	  	"dir": 3,
  	  	  	"time": 122959.666666667,
  	  	  	"judgement": "sick"
  	  	},
  	  	{
  	  	  	"press": false,
  	  	  	"dir": 1,
  	  	  	"time": 122976.333333334,
  	  	  	"judgement": null
  	  	},
  	  	{
  	  	  	"press": true,
  	  	  	"dir": 2,
  	  	  	"time": 123026.333333334,
  	  	  	"judgement": "sick"
  	  	},
  	  	{
  	  	  	"press": false,
  	  	  	"dir": 3,
  	  	  	"time": 123076.333333334,
  	  	  	"judgement": null
  	  	},
  	  	{
  	  	  	"press": true,
  	  	  	"dir": 1,
  	  	  	"time": 123093.000000001,
  	  	  	"judgement": "sick"
  	  	},
  	  	{
  	  	  	"press": false,
  	  	  	"dir": 2,
  	  	  	"time": 123143.000000001,
  	  	  	"judgement": null
  	  	},
  	  	{
  	  	  	"press": true,
  	  	  	"dir": 0,
  	  	  	"time": 123159.666666667,
  	  	  	"judgement": "sick"
  	  	},
  	  	{
  	  	  	"press": false,
  	  	  	"dir": 1,
  	  	  	"time": 123209.666666667,
  	  	  	"judgement": null
  	  	},
  	  	{
  	  	  	"press": true,
  	  	  	"dir": 2,
  	  	  	"time": 123293.000000001,
  	  	  	"judgement": "good"
  	  	},
  	  	{
  	  	  	"press": false,
  	  	  	"dir": 0,
  	  	  	"time": 123293.000000001,
  	  	  	"judgement": null
  	  	},
  	  	{
  	  	  	"press": true,
  	  	  	"dir": 1,
  	  	  	"time": 123359.666666667,
  	  	  	"judgement": "sick"
  	  	},
  	  	{
  	  	  	"press": true,
  	  	  	"dir": 3,
  	  	  	"time": 123359.666666667,
  	  	  	"judgement": "sick"
  	  	},
  	  	{
  	  	  	"press": false,
  	  	  	"dir": 2,
  	  	  	"time": 123393.000000001,
  	  	  	"judgement": null
  	  	},
  	  	{
  	  	  	"press": false,
  	  	  	"dir": 1,
  	  	  	"time": 123459.666666667,
  	  	  	"judgement": null
  	  	},
  	  	{
  	  	  	"press": true,
  	  	  	"dir": 2,
  	  	  	"time": 123509.666666667,
  	  	  	"judgement": "sick"
  	  	},
  	  	{
  	  	  	"press": false,
  	  	  	"dir": 3,
  	  	  	"time": 123543.000000001,
  	  	  	"judgement": null
  	  	},
  	  	{
  	  	  	"press": true,
  	  	  	"dir": 0,
  	  	  	"time": 123593.000000001,
  	  	  	"judgement": "good"
  	  	},
  	  	{
  	  	  	"press": false,
  	  	  	"dir": 2,
  	  	  	"time": 123609.666666667,
  	  	  	"judgement": null
  	  	},
  	  	{
  	  	  	"press": true,
  	  	  	"dir": 1,
  	  	  	"time": 123659.666666668,
  	  	  	"judgement": "sick"
  	  	},
  	  	{
  	  	  	"press": false,
  	  	  	"dir": 0,
  	  	  	"time": 123693.000000001,
  	  	  	"judgement": null
  	  	},
  	  	{
  	  	  	"press": true,
  	  	  	"dir": 3,
  	  	  	"time": 123726.333333334,
  	  	  	"judgement": "sick"
  	  	},
  	  	{
  	  	  	"press": false,
  	  	  	"dir": 1,
  	  	  	"time": 123743.000000001,
  	  	  	"judgement": null
  	  	},
  	  	{
  	  	  	"press": true,
  	  	  	"dir": 2,
  	  	  	"time": 123759.666666668,
  	  	  	"judgement": "sick"
  	  	},
  	  	{
  	  	  	"press": false,
  	  	  	"dir": 3,
  	  	  	"time": 123843.000000001,
  	  	  	"judgement": null
  	  	},
  	  	{
  	  	  	"press": true,
  	  	  	"dir": 0,
  	  	  	"time": 123859.666666668,
  	  	  	"judgement": "sick"
  	  	},
  	  	{
  	  	  	"press": false,
  	  	  	"dir": 2,
  	  	  	"time": 123859.666666668,
  	  	  	"judgement": null
  	  	},
  	  	{
  	  	  	"press": true,
  	  	  	"dir": 1,
  	  	  	"time": 123926.333333334,
  	  	  	"judgement": "sick"
  	  	},
  	  	{
  	  	  	"press": false,
  	  	  	"dir": 0,
  	  	  	"time": 123959.666666668,
  	  	  	"judgement": null
  	  	},
  	  	{
  	  	  	"press": false,
  	  	  	"dir": 1,
  	  	  	"time": 123993.000000001,
  	  	  	"judgement": null
  	  	},
  	  	{
  	  	  	"press": true,
  	  	  	"dir": 3,
  	  	  	"time": 124009.666666668,
  	  	  	"judgement": "sick"
  	  	},
  	  	{
  	  	  	"press": true,
  	  	  	"dir": 2,
  	  	  	"time": 124076.333333334,
  	  	  	"judgement": "sick"
  	  	},
  	  	{
  	  	  	"press": false,
  	  	  	"dir": 3,
  	  	  	"time": 124126.333333334,
  	  	  	"judgement": null
  	  	},
  	  	{
  	  	  	"press": true,
  	  	  	"dir": 0,
  	  	  	"time": 124193.000000001,
  	  	  	"judgement": "good"
  	  	},
  	  	{
  	  	  	"press": false,
  	  	  	"dir": 2,
  	  	  	"time": 124193.000000001,
  	  	  	"judgement": null
  	  	},
  	  	{
  	  	  	"press": true,
  	  	  	"dir": 1,
  	  	  	"time": 124259.666666668,
  	  	  	"judgement": "sick"
  	  	},
  	  	{
  	  	  	"press": false,
  	  	  	"dir": 0,
  	  	  	"time": 124293.000000001,
  	  	  	"judgement": null
  	  	},
  	  	{
  	  	  	"press": true,
  	  	  	"dir": 2,
  	  	  	"time": 124326.333333334,
  	  	  	"judgement": "sick"
  	  	},
  	  	{
  	  	  	"press": false,
  	  	  	"dir": 1,
  	  	  	"time": 124343.000000001,
  	  	  	"judgement": null
  	  	},
  	  	{
  	  	  	"press": true,
  	  	  	"dir": 3,
  	  	  	"time": 124393.000000001,
  	  	  	"judgement": "sick"
  	  	},
  	  	{
  	  	  	"press": false,
  	  	  	"dir": 2,
  	  	  	"time": 124409.666666668,
  	  	  	"judgement": null
  	  	},
  	  	{
  	  	  	"press": true,
  	  	  	"dir": 2,
  	  	  	"time": 124506.333333333,
  	  	  	"judgement": "good"
  	  	},
  	  	{
  	  	  	"press": true,
  	  	  	"dir": 0,
  	  	  	"time": 124556.333333333,
  	  	  	"judgement": "sick"
  	  	},
  	  	{
  	  	  	"press": false,
  	  	  	"dir": 3,
  	  	  	"time": 124556.333333333,
  	  	  	"judgement": null
  	  	},
  	  	{
  	  	  	"press": false,
  	  	  	"dir": 2,
  	  	  	"time": 124606.333333333,
  	  	  	"judgement": null
  	  	},
  	  	{
  	  	  	"press": true,
  	  	  	"dir": 1,
  	  	  	"time": 124623,
  	  	  	"judgement": "sick"
  	  	},
  	  	{
  	  	  	"press": false,
  	  	  	"dir": 0,
  	  	  	"time": 124673,
  	  	  	"judgement": null
  	  	},
  	  	{
  	  	  	"press": true,
  	  	  	"dir": 3,
  	  	  	"time": 124723,
  	  	  	"judgement": "good"
  	  	},
  	  	{
  	  	  	"press": false,
  	  	  	"dir": 1,
  	  	  	"time": 124739.666666667,
  	  	  	"judgement": null
  	  	},
  	  	{
  	  	  	"press": true,
  	  	  	"dir": 2,
  	  	  	"time": 124773,
  	  	  	"judgement": "sick"
  	  	},
  	  	{
  	  	  	"press": true,
  	  	  	"dir": 1,
  	  	  	"time": 124856.333333333,
  	  	  	"judgement": "sick"
  	  	},
  	  	{
  	  	  	"press": false,
  	  	  	"dir": 3,
  	  	  	"time": 124856.333333333,
  	  	  	"judgement": null
  	  	},
  	  	{
  	  	  	"press": false,
  	  	  	"dir": 2,
  	  	  	"time": 124873,
  	  	  	"judgement": null
  	  	},
  	  	{
  	  	  	"press": true,
  	  	  	"dir": 0,
  	  	  	"time": 124906.333333333,
  	  	  	"judgement": "sick"
  	  	},
  	  	{
  	  	  	"press": false,
  	  	  	"dir": 1,
  	  	  	"time": 124956.333333333,
  	  	  	"judgement": null
  	  	},
  	  	{
  	  	  	"press": false,
  	  	  	"dir": 0,
  	  	  	"time": 125639.666666667,
  	  	  	"judgement": null
  	  	}
  	],
  	"mix": "bf",
  	"difficulty": "hard",
  	"song": "newsensical"
}