{
  	"inputs": [
  	  	{
  	  	  	"press": true,
  	  	  	"dir": 3,
  	  	  	"time": -783.333333333332,
  	  	  	"judgement": null
  	  	},
  	  	{
  	  	  	"press": true,
  	  	  	"dir": 2,
  	  	  	"time": -699.999999999999,
  	  	  	"judgement": null
  	  	},
  	  	{
  	  	  	"press": true,
  	  	  	"dir": 1,
  	  	  	"time": -683.333333333332,
  	  	  	"judgement": null
  	  	},
  	  	{
  	  	  	"press": true,
  	  	  	"dir": 0,
  	  	  	"time": -599.999999999999,
  	  	  	"judgement": null
  	  	},
  	  	{
  	  	  	"press": false,
  	  	  	"dir": 3,
  	  	  	"time": -583.333333333332,
  	  	  	"judgement": null
  	  	},
  	  	{
  	  	  	"press": false,
  	  	  	"dir": 1,
  	  	  	"time": -516.666666666666,
  	  	  	"judgement": null
  	  	},
  	  	{
  	  	  	"press": false,
  	  	  	"dir": 2,
  	  	  	"time": -516.666666666666,
  	  	  	"judgement": null
  	  	},
  	  	{
  	  	  	"press": false,
  	  	  	"dir": 0,
  	  	  	"time": -449.999999999999,
  	  	  	"judgement": null
  	  	},
  	  	{
  	  	  	"press": true,
  	  	  	"dir": 0,
  	  	  	"time": 2483.33333333333,
  	  	  	"judgement": "sick"
  	  	},
  	  	{
  	  	  	"press": true,
  	  	  	"dir": 1,
  	  	  	"time": 2566.66666666667,
  	  	  	"judgement": "sick"
  	  	},
  	  	{
  	  	  	"press": false,
  	  	  	"dir": 0,
  	  	  	"time": 2600,
  	  	  	"judgement": null
  	  	},
  	  	{
  	  	  	"press": false,
  	  	  	"dir": 1,
  	  	  	"time": 2650,
  	  	  	"judgement": null
  	  	},
  	  	{
  	  	  	"press": true,
  	  	  	"dir": 3,
  	  	  	"time": 2666.66666666667,
  	  	  	"judgement": "sick"
  	  	},
  	  	{
  	  	  	"press": true,
  	  	  	"dir": 2,
  	  	  	"time": 2733.33333333333,
  	  	  	"judgement": "sick"
  	  	},
  	  	{
  	  	  	"press": false,
  	  	  	"dir": 3,
  	  	  	"time": 2750,
  	  	  	"judgement": null
  	  	},
  	  	{
  	  	  	"press": true,
  	  	  	"dir": 0,
  	  	  	"time": 2783.33333333333,
  	  	  	"judgement": "sick"
  	  	},
  	  	{
  	  	  	"press": false,
  	  	  	"dir": 2,
  	  	  	"time": 2833.33333333333,
  	  	  	"judgement": null
  	  	},
  	  	{
  	  	  	"press": true,
  	  	  	"dir": 1,
  	  	  	"time": 2866.66666666666,
  	  	  	"judgement": "sick"
  	  	},
  	  	{
  	  	  	"press": false,
  	  	  	"dir": 0,
  	  	  	"time": 2900,
  	  	  	"judgement": null
  	  	},
  	  	{
  	  	  	"press": false,
  	  	  	"dir": 1,
  	  	  	"time": 2950,
  	  	  	"judgement": null
  	  	},
  	  	{
  	  	  	"press": true,
  	  	  	"dir": 3,
  	  	  	"time": 2966.66666666666,
  	  	  	"judgement": "sick"
  	  	},
  	  	{
  	  	  	"press": true,
  	  	  	"dir": 2,
  	  	  	"time": 3050,
  	  	  	"judgement": "sick"
  	  	},
  	  	{
  	  	  	"press": false,
  	  	  	"dir": 3,
  	  	  	"time": 3066.66666666666,
  	  	  	"judgement": null
  	  	},
  	  	{
  	  	  	"press": true,
  	  	  	"dir": 0,
  	  	  	"time": 3100,
  	  	  	"judgement": "sick"
  	  	},
  	  	{
  	  	  	"press": false,
  	  	  	"dir": 2,
  	  	  	"time": 3116.66666666666,
  	  	  	"judgement": null
  	  	},
  	  	{
  	  	  	"press": true,
  	  	  	"dir": 3,
  	  	  	"time": 3183.33333333333,
  	  	  	"judgement": "sick"
  	  	},
  	  	{
  	  	  	"press": false,
  	  	  	"dir": 0,
  	  	  	"time": 3183.33333333333,
  	  	  	"judgement": null
  	  	},
  	  	{
  	  	  	"press": true,
  	  	  	"dir": 1,
  	  	  	"time": 3299,
  	  	  	"judgement": "good"
  	  	},
  	  	{
  	  	  	"press": false,
  	  	  	"dir": 3,
  	  	  	"time": 3299,
  	  	  	"judgement": null
  	  	},
  	  	{
  	  	  	"press": false,
  	  	  	"dir": 1,
  	  	  	"time": 3349,
  	  	  	"judgement": null
  	  	},
  	  	{
  	  	  	"press": true,
  	  	  	"dir": 2,
  	  	  	"time": 3382.33333333333,
  	  	  	"judgement": "good"
  	  	},
  	  	{
  	  	  	"press": true,
  	  	  	"dir": 0,
  	  	  	"time": 3465.66666666667,
  	  	  	"judgement": "good"
  	  	},
  	  	{
  	  	  	"press": false,
  	  	  	"dir": 2,
  	  	  	"time": 3465.66666666667,
  	  	  	"judgement": null
  	  	},
  	  	{
  	  	  	"press": true,
  	  	  	"dir": 3,
  	  	  	"time": 3515.66666666666,
  	  	  	"judgement": "sick"
  	  	},
  	  	{
  	  	  	"press": false,
  	  	  	"dir": 0,
  	  	  	"time": 3515.66666666666,
  	  	  	"judgement": null
  	  	},
  	  	{
  	  	  	"press": true,
  	  	  	"dir": 1,
  	  	  	"time": 3615.66666666666,
  	  	  	"judgement": "good"
  	  	},
  	  	{
  	  	  	"press": false,
  	  	  	"dir": 3,
  	  	  	"time": 3615.66666666666,
  	  	  	"judgement": null
  	  	},
  	  	{
  	  	  	"press": true,
  	  	  	"dir": 0,
  	  	  	"time": 3682.33333333333,
  	  	  	"judgement": "good"
  	  	},
  	  	{
  	  	  	"press": false,
  	  	  	"dir": 1,
  	  	  	"time": 3699,
  	  	  	"judgement": null
  	  	},
  	  	{
  	  	  	"press": true,
  	  	  	"dir": 3,
  	  	  	"time": 3732.33333333333,
  	  	  	"judgement": "sick"
  	  	},
  	  	{
  	  	  	"press": false,
  	  	  	"dir": 0,
  	  	  	"time": 3749,
  	  	  	"judgement": null
  	  	},
  	  	{
  	  	  	"press": true,
  	  	  	"dir": 1,
  	  	  	"time": 3799,
  	  	  	"judgement": "sick"
  	  	},
  	  	{
  	  	  	"press": false,
  	  	  	"dir": 3,
  	  	  	"time": 3799,
  	  	  	"judgement": null
  	  	},
  	  	{
  	  	  	"press": true,
  	  	  	"dir": 0,
  	  	  	"time": 3848.99999999999,
  	  	  	"judgement": "sick"
  	  	},
  	  	{
  	  	  	"press": false,
  	  	  	"dir": 1,
  	  	  	"time": 3865.66666666666,
  	  	  	"judgement": null
  	  	},
  	  	{
  	  	  	"press": true,
  	  	  	"dir": 2,
  	  	  	"time": 3898.99999999999,
  	  	  	"judgement": "sick"
  	  	},
  	  	{
  	  	  	"press": false,
  	  	  	"dir": 0,
  	  	  	"time": 3915.66666666666,
  	  	  	"judgement": null
  	  	},
  	  	{
  	  	  	"press": true,
  	  	  	"dir": 3,
  	  	  	"time": 3965.66666666666,
  	  	  	"judgement": "sick"
  	  	},
  	  	{
  	  	  	"press": false,
  	  	  	"dir": 2,
  	  	  	"time": 3998.99999999999,
  	  	  	"judgement": null
  	  	},
  	  	{
  	  	  	"press": false,
  	  	  	"dir": 3,
  	  	  	"time": 4048.99999999999,
  	  	  	"judgement": null
  	  	},
  	  	{
  	  	  	"press": true,
  	  	  	"dir": 1,
  	  	  	"time": 4065.66666666666,
  	  	  	"judgement": "sick"
  	  	},
  	  	{
  	  	  	"press": true,
  	  	  	"dir": 3,
  	  	  	"time": 4115.66666666666,
  	  	  	"judgement": "sick"
  	  	},
  	  	{
  	  	  	"press": false,
  	  	  	"dir": 1,
  	  	  	"time": 4115.66666666666,
  	  	  	"judgement": null
  	  	},
  	  	{
  	  	  	"press": true,
  	  	  	"dir": 2,
  	  	  	"time": 4235.66666666667,
  	  	  	"judgement": "sick"
  	  	},
  	  	{
  	  	  	"press": false,
  	  	  	"dir": 3,
  	  	  	"time": 4269,
  	  	  	"judgement": null
  	  	},
  	  	{
  	  	  	"press": true,
  	  	  	"dir": 0,
  	  	  	"time": 4302.33333333333,
  	  	  	"judgement": "sick"
  	  	},
  	  	{
  	  	  	"press": false,
  	  	  	"dir": 2,
  	  	  	"time": 4319,
  	  	  	"judgement": null
  	  	},
  	  	{
  	  	  	"press": false,
  	  	  	"dir": 0,
  	  	  	"time": 4352.33333333334,
  	  	  	"judgement": null
  	  	},
  	  	{
  	  	  	"press": true,
  	  	  	"dir": 3,
  	  	  	"time": 4385.66666666667,
  	  	  	"judgement": "sick"
  	  	},
  	  	{
  	  	  	"press": true,
  	  	  	"dir": 1,
  	  	  	"time": 4485.66666666667,
  	  	  	"judgement": "sick"
  	  	},
  	  	{
  	  	  	"press": false,
  	  	  	"dir": 3,
  	  	  	"time": 4502.33333333334,
  	  	  	"judgement": null
  	  	},
  	  	{
  	  	  	"press": true,
  	  	  	"dir": 0,
  	  	  	"time": 4535.66666666667,
  	  	  	"judgement": "sick"
  	  	},
  	  	{
  	  	  	"press": false,
  	  	  	"dir": 1,
  	  	  	"time": 4552.33333333334,
  	  	  	"judgement": null
  	  	},
  	  	{
  	  	  	"press": true,
  	  	  	"dir": 3,
  	  	  	"time": 4602.33333333334,
  	  	  	"judgement": "sick"
  	  	},
  	  	{
  	  	  	"press": false,
  	  	  	"dir": 0,
  	  	  	"time": 4619.00000000001,
  	  	  	"judgement": null
  	  	},
  	  	{
  	  	  	"press": true,
  	  	  	"dir": 2,
  	  	  	"time": 4685.66666666668,
  	  	  	"judgement": "good"
  	  	},
  	  	{
  	  	  	"press": false,
  	  	  	"dir": 3,
  	  	  	"time": 4702.33333333334,
  	  	  	"judgement": null
  	  	},
  	  	{
  	  	  	"press": true,
  	  	  	"dir": 0,
  	  	  	"time": 4719.00000000001,
  	  	  	"judgement": "good"
  	  	},
  	  	{
  	  	  	"press": false,
  	  	  	"dir": 2,
  	  	  	"time": 4752.33333333334,
  	  	  	"judgement": null
  	  	},
  	  	{
  	  	  	"press": true,
  	  	  	"dir": 1,
  	  	  	"time": 4835.66666666668,
  	  	  	"judgement": "sick"
  	  	},
  	  	{
  	  	  	"press": false,
  	  	  	"dir": 0,
  	  	  	"time": 4852.33333333334,
  	  	  	"judgement": null
  	  	},
  	  	{
  	  	  	"press": false,
  	  	  	"dir": 1,
  	  	  	"time": 4902.33333333335,
  	  	  	"judgement": null
  	  	},
  	  	{
  	  	  	"press": true,
  	  	  	"dir": 0,
  	  	  	"time": 6079,
  	  	  	"judgement": "miss"
  	  	},
  	  	{
  	  	  	"press": true,
  	  	  	"dir": 3,
  	  	  	"time": 6079,
  	  	  	"judgement": "sick"
  	  	},
  	  	{
  	  	  	"press": true,
  	  	  	"dir": 1,
  	  	  	"time": 6095.66666666667,
  	  	  	"judgement": null
  	  	},
  	  	{
  	  	  	"press": true,
  	  	  	"dir": 2,
  	  	  	"time": 6095.66666666667,
  	  	  	"judgement": "good"
  	  	},
  	  	{
  	  	  	"press": true,
  	  	  	"dir": 0,
  	  	  	"time": 6112.33333333333,
  	  	  	"judgement": null
  	  	},
  	  	{
  	  	  	"press": true,
  	  	  	"dir": 3,
  	  	  	"time": 6112.33333333333,
  	  	  	"judgement": null
  	  	},
  	  	{
  	  	  	"press": false,
  	  	  	"dir": 1,
  	  	  	"time": 6112.33333333333,
  	  	  	"judgement": null
  	  	},
  	  	{
  	  	  	"press": false,
  	  	  	"dir": 2,
  	  	  	"time": 6112.33333333333,
  	  	  	"judgement": null
  	  	},
  	  	{
  	  	  	"press": true,
  	  	  	"dir": 1,
  	  	  	"time": 6355.66666666667,
  	  	  	"judgement": "sick"
  	  	},
  	  	{
  	  	  	"press": true,
  	  	  	"dir": 2,
  	  	  	"time": 6355.66666666667,
  	  	  	"judgement": "bad"
  	  	},
  	  	{
  	  	  	"press": false,
  	  	  	"dir": 0,
  	  	  	"time": 6389,
  	  	  	"judgement": null
  	  	},
  	  	{
  	  	  	"press": false,
  	  	  	"dir": 3,
  	  	  	"time": 6389,
  	  	  	"judgement": null
  	  	},
  	  	{
  	  	  	"press": false,
  	  	  	"dir": 1,
  	  	  	"time": 6439,
  	  	  	"judgement": null
  	  	},
  	  	{
  	  	  	"press": false,
  	  	  	"dir": 2,
  	  	  	"time": 6439,
  	  	  	"judgement": null
  	  	},
  	  	{
  	  	  	"press": true,
  	  	  	"dir": 0,
  	  	  	"time": 6455.66666666667,
  	  	  	"judgement": "bad"
  	  	},
  	  	{
  	  	  	"press": true,
  	  	  	"dir": 3,
  	  	  	"time": 6455.66666666667,
  	  	  	"judgement": "good"
  	  	},
  	  	{
  	  	  	"press": true,
  	  	  	"dir": 1,
  	  	  	"time": 6555.66666666667,
  	  	  	"judgement": "shit"
  	  	},
  	  	{
  	  	  	"press": true,
  	  	  	"dir": 2,
  	  	  	"time": 6555.66666666667,
  	  	  	"judgement": null
  	  	},
  	  	{
  	  	  	"press": false,
  	  	  	"dir": 0,
  	  	  	"time": 6572.33333333334,
  	  	  	"judgement": null
  	  	},
  	  	{
  	  	  	"press": false,
  	  	  	"dir": 3,
  	  	  	"time": 6589,
  	  	  	"judgement": null
  	  	},
  	  	{
  	  	  	"press": false,
  	  	  	"dir": 1,
  	  	  	"time": 6639.00000000001,
  	  	  	"judgement": null
  	  	},
  	  	{
  	  	  	"press": false,
  	  	  	"dir": 2,
  	  	  	"time": 6639.00000000001,
  	  	  	"judgement": null
  	  	},
  	  	{
  	  	  	"press": true,
  	  	  	"dir": 0,
  	  	  	"time": 6722.33333333334,
  	  	  	"judgement": "bad"
  	  	},
  	  	{
  	  	  	"press": true,
  	  	  	"dir": 3,
  	  	  	"time": 6755.66666666667,
  	  	  	"judgement": "bad"
  	  	},
  	  	{
  	  	  	"press": false,
  	  	  	"dir": 0,
  	  	  	"time": 6822.33333333334,
  	  	  	"judgement": null
  	  	},
  	  	{
  	  	  	"press": true,
  	  	  	"dir": 2,
  	  	  	"time": 6839.00000000001,
  	  	  	"judgement": "good"
  	  	},
  	  	{
  	  	  	"press": false,
  	  	  	"dir": 3,
  	  	  	"time": 6872.33333333334,
  	  	  	"judgement": null
  	  	},
  	  	{
  	  	  	"press": true,
  	  	  	"dir": 1,
  	  	  	"time": 6939.00000000001,
  	  	  	"judgement": "sick"
  	  	},
  	  	{
  	  	  	"press": false,
  	  	  	"dir": 2,
  	  	  	"time": 6939.00000000001,
  	  	  	"judgement": null
  	  	},
  	  	{
  	  	  	"press": false,
  	  	  	"dir": 1,
  	  	  	"time": 7022.33333333335,
  	  	  	"judgement": null
  	  	},
  	  	{
  	  	  	"press": true,
  	  	  	"dir": 3,
  	  	  	"time": 7039.00000000001,
  	  	  	"judgement": "sick"
  	  	},
  	  	{
  	  	  	"press": true,
  	  	  	"dir": 0,
  	  	  	"time": 7072.33333333335,
  	  	  	"judgement": "good"
  	  	},
  	  	{
  	  	  	"press": true,
  	  	  	"dir": 2,
  	  	  	"time": 7089.00000000001,
  	  	  	"judgement": "sick"
  	  	},
  	  	{
  	  	  	"press": false,
  	  	  	"dir": 3,
  	  	  	"time": 7105.66666666668,
  	  	  	"judgement": null
  	  	},
  	  	{
  	  	  	"press": true,
  	  	  	"dir": 1,
  	  	  	"time": 7179,
  	  	  	"judgement": "sick"
  	  	},
  	  	{
  	  	  	"press": false,
  	  	  	"dir": 0,
  	  	  	"time": 7195.66666666667,
  	  	  	"judgement": null
  	  	},
  	  	{
  	  	  	"press": false,
  	  	  	"dir": 2,
  	  	  	"time": 7195.66666666667,
  	  	  	"judgement": null
  	  	},
  	  	{
  	  	  	"press": false,
  	  	  	"dir": 1,
  	  	  	"time": 7275.66666666667,
  	  	  	"judgement": null
  	  	},
  	  	{
  	  	  	"press": true,
  	  	  	"dir": 3,
  	  	  	"time": 8209.00000000002,
  	  	  	"judgement": "sick"
  	  	},
  	  	{
  	  	  	"press": true,
  	  	  	"dir": 2,
  	  	  	"time": 8292.33333333335,
  	  	  	"judgement": "sick"
  	  	},
  	  	{
  	  	  	"press": false,
  	  	  	"dir": 3,
  	  	  	"time": 8309.00000000001,
  	  	  	"judgement": null
  	  	},
  	  	{
  	  	  	"press": true,
  	  	  	"dir": 0,
  	  	  	"time": 8325.66666666668,
  	  	  	"judgement": "sick"
  	  	},
  	  	{
  	  	  	"press": false,
  	  	  	"dir": 2,
  	  	  	"time": 8375.66666666668,
  	  	  	"judgement": null
  	  	},
  	  	{
  	  	  	"press": true,
  	  	  	"dir": 1,
  	  	  	"time": 8409.00000000001,
  	  	  	"judgement": "sick"
  	  	},
  	  	{
  	  	  	"press": false,
  	  	  	"dir": 0,
  	  	  	"time": 8425.66666666668,
  	  	  	"judgement": null
  	  	},
  	  	{
  	  	  	"press": true,
  	  	  	"dir": 3,
  	  	  	"time": 8492.33333333334,
  	  	  	"judgement": "sick"
  	  	},
  	  	{
  	  	  	"press": false,
  	  	  	"dir": 1,
  	  	  	"time": 8492.33333333334,
  	  	  	"judgement": null
  	  	},
  	  	{
  	  	  	"press": true,
  	  	  	"dir": 2,
  	  	  	"time": 8559,
  	  	  	"judgement": "sick"
  	  	},
  	  	{
  	  	  	"press": false,
  	  	  	"dir": 3,
  	  	  	"time": 8609,
  	  	  	"judgement": null
  	  	},
  	  	{
  	  	  	"press": true,
  	  	  	"dir": 0,
  	  	  	"time": 8625.66666666667,
  	  	  	"judgement": "sick"
  	  	},
  	  	{
  	  	  	"press": false,
  	  	  	"dir": 2,
  	  	  	"time": 8642.33333333333,
  	  	  	"judgement": null
  	  	},
  	  	{
  	  	  	"press": true,
  	  	  	"dir": 1,
  	  	  	"time": 8709,
  	  	  	"judgement": "sick"
  	  	},
  	  	{
  	  	  	"press": false,
  	  	  	"dir": 0,
  	  	  	"time": 8742.33333333333,
  	  	  	"judgement": null
  	  	},
  	  	{
  	  	  	"press": true,
  	  	  	"dir": 3,
  	  	  	"time": 8792.33333333333,
  	  	  	"judgement": "sick"
  	  	},
  	  	{
  	  	  	"press": false,
  	  	  	"dir": 1,
  	  	  	"time": 8792.33333333333,
  	  	  	"judgement": null
  	  	},
  	  	{
  	  	  	"press": true,
  	  	  	"dir": 2,
  	  	  	"time": 8858.99999999999,
  	  	  	"judgement": "sick"
  	  	},
  	  	{
  	  	  	"press": false,
  	  	  	"dir": 3,
  	  	  	"time": 8875.66666666666,
  	  	  	"judgement": null
  	  	},
  	  	{
  	  	  	"press": true,
  	  	  	"dir": 1,
  	  	  	"time": 8925.66666666666,
  	  	  	"judgement": "sick"
  	  	},
  	  	{
  	  	  	"press": false,
  	  	  	"dir": 2,
  	  	  	"time": 8942.33333333332,
  	  	  	"judgement": null
  	  	},
  	  	{
  	  	  	"press": true,
  	  	  	"dir": 0,
  	  	  	"time": 9008.99999999999,
  	  	  	"judgement": "sick"
  	  	},
  	  	{
  	  	  	"press": false,
  	  	  	"dir": 1,
  	  	  	"time": 9025.66666666665,
  	  	  	"judgement": null
  	  	},
  	  	{
  	  	  	"press": false,
  	  	  	"dir": 0,
  	  	  	"time": 9075.66666666665,
  	  	  	"judgement": null
  	  	},
  	  	{
  	  	  	"press": true,
  	  	  	"dir": 2,
  	  	  	"time": 9092.33333333332,
  	  	  	"judgement": "sick"
  	  	},
  	  	{
  	  	  	"press": true,
  	  	  	"dir": 3,
  	  	  	"time": 9142.33333333332,
  	  	  	"judgement": "sick"
  	  	},
  	  	{
  	  	  	"press": false,
  	  	  	"dir": 2,
  	  	  	"time": 9199,
  	  	  	"judgement": null
  	  	},
  	  	{
  	  	  	"press": true,
  	  	  	"dir": 2,
  	  	  	"time": 9249,
  	  	  	"judgement": "sick"
  	  	},
  	  	{
  	  	  	"press": false,
  	  	  	"dir": 3,
  	  	  	"time": 9265.66666666666,
  	  	  	"judgement": null
  	  	},
  	  	{
  	  	  	"press": true,
  	  	  	"dir": 0,
  	  	  	"time": 9299,
  	  	  	"judgement": "sick"
  	  	},
  	  	{
  	  	  	"press": false,
  	  	  	"dir": 2,
  	  	  	"time": 9332.33333333333,
  	  	  	"judgement": null
  	  	},
  	  	{
  	  	  	"press": true,
  	  	  	"dir": 1,
  	  	  	"time": 9348.99999999999,
  	  	  	"judgement": "good"
  	  	},
  	  	{
  	  	  	"press": false,
  	  	  	"dir": 0,
  	  	  	"time": 9382.33333333333,
  	  	  	"judgement": null
  	  	},
  	  	{
  	  	  	"press": true,
  	  	  	"dir": 3,
  	  	  	"time": 9432.33333333332,
  	  	  	"judgement": "sick"
  	  	},
  	  	{
  	  	  	"press": false,
  	  	  	"dir": 1,
  	  	  	"time": 9432.33333333332,
  	  	  	"judgement": null
  	  	},
  	  	{
  	  	  	"press": true,
  	  	  	"dir": 1,
  	  	  	"time": 9532.33333333333,
  	  	  	"judgement": "sick"
  	  	},
  	  	{
  	  	  	"press": false,
  	  	  	"dir": 3,
  	  	  	"time": 9532.33333333333,
  	  	  	"judgement": null
  	  	},
  	  	{
  	  	  	"press": false,
  	  	  	"dir": 1,
  	  	  	"time": 9615.66666666666,
  	  	  	"judgement": null
  	  	},
  	  	{
  	  	  	"press": true,
  	  	  	"dir": 2,
  	  	  	"time": 9632.33333333333,
  	  	  	"judgement": "sick"
  	  	},
  	  	{
  	  	  	"press": false,
  	  	  	"dir": 2,
  	  	  	"time": 9715.66666666666,
  	  	  	"judgement": null
  	  	},
  	  	{
  	  	  	"press": true,
  	  	  	"dir": 0,
  	  	  	"time": 12098.9999999999,
  	  	  	"judgement": "sick"
  	  	},
  	  	{
  	  	  	"press": false,
  	  	  	"dir": 0,
  	  	  	"time": 12115.6666666666,
  	  	  	"judgement": null
  	  	},
  	  	{
  	  	  	"press": false,
  	  	  	"dir": 2,
  	  	  	"time": 12115.6666666666,
  	  	  	"judgement": null
  	  	},
  	  	{
  	  	  	"press": true,
  	  	  	"dir": 1,
  	  	  	"time": 12148.9999999999,
  	  	  	"judgement": "bad"
  	  	},
  	  	{
  	  	  	"press": false,
  	  	  	"dir": 1,
  	  	  	"time": 12295.6666666667,
  	  	  	"judgement": null
  	  	},
  	  	{
  	  	  	"press": true,
  	  	  	"dir": 3,
  	  	  	"time": 12329,
  	  	  	"judgement": "sick"
  	  	},
  	  	{
  	  	  	"press": true,
  	  	  	"dir": 2,
  	  	  	"time": 12419,
  	  	  	"judgement": "sick"
  	  	},
  	  	{
  	  	  	"press": false,
  	  	  	"dir": 3,
  	  	  	"time": 12452.3333333333,
  	  	  	"judgement": null
  	  	},
  	  	{
  	  	  	"press": true,
  	  	  	"dir": 3,
  	  	  	"time": 12519,
  	  	  	"judgement": "good"
  	  	},
  	  	{
  	  	  	"press": false,
  	  	  	"dir": 2,
  	  	  	"time": 12535.6666666667,
  	  	  	"judgement": null
  	  	},
  	  	{
  	  	  	"press": true,
  	  	  	"dir": 1,
  	  	  	"time": 12569,
  	  	  	"judgement": "sick"
  	  	},
  	  	{
  	  	  	"press": false,
  	  	  	"dir": 3,
  	  	  	"time": 12619,
  	  	  	"judgement": null
  	  	},
  	  	{
  	  	  	"press": true,
  	  	  	"dir": 0,
  	  	  	"time": 12635.6666666667,
  	  	  	"judgement": "sick"
  	  	},
  	  	{
  	  	  	"press": false,
  	  	  	"dir": 1,
  	  	  	"time": 12669,
  	  	  	"judgement": null
  	  	},
  	  	{
  	  	  	"press": true,
  	  	  	"dir": 2,
  	  	  	"time": 12719,
  	  	  	"judgement": "sick"
  	  	},
  	  	{
  	  	  	"press": false,
  	  	  	"dir": 0,
  	  	  	"time": 12735.6666666667,
  	  	  	"judgement": null
  	  	},
  	  	{
  	  	  	"press": true,
  	  	  	"dir": 3,
  	  	  	"time": 12819,
  	  	  	"judgement": "good"
  	  	},
  	  	{
  	  	  	"press": false,
  	  	  	"dir": 2,
  	  	  	"time": 12852.3333333333,
  	  	  	"judgement": null
  	  	},
  	  	{
  	  	  	"press": true,
  	  	  	"dir": 2,
  	  	  	"time": 12919,
  	  	  	"judgement": "good"
  	  	},
  	  	{
  	  	  	"press": true,
  	  	  	"dir": 0,
  	  	  	"time": 12952.3333333333,
  	  	  	"judgement": "sick"
  	  	},
  	  	{
  	  	  	"press": false,
  	  	  	"dir": 3,
  	  	  	"time": 12952.3333333333,
  	  	  	"judgement": null
  	  	},
  	  	{
  	  	  	"press": false,
  	  	  	"dir": 2,
  	  	  	"time": 13002.3333333333,
  	  	  	"judgement": null
  	  	},
  	  	{
  	  	  	"press": true,
  	  	  	"dir": 3,
  	  	  	"time": 13019,
  	  	  	"judgement": "sick"
  	  	},
  	  	{
  	  	  	"press": false,
  	  	  	"dir": 0,
  	  	  	"time": 13019,
  	  	  	"judgement": null
  	  	},
  	  	{
  	  	  	"press": false,
  	  	  	"dir": 3,
  	  	  	"time": 13102.3333333333,
  	  	  	"judgement": null
  	  	},
  	  	{
  	  	  	"press": true,
  	  	  	"dir": 1,
  	  	  	"time": 13119,
  	  	  	"judgement": "good"
  	  	},
  	  	{
  	  	  	"press": true,
  	  	  	"dir": 3,
  	  	  	"time": 13169,
  	  	  	"judgement": "sick"
  	  	},
  	  	{
  	  	  	"press": false,
  	  	  	"dir": 1,
  	  	  	"time": 13169,
  	  	  	"judgement": null
  	  	},
  	  	{
  	  	  	"press": true,
  	  	  	"dir": 0,
  	  	  	"time": 13235.6666666666,
  	  	  	"judgement": "sick"
  	  	},
  	  	{
  	  	  	"press": false,
  	  	  	"dir": 3,
  	  	  	"time": 13235.6666666666,
  	  	  	"judgement": null
  	  	},
  	  	{
  	  	  	"press": true,
  	  	  	"dir": 1,
  	  	  	"time": 13269,
  	  	  	"judgement": "sick"
  	  	},
  	  	{
  	  	  	"press": false,
  	  	  	"dir": 0,
  	  	  	"time": 13269,
  	  	  	"judgement": null
  	  	},
  	  	{
  	  	  	"press": true,
  	  	  	"dir": 2,
  	  	  	"time": 13379,
  	  	  	"judgement": "sick"
  	  	},
  	  	{
  	  	  	"press": false,
  	  	  	"dir": 1,
  	  	  	"time": 13395.6666666667,
  	  	  	"judgement": null
  	  	},
  	  	{
  	  	  	"press": true,
  	  	  	"dir": 3,
  	  	  	"time": 13462.3333333333,
  	  	  	"judgement": "sick"
  	  	},
  	  	{
  	  	  	"press": false,
  	  	  	"dir": 2,
  	  	  	"time": 13479,
  	  	  	"judgement": null
  	  	},
  	  	{
  	  	  	"press": true,
  	  	  	"dir": 0,
  	  	  	"time": 13512.3333333333,
  	  	  	"judgement": "sick"
  	  	},
  	  	{
  	  	  	"press": false,
  	  	  	"dir": 3,
  	  	  	"time": 13562.3333333333,
  	  	  	"judgement": null
  	  	},
  	  	{
  	  	  	"press": false,
  	  	  	"dir": 0,
  	  	  	"time": 13595.6666666667,
  	  	  	"judgement": null
  	  	},
  	  	{
  	  	  	"press": true,
  	  	  	"dir": 2,
  	  	  	"time": 13629,
  	  	  	"judgement": "sick"
  	  	},
  	  	{
  	  	  	"press": true,
  	  	  	"dir": 3,
  	  	  	"time": 13695.6666666667,
  	  	  	"judgement": "sick"
  	  	},
  	  	{
  	  	  	"press": false,
  	  	  	"dir": 2,
  	  	  	"time": 13729,
  	  	  	"judgement": null
  	  	},
  	  	{
  	  	  	"press": true,
  	  	  	"dir": 1,
  	  	  	"time": 13745.6666666667,
  	  	  	"judgement": "sick"
  	  	},
  	  	{
  	  	  	"press": false,
  	  	  	"dir": 3,
  	  	  	"time": 13795.6666666667,
  	  	  	"judgement": null
  	  	},
  	  	{
  	  	  	"press": true,
  	  	  	"dir": 0,
  	  	  	"time": 13829,
  	  	  	"judgement": "sick"
  	  	},
  	  	{
  	  	  	"press": false,
  	  	  	"dir": 1,
  	  	  	"time": 13845.6666666666,
  	  	  	"judgement": null
  	  	},
  	  	{
  	  	  	"press": true,
  	  	  	"dir": 3,
  	  	  	"time": 13895.6666666666,
  	  	  	"judgement": "sick"
  	  	},
  	  	{
  	  	  	"press": false,
  	  	  	"dir": 0,
  	  	  	"time": 13895.6666666666,
  	  	  	"judgement": null
  	  	},
  	  	{
  	  	  	"press": true,
  	  	  	"dir": 2,
  	  	  	"time": 13962.3333333333,
  	  	  	"judgement": "sick"
  	  	},
  	  	{
  	  	  	"press": false,
  	  	  	"dir": 3,
  	  	  	"time": 13995.6666666666,
  	  	  	"judgement": null
  	  	},
  	  	{
  	  	  	"press": true,
  	  	  	"dir": 0,
  	  	  	"time": 14012.3333333333,
  	  	  	"judgement": "sick"
  	  	},
  	  	{
  	  	  	"press": false,
  	  	  	"dir": 2,
  	  	  	"time": 14062.3333333333,
  	  	  	"judgement": null
  	  	},
  	  	{
  	  	  	"press": true,
  	  	  	"dir": 1,
  	  	  	"time": 14095.6666666666,
  	  	  	"judgement": "sick"
  	  	},
  	  	{
  	  	  	"press": false,
  	  	  	"dir": 0,
  	  	  	"time": 14129,
  	  	  	"judgement": null
  	  	},
  	  	{
  	  	  	"press": false,
  	  	  	"dir": 1,
  	  	  	"time": 14162.3333333333,
  	  	  	"judgement": null
  	  	},
  	  	{
  	  	  	"press": true,
  	  	  	"dir": 3,
  	  	  	"time": 14195.6666666666,
  	  	  	"judgement": "sick"
  	  	},
  	  	{
  	  	  	"press": true,
  	  	  	"dir": 0,
  	  	  	"time": 14279,
  	  	  	"judgement": "sick"
  	  	},
  	  	{
  	  	  	"press": false,
  	  	  	"dir": 3,
  	  	  	"time": 14295.6666666666,
  	  	  	"judgement": null
  	  	},
  	  	{
  	  	  	"press": true,
  	  	  	"dir": 2,
  	  	  	"time": 14345.6666666666,
  	  	  	"judgement": "sick"
  	  	},
  	  	{
  	  	  	"press": false,
  	  	  	"dir": 0,
  	  	  	"time": 14362.3333333333,
  	  	  	"judgement": null
  	  	},
  	  	{
  	  	  	"press": true,
  	  	  	"dir": 3,
  	  	  	"time": 14395.6666666666,
  	  	  	"judgement": "sick"
  	  	},
  	  	{
  	  	  	"press": false,
  	  	  	"dir": 2,
  	  	  	"time": 14412.3333333333,
  	  	  	"judgement": null
  	  	},
  	  	{
  	  	  	"press": false,
  	  	  	"dir": 3,
  	  	  	"time": 14512.3333333333,
  	  	  	"judgement": null
  	  	},
  	  	{
  	  	  	"press": true,
  	  	  	"dir": 0,
  	  	  	"time": 16875.6666666667,
  	  	  	"judgement": "sick"
  	  	},
  	  	{
  	  	  	"press": true,
  	  	  	"dir": 3,
  	  	  	"time": 16942.3333333334,
  	  	  	"judgement": "sick"
  	  	},
  	  	{
  	  	  	"press": false,
  	  	  	"dir": 0,
  	  	  	"time": 16942.3333333334,
  	  	  	"judgement": null
  	  	},
  	  	{
  	  	  	"press": false,
  	  	  	"dir": 3,
  	  	  	"time": 17009,
  	  	  	"judgement": null
  	  	},
  	  	{
  	  	  	"press": true,
  	  	  	"dir": 1,
  	  	  	"time": 17042.3333333334,
  	  	  	"judgement": "sick"
  	  	},
  	  	{
  	  	  	"press": true,
  	  	  	"dir": 0,
  	  	  	"time": 17109,
  	  	  	"judgement": "sick"
  	  	},
  	  	{
  	  	  	"press": false,
  	  	  	"dir": 1,
  	  	  	"time": 17125.6666666667,
  	  	  	"judgement": null
  	  	},
  	  	{
  	  	  	"press": true,
  	  	  	"dir": 2,
  	  	  	"time": 17159,
  	  	  	"judgement": "sick"
  	  	},
  	  	{
  	  	  	"press": false,
  	  	  	"dir": 0,
  	  	  	"time": 17175.6666666667,
  	  	  	"judgement": null
  	  	},
  	  	{
  	  	  	"press": true,
  	  	  	"dir": 1,
  	  	  	"time": 17242.3333333334,
  	  	  	"judgement": "sick"
  	  	},
  	  	{
  	  	  	"press": false,
  	  	  	"dir": 2,
  	  	  	"time": 17242.3333333334,
  	  	  	"judgement": null
  	  	},
  	  	{
  	  	  	"press": true,
  	  	  	"dir": 2,
  	  	  	"time": 17342.3333333334,
  	  	  	"judgement": "sick"
  	  	},
  	  	{
  	  	  	"press": false,
  	  	  	"dir": 1,
  	  	  	"time": 17342.3333333334,
  	  	  	"judgement": null
  	  	},
  	  	{
  	  	  	"press": true,
  	  	  	"dir": 3,
  	  	  	"time": 17375.6666666667,
  	  	  	"judgement": "good"
  	  	},
  	  	{
  	  	  	"press": false,
  	  	  	"dir": 2,
  	  	  	"time": 17392.3333333334,
  	  	  	"judgement": null
  	  	},
  	  	{
  	  	  	"press": true,
  	  	  	"dir": 1,
  	  	  	"time": 17475.6666666667,
  	  	  	"judgement": "sick"
  	  	},
  	  	{
  	  	  	"press": false,
  	  	  	"dir": 3,
  	  	  	"time": 17492.3333333333,
  	  	  	"judgement": null
  	  	},
  	  	{
  	  	  	"press": true,
  	  	  	"dir": 0,
  	  	  	"time": 17542.3333333333,
  	  	  	"judgement": "sick"
  	  	},
  	  	{
  	  	  	"press": false,
  	  	  	"dir": 1,
  	  	  	"time": 17575.6666666667,
  	  	  	"judgement": null
  	  	},
  	  	{
  	  	  	"press": false,
  	  	  	"dir": 0,
  	  	  	"time": 17642.3333333333,
  	  	  	"judgement": null
  	  	},
  	  	{
  	  	  	"press": true,
  	  	  	"dir": 2,
  	  	  	"time": 17659,
  	  	  	"judgement": "sick"
  	  	},
  	  	{
  	  	  	"press": true,
  	  	  	"dir": 1,
  	  	  	"time": 17759,
  	  	  	"judgement": "sick"
  	  	},
  	  	{
  	  	  	"press": false,
  	  	  	"dir": 2,
  	  	  	"time": 17759,
  	  	  	"judgement": null
  	  	},
  	  	{
  	  	  	"press": true,
  	  	  	"dir": 0,
  	  	  	"time": 17809,
  	  	  	"judgement": "sick"
  	  	},
  	  	{
  	  	  	"press": false,
  	  	  	"dir": 1,
  	  	  	"time": 17825.6666666667,
  	  	  	"judgement": null
  	  	},
  	  	{
  	  	  	"press": true,
  	  	  	"dir": 3,
  	  	  	"time": 17875.6666666667,
  	  	  	"judgement": "sick"
  	  	},
  	  	{
  	  	  	"press": false,
  	  	  	"dir": 0,
  	  	  	"time": 17892.3333333334,
  	  	  	"judgement": null
  	  	},
  	  	{
  	  	  	"press": true,
  	  	  	"dir": 2,
  	  	  	"time": 17959,
  	  	  	"judgement": "sick"
  	  	},
  	  	{
  	  	  	"press": false,
  	  	  	"dir": 3,
  	  	  	"time": 17975.6666666667,
  	  	  	"judgement": null
  	  	},
  	  	{
  	  	  	"press": true,
  	  	  	"dir": 0,
  	  	  	"time": 18009,
  	  	  	"judgement": "sick"
  	  	},
  	  	{
  	  	  	"press": false,
  	  	  	"dir": 2,
  	  	  	"time": 18025.6666666667,
  	  	  	"judgement": null
  	  	},
  	  	{
  	  	  	"press": false,
  	  	  	"dir": 0,
  	  	  	"time": 18075.6666666667,
  	  	  	"judgement": null
  	  	},
  	  	{
  	  	  	"press": true,
  	  	  	"dir": 3,
  	  	  	"time": 18092.3333333334,
  	  	  	"judgement": "sick"
  	  	},
  	  	{
  	  	  	"press": true,
  	  	  	"dir": 1,
  	  	  	"time": 18199,
  	  	  	"judgement": "sick"
  	  	},
  	  	{
  	  	  	"press": false,
  	  	  	"dir": 3,
  	  	  	"time": 18199,
  	  	  	"judgement": null
  	  	},
  	  	{
  	  	  	"press": false,
  	  	  	"dir": 1,
  	  	  	"time": 18215.6666666667,
  	  	  	"judgement": null
  	  	},
  	  	{
  	  	  	"press": true,
  	  	  	"dir": 3,
  	  	  	"time": 18299,
  	  	  	"judgement": "good"
  	  	},
  	  	{
  	  	  	"press": true,
  	  	  	"dir": 2,
  	  	  	"time": 18315.6666666667,
  	  	  	"judgement": "sick"
  	  	},
  	  	{
  	  	  	"press": false,
  	  	  	"dir": 3,
  	  	  	"time": 18332.3333333333,
  	  	  	"judgement": null
  	  	},
  	  	{
  	  	  	"press": true,
  	  	  	"dir": 0,
  	  	  	"time": 18365.6666666667,
  	  	  	"judgement": "sick"
  	  	},
  	  	{
  	  	  	"press": false,
  	  	  	"dir": 2,
  	  	  	"time": 18419,
  	  	  	"judgement": null
  	  	},
  	  	{
  	  	  	"press": true,
  	  	  	"dir": 1,
  	  	  	"time": 18502.3333333333,
  	  	  	"judgement": "sick"
  	  	},
  	  	{
  	  	  	"press": false,
  	  	  	"dir": 0,
  	  	  	"time": 18519,
  	  	  	"judgement": null
  	  	},
  	  	{
  	  	  	"press": false,
  	  	  	"dir": 1,
  	  	  	"time": 18552.3333333333,
  	  	  	"judgement": null
  	  	},
  	  	{
  	  	  	"press": true,
  	  	  	"dir": 3,
  	  	  	"time": 18569,
  	  	  	"judgement": "sick"
  	  	},
  	  	{
  	  	  	"press": true,
  	  	  	"dir": 2,
  	  	  	"time": 18635.6666666667,
  	  	  	"judgement": "sick"
  	  	},
  	  	{
  	  	  	"press": false,
  	  	  	"dir": 3,
  	  	  	"time": 18669,
  	  	  	"judgement": null
  	  	},
  	  	{
  	  	  	"press": true,
  	  	  	"dir": 0,
  	  	  	"time": 18702.3333333334,
  	  	  	"judgement": "sick"
  	  	},
  	  	{
  	  	  	"press": false,
  	  	  	"dir": 2,
  	  	  	"time": 18719,
  	  	  	"judgement": null
  	  	},
  	  	{
  	  	  	"press": true,
  	  	  	"dir": 1,
  	  	  	"time": 18785.6666666667,
  	  	  	"judgement": "sick"
  	  	},
  	  	{
  	  	  	"press": false,
  	  	  	"dir": 0,
  	  	  	"time": 18802.3333333334,
  	  	  	"judgement": null
  	  	},
  	  	{
  	  	  	"press": true,
  	  	  	"dir": 3,
  	  	  	"time": 18819,
  	  	  	"judgement": "sick"
  	  	},
  	  	{
  	  	  	"press": false,
  	  	  	"dir": 1,
  	  	  	"time": 18835.6666666667,
  	  	  	"judgement": null
  	  	},
  	  	{
  	  	  	"press": true,
  	  	  	"dir": 2,
  	  	  	"time": 18885.6666666667,
  	  	  	"judgement": "sick"
  	  	},
  	  	{
  	  	  	"press": false,
  	  	  	"dir": 3,
  	  	  	"time": 18935.6666666667,
  	  	  	"judgement": null
  	  	},
  	  	{
  	  	  	"press": true,
  	  	  	"dir": 0,
  	  	  	"time": 18969,
  	  	  	"judgement": "sick"
  	  	},
  	  	{
  	  	  	"press": false,
  	  	  	"dir": 2,
  	  	  	"time": 18985.6666666667,
  	  	  	"judgement": null
  	  	},
  	  	{
  	  	  	"press": true,
  	  	  	"dir": 3,
  	  	  	"time": 19069,
  	  	  	"judgement": "sick"
  	  	},
  	  	{
  	  	  	"press": false,
  	  	  	"dir": 0,
  	  	  	"time": 19069,
  	  	  	"judgement": null
  	  	},
  	  	{
  	  	  	"press": true,
  	  	  	"dir": 1,
  	  	  	"time": 19152.3333333334,
  	  	  	"judgement": "sick"
  	  	},
  	  	{
  	  	  	"press": false,
  	  	  	"dir": 3,
  	  	  	"time": 19169.0000000001,
  	  	  	"judgement": null
  	  	},
  	  	{
  	  	  	"press": true,
  	  	  	"dir": 3,
  	  	  	"time": 19235.6666666667,
  	  	  	"judgement": "sick"
  	  	},
  	  	{
  	  	  	"press": false,
  	  	  	"dir": 1,
  	  	  	"time": 19235.6666666667,
  	  	  	"judgement": null
  	  	},
  	  	{
  	  	  	"press": true,
  	  	  	"dir": 2,
  	  	  	"time": 19252.3333333334,
  	  	  	"judgement": "good"
  	  	},
  	  	{
  	  	  	"press": false,
  	  	  	"dir": 3,
  	  	  	"time": 19374.6666666667,
  	  	  	"judgement": null
  	  	},
  	  	{
  	  	  	"press": true,
  	  	  	"dir": 0,
  	  	  	"time": 20131.3333333334,
  	  	  	"judgement": null
  	  	},
  	  	{
  	  	  	"press": true,
  	  	  	"dir": 2,
  	  	  	"time": 20131.3333333334,
  	  	  	"judgement": null
  	  	},
  	  	{
  	  	  	"press": false,
  	  	  	"dir": 1,
  	  	  	"time": 20131.3333333334,
  	  	  	"judgement": null
  	  	},
  	  	{
  	  	  	"press": false,
  	  	  	"dir": 3,
  	  	  	"time": 20131.3333333334,
  	  	  	"judgement": null
  	  	},
  	  	{
  	  	  	"press": false,
  	  	  	"dir": 2,
  	  	  	"time": 20148,
  	  	  	"judgement": null
  	  	},
  	  	{
  	  	  	"press": true,
  	  	  	"dir": 1,
  	  	  	"time": 20910.3333333333,
  	  	  	"judgement": null
  	  	},
  	  	{
  	  	  	"press": true,
  	  	  	"dir": 2,
  	  	  	"time": 20910.3333333333,
  	  	  	"judgement": null
  	  	},
  	  	{
  	  	  	"press": true,
  	  	  	"dir": 3,
  	  	  	"time": 20910.3333333333,
  	  	  	"judgement": null
  	  	},
  	  	{
  	  	  	"press": false,
  	  	  	"dir": 0,
  	  	  	"time": 20910.3333333333,
  	  	  	"judgement": null
  	  	},
  	  	{
  	  	  	"press": false,
  	  	  	"dir": 3,
  	  	  	"time": 21077,
  	  	  	"judgement": null
  	  	},
  	  	{
  	  	  	"press": true,
  	  	  	"dir": 0,
  	  	  	"time": 21110.3333333333,
  	  	  	"judgement": null
  	  	},
  	  	{
  	  	  	"press": false,
  	  	  	"dir": 2,
  	  	  	"time": 21127,
  	  	  	"judgement": null
  	  	},
  	  	{
  	  	  	"press": false,
  	  	  	"dir": 1,
  	  	  	"time": 21143.6666666667,
  	  	  	"judgement": null
  	  	},
  	  	{
  	  	  	"press": false,
  	  	  	"dir": 0,
  	  	  	"time": 21227,
  	  	  	"judgement": null
  	  	},
  	  	{
  	  	  	"press": true,
  	  	  	"dir": 0,
  	  	  	"time": 21700.3333333334,
  	  	  	"judgement": "sick"
  	  	},
  	  	{
  	  	  	"press": true,
  	  	  	"dir": 3,
  	  	  	"time": 21733.6666666667,
  	  	  	"judgement": "sick"
  	  	},
  	  	{
  	  	  	"press": false,
  	  	  	"dir": 0,
  	  	  	"time": 21767,
  	  	  	"judgement": null
  	  	},
  	  	{
  	  	  	"press": true,
  	  	  	"dir": 2,
  	  	  	"time": 21833.6666666667,
  	  	  	"judgement": "sick"
  	  	},
  	  	{
  	  	  	"press": false,
  	  	  	"dir": 3,
  	  	  	"time": 21867,
  	  	  	"judgement": null
  	  	},
  	  	{
  	  	  	"press": false,
  	  	  	"dir": 2,
  	  	  	"time": 21917,
  	  	  	"judgement": null
  	  	},
  	  	{
  	  	  	"press": true,
  	  	  	"dir": 0,
  	  	  	"time": 22000.3333333334,
  	  	  	"judgement": "sick"
  	  	},
  	  	{
  	  	  	"press": true,
  	  	  	"dir": 3,
  	  	  	"time": 22033.6666666667,
  	  	  	"judgement": "sick"
  	  	},
  	  	{
  	  	  	"press": false,
  	  	  	"dir": 0,
  	  	  	"time": 22033.6666666667,
  	  	  	"judgement": null
  	  	},
  	  	{
  	  	  	"press": true,
  	  	  	"dir": 2,
  	  	  	"time": 22147,
  	  	  	"judgement": "sick"
  	  	},
  	  	{
  	  	  	"press": false,
  	  	  	"dir": 3,
  	  	  	"time": 22163.6666666667,
  	  	  	"judgement": null
  	  	},
  	  	{
  	  	  	"press": false,
  	  	  	"dir": 2,
  	  	  	"time": 22213.6666666667,
  	  	  	"judgement": null
  	  	},
  	  	{
  	  	  	"press": true,
  	  	  	"dir": 0,
  	  	  	"time": 22313.6666666667,
  	  	  	"judgement": "sick"
  	  	},
  	  	{
  	  	  	"press": true,
  	  	  	"dir": 1,
  	  	  	"time": 22380.3333333334,
  	  	  	"judgement": "sick"
  	  	},
  	  	{
  	  	  	"press": false,
  	  	  	"dir": 0,
  	  	  	"time": 22413.6666666667,
  	  	  	"judgement": null
  	  	},
  	  	{
  	  	  	"press": false,
  	  	  	"dir": 1,
  	  	  	"time": 22447,
  	  	  	"judgement": null
  	  	},
  	  	{
  	  	  	"press": true,
  	  	  	"dir": 3,
  	  	  	"time": 22463.6666666667,
  	  	  	"judgement": "sick"
  	  	},
  	  	{
  	  	  	"press": false,
  	  	  	"dir": 3,
  	  	  	"time": 22513.6666666667,
  	  	  	"judgement": null
  	  	},
  	  	{
  	  	  	"press": true,
  	  	  	"dir": 0,
  	  	  	"time": 22613.6666666667,
  	  	  	"judgement": "sick"
  	  	},
  	  	{
  	  	  	"press": false,
  	  	  	"dir": 0,
  	  	  	"time": 22680.3333333334,
  	  	  	"judgement": null
  	  	},
  	  	{
  	  	  	"press": true,
  	  	  	"dir": 1,
  	  	  	"time": 22697,
  	  	  	"judgement": "sick"
  	  	},
  	  	{
  	  	  	"press": false,
  	  	  	"dir": 1,
  	  	  	"time": 22730.3333333334,
  	  	  	"judgement": null
  	  	},
  	  	{
  	  	  	"press": true,
  	  	  	"dir": 3,
  	  	  	"time": 22747,
  	  	  	"judgement": "sick"
  	  	},
  	  	{
  	  	  	"press": false,
  	  	  	"dir": 3,
  	  	  	"time": 22813.6666666667,
  	  	  	"judgement": null
  	  	},
  	  	{
  	  	  	"press": true,
  	  	  	"dir": 0,
  	  	  	"time": 22880.3333333334,
  	  	  	"judgement": "sick"
  	  	},
  	  	{
  	  	  	"press": false,
  	  	  	"dir": 0,
  	  	  	"time": 22947.0000000001,
  	  	  	"judgement": null
  	  	},
  	  	{
  	  	  	"press": true,
  	  	  	"dir": 3,
  	  	  	"time": 22997,
  	  	  	"judgement": "sick"
  	  	},
  	  	{
  	  	  	"press": true,
  	  	  	"dir": 2,
  	  	  	"time": 23047,
  	  	  	"judgement": "sick"
  	  	},
  	  	{
  	  	  	"press": false,
  	  	  	"dir": 3,
  	  	  	"time": 23063.6666666667,
  	  	  	"judgement": null
  	  	},
  	  	{
  	  	  	"press": false,
  	  	  	"dir": 2,
  	  	  	"time": 23097,
  	  	  	"judgement": null
  	  	},
  	  	{
  	  	  	"press": true,
  	  	  	"dir": 0,
  	  	  	"time": 23207,
  	  	  	"judgement": "sick"
  	  	},
  	  	{
  	  	  	"press": true,
  	  	  	"dir": 3,
  	  	  	"time": 23223.6666666667,
  	  	  	"judgement": "good"
  	  	},
  	  	{
  	  	  	"press": false,
  	  	  	"dir": 0,
  	  	  	"time": 23223.6666666667,
  	  	  	"judgement": null
  	  	},
  	  	{
  	  	  	"press": true,
  	  	  	"dir": 2,
  	  	  	"time": 23337,
  	  	  	"judgement": "sick"
  	  	},
  	  	{
  	  	  	"press": false,
  	  	  	"dir": 3,
  	  	  	"time": 23353.6666666667,
  	  	  	"judgement": null
  	  	},
  	  	{
  	  	  	"press": false,
  	  	  	"dir": 2,
  	  	  	"time": 23420.3333333333,
  	  	  	"judgement": null
  	  	},
  	  	{
  	  	  	"press": true,
  	  	  	"dir": 0,
  	  	  	"time": 23503.6666666667,
  	  	  	"judgement": "sick"
  	  	},
  	  	{
  	  	  	"press": true,
  	  	  	"dir": 1,
  	  	  	"time": 23553.6666666667,
  	  	  	"judgement": "sick"
  	  	},
  	  	{
  	  	  	"press": false,
  	  	  	"dir": 0,
  	  	  	"time": 23587,
  	  	  	"judgement": null
  	  	},
  	  	{
  	  	  	"press": false,
  	  	  	"dir": 1,
  	  	  	"time": 23603.6666666667,
  	  	  	"judgement": null
  	  	},
  	  	{
  	  	  	"press": true,
  	  	  	"dir": 3,
  	  	  	"time": 23637,
  	  	  	"judgement": "sick"
  	  	},
  	  	{
  	  	  	"press": false,
  	  	  	"dir": 3,
  	  	  	"time": 23703.6666666667,
  	  	  	"judgement": null
  	  	},
  	  	{
  	  	  	"press": true,
  	  	  	"dir": 3,
  	  	  	"time": 23803.6666666667,
  	  	  	"judgement": "sick"
  	  	},
  	  	{
  	  	  	"press": false,
  	  	  	"dir": 3,
  	  	  	"time": 23853.6666666667,
  	  	  	"judgement": null
  	  	},
  	  	{
  	  	  	"press": true,
  	  	  	"dir": 1,
  	  	  	"time": 23887,
  	  	  	"judgement": "sick"
  	  	},
  	  	{
  	  	  	"press": true,
  	  	  	"dir": 0,
  	  	  	"time": 23903.6666666667,
  	  	  	"judgement": "sick"
  	  	},
  	  	{
  	  	  	"press": false,
  	  	  	"dir": 1,
  	  	  	"time": 23953.6666666667,
  	  	  	"judgement": null
  	  	},
  	  	{
  	  	  	"press": false,
  	  	  	"dir": 0,
  	  	  	"time": 24020.3333333334,
  	  	  	"judgement": null
  	  	},
  	  	{
  	  	  	"press": true,
  	  	  	"dir": 2,
  	  	  	"time": 25260.3333333334,
  	  	  	"judgement": "sick"
  	  	},
  	  	{
  	  	  	"press": false,
  	  	  	"dir": 2,
  	  	  	"time": 25417,
  	  	  	"judgement": null
  	  	},
  	  	{
  	  	  	"press": true,
  	  	  	"dir": 3,
  	  	  	"time": 25467,
  	  	  	"judgement": "sick"
  	  	},
  	  	{
  	  	  	"press": true,
  	  	  	"dir": 2,
  	  	  	"time": 25550.3333333334,
  	  	  	"judgement": "sick"
  	  	},
  	  	{
  	  	  	"press": false,
  	  	  	"dir": 3,
  	  	  	"time": 25567,
  	  	  	"judgement": null
  	  	},
  	  	{
  	  	  	"press": true,
  	  	  	"dir": 0,
  	  	  	"time": 25600.3333333334,
  	  	  	"judgement": "sick"
  	  	},
  	  	{
  	  	  	"press": false,
  	  	  	"dir": 2,
  	  	  	"time": 25600.3333333334,
  	  	  	"judgement": null
  	  	},
  	  	{
  	  	  	"press": false,
  	  	  	"dir": 0,
  	  	  	"time": 25683.6666666667,
  	  	  	"judgement": null
  	  	},
  	  	{
  	  	  	"press": true,
  	  	  	"dir": 3,
  	  	  	"time": 25750.3333333334,
  	  	  	"judgement": "sick"
  	  	},
  	  	{
  	  	  	"press": false,
  	  	  	"dir": 3,
  	  	  	"time": 25800.3333333334,
  	  	  	"judgement": null
  	  	},
  	  	{
  	  	  	"press": true,
  	  	  	"dir": 3,
  	  	  	"time": 25917,
  	  	  	"judgement": "sick"
  	  	},
  	  	{
  	  	  	"press": false,
  	  	  	"dir": 3,
  	  	  	"time": 25950.3333333334,
  	  	  	"judgement": null
  	  	},
  	  	{
  	  	  	"press": true,
  	  	  	"dir": 3,
  	  	  	"time": 25983.6666666667,
  	  	  	"judgement": "good"
  	  	},
  	  	{
  	  	  	"press": false,
  	  	  	"dir": 0,
  	  	  	"time": 25983.6666666667,
  	  	  	"judgement": null
  	  	},
  	  	{
  	  	  	"press": false,
  	  	  	"dir": 3,
  	  	  	"time": 26017.0000000001,
  	  	  	"judgement": null
  	  	},
  	  	{
  	  	  	"press": true,
  	  	  	"dir": 0,
  	  	  	"time": 26210.3333333333,
  	  	  	"judgement": "sick"
  	  	},
  	  	{
  	  	  	"press": false,
  	  	  	"dir": 0,
  	  	  	"time": 26337,
  	  	  	"judgement": null
  	  	},
  	  	{
  	  	  	"press": true,
  	  	  	"dir": 3,
  	  	  	"time": 26370.3333333333,
  	  	  	"judgement": "sick"
  	  	},
  	  	{
  	  	  	"press": false,
  	  	  	"dir": 3,
  	  	  	"time": 26437,
  	  	  	"judgement": null
  	  	},
  	  	{
  	  	  	"press": true,
  	  	  	"dir": 1,
  	  	  	"time": 27133.6666666667,
  	  	  	"judgement": "sick"
  	  	},
  	  	{
  	  	  	"press": false,
  	  	  	"dir": 1,
  	  	  	"time": 27200.3333333334,
  	  	  	"judgement": null
  	  	},
  	  	{
  	  	  	"press": true,
  	  	  	"dir": 0,
  	  	  	"time": 27217,
  	  	  	"judgement": "sick"
  	  	},
  	  	{
  	  	  	"press": false,
  	  	  	"dir": 0,
  	  	  	"time": 27300.3333333334,
  	  	  	"judgement": null
  	  	},
  	  	{
  	  	  	"press": true,
  	  	  	"dir": 3,
  	  	  	"time": 27333.6666666667,
  	  	  	"judgement": "sick"
  	  	},
  	  	{
  	  	  	"press": true,
  	  	  	"dir": 2,
  	  	  	"time": 27383.6666666667,
  	  	  	"judgement": "sick"
  	  	},
  	  	{
  	  	  	"press": false,
  	  	  	"dir": 3,
  	  	  	"time": 27417,
  	  	  	"judgement": null
  	  	},
  	  	{
  	  	  	"press": false,
  	  	  	"dir": 2,
  	  	  	"time": 27500.3333333334,
  	  	  	"judgement": null
  	  	},
  	  	{
  	  	  	"press": true,
  	  	  	"dir": 0,
  	  	  	"time": 27533.6666666667,
  	  	  	"judgement": "sick"
  	  	},
  	  	{
  	  	  	"press": false,
  	  	  	"dir": 0,
  	  	  	"time": 27617.0000000001,
  	  	  	"judgement": null
  	  	},
  	  	{
  	  	  	"press": true,
  	  	  	"dir": 0,
  	  	  	"time": 28000.3333333334,
  	  	  	"judgement": "sick"
  	  	},
  	  	{
  	  	  	"press": false,
  	  	  	"dir": 0,
  	  	  	"time": 28083.6666666667,
  	  	  	"judgement": null
  	  	},
  	  	{
  	  	  	"press": true,
  	  	  	"dir": 3,
  	  	  	"time": 28177,
  	  	  	"judgement": "sick"
  	  	},
  	  	{
  	  	  	"press": true,
  	  	  	"dir": 2,
  	  	  	"time": 28193.6666666667,
  	  	  	"judgement": "sick"
  	  	},
  	  	{
  	  	  	"press": true,
  	  	  	"dir": 0,
  	  	  	"time": 28277,
  	  	  	"judgement": "sick"
  	  	},
  	  	{
  	  	  	"press": false,
  	  	  	"dir": 3,
  	  	  	"time": 28277,
  	  	  	"judgement": null
  	  	},
  	  	{
  	  	  	"press": false,
  	  	  	"dir": 0,
  	  	  	"time": 28293.6666666667,
  	  	  	"judgement": null
  	  	},
  	  	{
  	  	  	"press": false,
  	  	  	"dir": 2,
  	  	  	"time": 28293.6666666667,
  	  	  	"judgement": null
  	  	},
  	  	{
  	  	  	"press": true,
  	  	  	"dir": 3,
  	  	  	"time": 28343.6666666667,
  	  	  	"judgement": "sick"
  	  	},
  	  	{
  	  	  	"press": true,
  	  	  	"dir": 2,
  	  	  	"time": 28430.3333333333,
  	  	  	"judgement": "sick"
  	  	},
  	  	{
  	  	  	"press": false,
  	  	  	"dir": 3,
  	  	  	"time": 28480.3333333333,
  	  	  	"judgement": null
  	  	},
  	  	{
  	  	  	"press": true,
  	  	  	"dir": 1,
  	  	  	"time": 28497,
  	  	  	"judgement": "sick"
  	  	},
  	  	{
  	  	  	"press": false,
  	  	  	"dir": 2,
  	  	  	"time": 28513.6666666667,
  	  	  	"judgement": null
  	  	},
  	  	{
  	  	  	"press": false,
  	  	  	"dir": 1,
  	  	  	"time": 28547,
  	  	  	"judgement": null
  	  	},
  	  	{
  	  	  	"press": true,
  	  	  	"dir": 2,
  	  	  	"time": 28597,
  	  	  	"judgement": "sick"
  	  	},
  	  	{
  	  	  	"press": false,
  	  	  	"dir": 2,
  	  	  	"time": 28680.3333333334,
  	  	  	"judgement": null
  	  	},
  	  	{
  	  	  	"press": true,
  	  	  	"dir": 0,
  	  	  	"time": 28697,
  	  	  	"judgement": "sick"
  	  	},
  	  	{
  	  	  	"press": true,
  	  	  	"dir": 1,
  	  	  	"time": 28763.6666666667,
  	  	  	"judgement": "sick"
  	  	},
  	  	{
  	  	  	"press": false,
  	  	  	"dir": 0,
  	  	  	"time": 28797,
  	  	  	"judgement": null
  	  	},
  	  	{
  	  	  	"press": true,
  	  	  	"dir": 3,
  	  	  	"time": 28830.3333333334,
  	  	  	"judgement": "sick"
  	  	},
  	  	{
  	  	  	"press": false,
  	  	  	"dir": 1,
  	  	  	"time": 28830.3333333334,
  	  	  	"judgement": null
  	  	},
  	  	{
  	  	  	"press": false,
  	  	  	"dir": 3,
  	  	  	"time": 28880.3333333334,
  	  	  	"judgement": null
  	  	},
  	  	{
  	  	  	"press": true,
  	  	  	"dir": 0,
  	  	  	"time": 31270.3333333334,
  	  	  	"judgement": "sick"
  	  	},
  	  	{
  	  	  	"press": true,
  	  	  	"dir": 3,
  	  	  	"time": 31337.0000000001,
  	  	  	"judgement": "sick"
  	  	},
  	  	{
  	  	  	"press": false,
  	  	  	"dir": 0,
  	  	  	"time": 31397,
  	  	  	"judgement": null
  	  	},
  	  	{
  	  	  	"press": true,
  	  	  	"dir": 2,
  	  	  	"time": 31463.6666666667,
  	  	  	"judgement": "sick"
  	  	},
  	  	{
  	  	  	"press": false,
  	  	  	"dir": 3,
  	  	  	"time": 31513.6666666667,
  	  	  	"judgement": null
  	  	},
  	  	{
  	  	  	"press": false,
  	  	  	"dir": 2,
  	  	  	"time": 31580.3333333333,
  	  	  	"judgement": null
  	  	},
  	  	{
  	  	  	"press": true,
  	  	  	"dir": 0,
  	  	  	"time": 31613.6666666667,
  	  	  	"judgement": "sick"
  	  	},
  	  	{
  	  	  	"press": true,
  	  	  	"dir": 3,
  	  	  	"time": 31680.3333333334,
  	  	  	"judgement": "sick"
  	  	},
  	  	{
  	  	  	"press": false,
  	  	  	"dir": 0,
  	  	  	"time": 31680.3333333334,
  	  	  	"judgement": null
  	  	},
  	  	{
  	  	  	"press": true,
  	  	  	"dir": 2,
  	  	  	"time": 31747,
  	  	  	"judgement": "sick"
  	  	},
  	  	{
  	  	  	"press": false,
  	  	  	"dir": 3,
  	  	  	"time": 31797,
  	  	  	"judgement": null
  	  	},
  	  	{
  	  	  	"press": false,
  	  	  	"dir": 2,
  	  	  	"time": 31847,
  	  	  	"judgement": null
  	  	},
  	  	{
  	  	  	"press": true,
  	  	  	"dir": 0,
  	  	  	"time": 31913.6666666667,
  	  	  	"judgement": "sick"
  	  	},
  	  	{
  	  	  	"press": true,
  	  	  	"dir": 1,
  	  	  	"time": 31963.6666666667,
  	  	  	"judgement": "sick"
  	  	},
  	  	{
  	  	  	"press": false,
  	  	  	"dir": 0,
  	  	  	"time": 32013.6666666667,
  	  	  	"judgement": null
  	  	},
  	  	{
  	  	  	"press": true,
  	  	  	"dir": 3,
  	  	  	"time": 32047,
  	  	  	"judgement": "sick"
  	  	},
  	  	{
  	  	  	"press": false,
  	  	  	"dir": 1,
  	  	  	"time": 32063.6666666667,
  	  	  	"judgement": null
  	  	},
  	  	{
  	  	  	"press": false,
  	  	  	"dir": 3,
  	  	  	"time": 32147.0000000001,
  	  	  	"judgement": null
  	  	},
  	  	{
  	  	  	"press": true,
  	  	  	"dir": 0,
  	  	  	"time": 32213.6666666667,
  	  	  	"judgement": "sick"
  	  	},
  	  	{
  	  	  	"press": true,
  	  	  	"dir": 1,
  	  	  	"time": 32247.0000000001,
  	  	  	"judgement": "sick"
  	  	},
  	  	{
  	  	  	"press": true,
  	  	  	"dir": 3,
  	  	  	"time": 32337,
  	  	  	"judgement": "sick"
  	  	},
  	  	{
  	  	  	"press": false,
  	  	  	"dir": 0,
  	  	  	"time": 32337,
  	  	  	"judgement": null
  	  	},
  	  	{
  	  	  	"press": false,
  	  	  	"dir": 1,
  	  	  	"time": 32353.6666666667,
  	  	  	"judgement": null
  	  	},
  	  	{
  	  	  	"press": false,
  	  	  	"dir": 3,
  	  	  	"time": 32387,
  	  	  	"judgement": null
  	  	},
  	  	{
  	  	  	"press": true,
  	  	  	"dir": 3,
  	  	  	"time": 32503.6666666667,
  	  	  	"judgement": "sick"
  	  	},
  	  	{
  	  	  	"press": false,
  	  	  	"dir": 3,
  	  	  	"time": 32553.6666666667,
  	  	  	"judgement": null
  	  	},
  	  	{
  	  	  	"press": true,
  	  	  	"dir": 0,
  	  	  	"time": 32570.3333333334,
  	  	  	"judgement": "sick"
  	  	},
  	  	{
  	  	  	"press": false,
  	  	  	"dir": 0,
  	  	  	"time": 32637,
  	  	  	"judgement": null
  	  	},
  	  	{
  	  	  	"press": true,
  	  	  	"dir": 2,
  	  	  	"time": 32653.6666666667,
  	  	  	"judgement": "sick"
  	  	},
  	  	{
  	  	  	"press": false,
  	  	  	"dir": 2,
  	  	  	"time": 32753.6666666667,
  	  	  	"judgement": null
  	  	},
  	  	{
  	  	  	"press": true,
  	  	  	"dir": 2,
  	  	  	"time": 32837,
  	  	  	"judgement": "sick"
  	  	},
  	  	{
  	  	  	"press": true,
  	  	  	"dir": 0,
  	  	  	"time": 32853.6666666667,
  	  	  	"judgement": "sick"
  	  	},
  	  	{
  	  	  	"press": false,
  	  	  	"dir": 2,
  	  	  	"time": 32903.6666666666,
  	  	  	"judgement": null
  	  	},
  	  	{
  	  	  	"press": true,
  	  	  	"dir": 1,
  	  	  	"time": 32970.3333333333,
  	  	  	"judgement": "sick"
  	  	},
  	  	{
  	  	  	"press": false,
  	  	  	"dir": 0,
  	  	  	"time": 33003.6666666666,
  	  	  	"judgement": null
  	  	},
  	  	{
  	  	  	"press": false,
  	  	  	"dir": 1,
  	  	  	"time": 33037,
  	  	  	"judgement": null
  	  	},
  	  	{
  	  	  	"press": true,
  	  	  	"dir": 3,
  	  	  	"time": 33133.6666666667,
  	  	  	"judgement": "sick"
  	  	},
  	  	{
  	  	  	"press": true,
  	  	  	"dir": 0,
  	  	  	"time": 33183.6666666667,
  	  	  	"judgement": "sick"
  	  	},
  	  	{
  	  	  	"press": false,
  	  	  	"dir": 2,
  	  	  	"time": 33183.6666666667,
  	  	  	"judgement": null
  	  	},
  	  	{
  	  	  	"press": false,
  	  	  	"dir": 3,
  	  	  	"time": 33183.6666666667,
  	  	  	"judgement": null
  	  	},
  	  	{
  	  	  	"press": false,
  	  	  	"dir": 0,
  	  	  	"time": 33200.3333333333,
  	  	  	"judgement": null
  	  	},
  	  	{
  	  	  	"press": true,
  	  	  	"dir": 2,
  	  	  	"time": 33337,
  	  	  	"judgement": "good"
  	  	},
  	  	{
  	  	  	"press": true,
  	  	  	"dir": 1,
  	  	  	"time": 33353.6666666667,
  	  	  	"judgement": "sick"
  	  	},
  	  	{
  	  	  	"press": false,
  	  	  	"dir": 2,
  	  	  	"time": 33353.6666666667,
  	  	  	"judgement": null
  	  	},
  	  	{
  	  	  	"press": true,
  	  	  	"dir": 3,
  	  	  	"time": 33437,
  	  	  	"judgement": "sick"
  	  	},
  	  	{
  	  	  	"press": false,
  	  	  	"dir": 1,
  	  	  	"time": 33453.6666666666,
  	  	  	"judgement": null
  	  	},
  	  	{
  	  	  	"press": true,
  	  	  	"dir": 2,
  	  	  	"time": 33520.3333333333,
  	  	  	"judgement": "good"
  	  	},
  	  	{
  	  	  	"press": false,
  	  	  	"dir": 3,
  	  	  	"time": 33537,
  	  	  	"judgement": null
  	  	},
  	  	{
  	  	  	"press": true,
  	  	  	"dir": 0,
  	  	  	"time": 33587,
  	  	  	"judgement": "sick"
  	  	},
  	  	{
  	  	  	"press": false,
  	  	  	"dir": 2,
  	  	  	"time": 33603.6666666666,
  	  	  	"judgement": null
  	  	},
  	  	{
  	  	  	"press": true,
  	  	  	"dir": 3,
  	  	  	"time": 33670.3333333333,
  	  	  	"judgement": "good"
  	  	},
  	  	{
  	  	  	"press": false,
  	  	  	"dir": 0,
  	  	  	"time": 33670.3333333333,
  	  	  	"judgement": null
  	  	},
  	  	{
  	  	  	"press": false,
  	  	  	"dir": 3,
  	  	  	"time": 33786.9999999999,
  	  	  	"judgement": null
  	  	},
  	  	{
  	  	  	"press": true,
  	  	  	"dir": 2,
  	  	  	"time": 34923.6666666666,
  	  	  	"judgement": "sick"
  	  	},
  	  	{
  	  	  	"press": false,
  	  	  	"dir": 2,
  	  	  	"time": 34973.6666666666,
  	  	  	"judgement": null
  	  	},
  	  	{
  	  	  	"press": true,
  	  	  	"dir": 2,
  	  	  	"time": 35056.9999999999,
  	  	  	"judgement": "sick"
  	  	},
  	  	{
  	  	  	"press": false,
  	  	  	"dir": 2,
  	  	  	"time": 35090.3333333332,
  	  	  	"judgement": null
  	  	},
  	  	{
  	  	  	"press": true,
  	  	  	"dir": 0,
  	  	  	"time": 35137,
  	  	  	"judgement": "sick"
  	  	},
  	  	{
  	  	  	"press": true,
  	  	  	"dir": 3,
  	  	  	"time": 35203.6666666667,
  	  	  	"judgement": "sick"
  	  	},
  	  	{
  	  	  	"press": false,
  	  	  	"dir": 0,
  	  	  	"time": 35203.6666666667,
  	  	  	"judgement": null
  	  	},
  	  	{
  	  	  	"press": false,
  	  	  	"dir": 3,
  	  	  	"time": 35220.3333333333,
  	  	  	"judgement": null
  	  	},
  	  	{
  	  	  	"press": true,
  	  	  	"dir": 0,
  	  	  	"time": 35330.3333333333,
  	  	  	"judgement": "sick"
  	  	},
  	  	{
  	  	  	"press": false,
  	  	  	"dir": 0,
  	  	  	"time": 35380.3333333333,
  	  	  	"judgement": null
  	  	},
  	  	{
  	  	  	"press": true,
  	  	  	"dir": 0,
  	  	  	"time": 35480.3333333333,
  	  	  	"judgement": "sick"
  	  	},
  	  	{
  	  	  	"press": true,
  	  	  	"dir": 3,
  	  	  	"time": 35530.3333333333,
  	  	  	"judgement": "sick"
  	  	},
  	  	{
  	  	  	"press": false,
  	  	  	"dir": 0,
  	  	  	"time": 35530.3333333333,
  	  	  	"judgement": null
  	  	},
  	  	{
  	  	  	"press": false,
  	  	  	"dir": 3,
  	  	  	"time": 35630.3333333333,
  	  	  	"judgement": null
  	  	},
  	  	{
  	  	  	"press": true,
  	  	  	"dir": 0,
  	  	  	"time": 35647,
  	  	  	"judgement": "sick"
  	  	},
  	  	{
  	  	  	"press": false,
  	  	  	"dir": 0,
  	  	  	"time": 35747,
  	  	  	"judgement": null
  	  	},
  	  	{
  	  	  	"press": true,
  	  	  	"dir": 3,
  	  	  	"time": 35780.3333333333,
  	  	  	"judgement": "sick"
  	  	},
  	  	{
  	  	  	"press": false,
  	  	  	"dir": 3,
  	  	  	"time": 35897,
  	  	  	"judgement": null
  	  	},
  	  	{
  	  	  	"press": true,
  	  	  	"dir": 0,
  	  	  	"time": 35963.6666666667,
  	  	  	"judgement": "sick"
  	  	},
  	  	{
  	  	  	"press": false,
  	  	  	"dir": 0,
  	  	  	"time": 36137,
  	  	  	"judgement": null
  	  	},
  	  	{
  	  	  	"press": false,
  	  	  	"dir": 0,
  	  	  	"time": 36697,
  	  	  	"judgement": null
  	  	},
  	  	{
  	  	  	"press": true,
  	  	  	"dir": 1,
  	  	  	"time": 36713.6666666666,
  	  	  	"judgement": "sick"
  	  	},
  	  	{
  	  	  	"press": true,
  	  	  	"dir": 3,
  	  	  	"time": 36863.6666666667,
  	  	  	"judgement": "sick"
  	  	},
  	  	{
  	  	  	"press": false,
  	  	  	"dir": 1,
  	  	  	"time": 36863.6666666667,
  	  	  	"judgement": null
  	  	},
  	  	{
  	  	  	"press": true,
  	  	  	"dir": 0,
  	  	  	"time": 36947,
  	  	  	"judgement": "sick"
  	  	},
  	  	{
  	  	  	"press": true,
  	  	  	"dir": 2,
  	  	  	"time": 37013.6666666666,
  	  	  	"judgement": "sick"
  	  	},
  	  	{
  	  	  	"press": false,
  	  	  	"dir": 0,
  	  	  	"time": 37030.3333333333,
  	  	  	"judgement": null
  	  	},
  	  	{
  	  	  	"press": false,
  	  	  	"dir": 3,
  	  	  	"time": 37030.3333333333,
  	  	  	"judgement": null
  	  	},
  	  	{
  	  	  	"press": false,
  	  	  	"dir": 2,
  	  	  	"time": 37097,
  	  	  	"judgement": null
  	  	},
  	  	{
  	  	  	"press": true,
  	  	  	"dir": 1,
  	  	  	"time": 37130.3333333333,
  	  	  	"judgement": "sick"
  	  	},
  	  	{
  	  	  	"press": false,
  	  	  	"dir": 1,
  	  	  	"time": 37213.6666666666,
  	  	  	"judgement": null
  	  	},
  	  	{
  	  	  	"press": true,
  	  	  	"dir": 0,
  	  	  	"time": 37603.6666666666,
  	  	  	"judgement": "sick"
  	  	},
  	  	{
  	  	  	"press": false,
  	  	  	"dir": 0,
  	  	  	"time": 37686.9999999999,
  	  	  	"judgement": null
  	  	},
  	  	{
  	  	  	"press": true,
  	  	  	"dir": 3,
  	  	  	"time": 37770.3333333333,
  	  	  	"judgement": "sick"
  	  	},
  	  	{
  	  	  	"press": true,
  	  	  	"dir": 2,
  	  	  	"time": 37887,
  	  	  	"judgement": "good"
  	  	},
  	  	{
  	  	  	"press": true,
  	  	  	"dir": 0,
  	  	  	"time": 37903.6666666667,
  	  	  	"judgement": "sick"
  	  	},
  	  	{
  	  	  	"press": false,
  	  	  	"dir": 2,
  	  	  	"time": 37903.6666666667,
  	  	  	"judgement": null
  	  	},
  	  	{
  	  	  	"press": false,
  	  	  	"dir": 3,
  	  	  	"time": 37903.6666666667,
  	  	  	"judgement": null
  	  	},
  	  	{
  	  	  	"press": false,
  	  	  	"dir": 0,
  	  	  	"time": 37970.3333333333,
  	  	  	"judgement": null
  	  	},
  	  	{
  	  	  	"press": true,
  	  	  	"dir": 3,
  	  	  	"time": 38003.6666666666,
  	  	  	"judgement": "sick"
  	  	},
  	  	{
  	  	  	"press": true,
  	  	  	"dir": 1,
  	  	  	"time": 38053.6666666666,
  	  	  	"judgement": "sick"
  	  	},
  	  	{
  	  	  	"press": false,
  	  	  	"dir": 3,
  	  	  	"time": 38087,
  	  	  	"judgement": null
  	  	},
  	  	{
  	  	  	"press": true,
  	  	  	"dir": 0,
  	  	  	"time": 38137,
  	  	  	"judgement": "sick"
  	  	},
  	  	{
  	  	  	"press": false,
  	  	  	"dir": 1,
  	  	  	"time": 38170.3333333333,
  	  	  	"judgement": null
  	  	},
  	  	{
  	  	  	"press": true,
  	  	  	"dir": 2,
  	  	  	"time": 38220.3333333333,
  	  	  	"judgement": "sick"
  	  	},
  	  	{
  	  	  	"press": false,
  	  	  	"dir": 0,
  	  	  	"time": 38220.3333333333,
  	  	  	"judgement": null
  	  	},
  	  	{
  	  	  	"press": true,
  	  	  	"dir": 1,
  	  	  	"time": 38286.9999999999,
  	  	  	"judgement": "sick"
  	  	},
  	  	{
  	  	  	"press": false,
  	  	  	"dir": 2,
  	  	  	"time": 38286.9999999999,
  	  	  	"judgement": null
  	  	},
  	  	{
  	  	  	"press": true,
  	  	  	"dir": 3,
  	  	  	"time": 38320.3333333333,
  	  	  	"judgement": "sick"
  	  	},
  	  	{
  	  	  	"press": false,
  	  	  	"dir": 1,
  	  	  	"time": 38320.3333333333,
  	  	  	"judgement": null
  	  	},
  	  	{
  	  	  	"press": true,
  	  	  	"dir": 2,
  	  	  	"time": 38449.3333333333,
  	  	  	"judgement": "sick"
  	  	},
  	  	{
  	  	  	"press": false,
  	  	  	"dir": 3,
  	  	  	"time": 38482.6666666667,
  	  	  	"judgement": null
  	  	},
  	  	{
  	  	  	"press": true,
  	  	  	"dir": 1,
  	  	  	"time": 38499.3333333333,
  	  	  	"judgement": "sick"
  	  	},
  	  	{
  	  	  	"press": false,
  	  	  	"dir": 2,
  	  	  	"time": 38532.6666666666,
  	  	  	"judgement": null
  	  	},
  	  	{
  	  	  	"press": false,
  	  	  	"dir": 1,
  	  	  	"time": 40112.6666666666,
  	  	  	"judgement": null
  	  	},
  	  	{
  	  	  	"press": true,
  	  	  	"dir": 1,
  	  	  	"time": 48814.9999999999,
  	  	  	"judgement": null
  	  	},
  	  	{
  	  	  	"press": false,
  	  	  	"dir": 1,
  	  	  	"time": 48948.3333333332,
  	  	  	"judgement": null
  	  	},
  	  	{
  	  	  	"press": true,
  	  	  	"dir": 2,
  	  	  	"time": 49014.9999999999,
  	  	  	"judgement": null
  	  	},
  	  	{
  	  	  	"press": true,
  	  	  	"dir": 3,
  	  	  	"time": 49031.6666666666,
  	  	  	"judgement": null
  	  	},
  	  	{
  	  	  	"press": false,
  	  	  	"dir": 3,
  	  	  	"time": 49198.3333333332,
  	  	  	"judgement": null
  	  	},
  	  	{
  	  	  	"press": false,
  	  	  	"dir": 2,
  	  	  	"time": 49265,
  	  	  	"judgement": null
  	  	},
  	  	{
  	  	  	"press": true,
  	  	  	"dir": 1,
  	  	  	"time": 50461.6666666665,
  	  	  	"judgement": null
  	  	},
  	  	{
  	  	  	"press": true,
  	  	  	"dir": 2,
  	  	  	"time": 50478.3333333332,
  	  	  	"judgement": null
  	  	},
  	  	{
  	  	  	"press": true,
  	  	  	"dir": 3,
  	  	  	"time": 50478.3333333332,
  	  	  	"judgement": null
  	  	},
  	  	{
  	  	  	"press": true,
  	  	  	"dir": 0,
  	  	  	"time": 50494.9999999998,
  	  	  	"judgement": null
  	  	},
  	  	{
  	  	  	"press": false,
  	  	  	"dir": 2,
  	  	  	"time": 50661.6666666665,
  	  	  	"judgement": null
  	  	},
  	  	{
  	  	  	"press": false,
  	  	  	"dir": 3,
  	  	  	"time": 50711.6666666665,
  	  	  	"judgement": null
  	  	},
  	  	{
  	  	  	"press": false,
  	  	  	"dir": 0,
  	  	  	"time": 50811.6666666665,
  	  	  	"judgement": null
  	  	},
  	  	{
  	  	  	"press": false,
  	  	  	"dir": 1,
  	  	  	"time": 50828.3333333331,
  	  	  	"judgement": null
  	  	},
  	  	{
  	  	  	"press": true,
  	  	  	"dir": 2,
  	  	  	"time": 51028.3333333331,
  	  	  	"judgement": null
  	  	},
  	  	{
  	  	  	"press": true,
  	  	  	"dir": 3,
  	  	  	"time": 51028.3333333331,
  	  	  	"judgement": null
  	  	},
  	  	{
  	  	  	"press": false,
  	  	  	"dir": 2,
  	  	  	"time": 51601.6666666666,
  	  	  	"judgement": null
  	  	},
  	  	{
  	  	  	"press": false,
  	  	  	"dir": 3,
  	  	  	"time": 51601.6666666666,
  	  	  	"judgement": null
  	  	},
  	  	{
  	  	  	"press": false,
  	  	  	"dir": 2,
  	  	  	"time": 51868.3333333332,
  	  	  	"judgement": null
  	  	},
  	  	{
  	  	  	"press": false,
  	  	  	"dir": 3,
  	  	  	"time": 51868.3333333332,
  	  	  	"judgement": null
  	  	},
  	  	{
  	  	  	"press": true,
  	  	  	"dir": 0,
  	  	  	"time": 57620.6666666666,
  	  	  	"judgement": "good"
  	  	},
  	  	{
  	  	  	"press": false,
  	  	  	"dir": 0,
  	  	  	"time": 57824,
  	  	  	"judgement": null
  	  	},
  	  	{
  	  	  	"press": true,
  	  	  	"dir": 3,
  	  	  	"time": 57857.3333333333,
  	  	  	"judgement": "sick"
  	  	},
  	  	{
  	  	  	"press": true,
  	  	  	"dir": 2,
  	  	  	"time": 57994,
  	  	  	"judgement": "sick"
  	  	},
  	  	{
  	  	  	"press": false,
  	  	  	"dir": 3,
  	  	  	"time": 58027.3333333333,
  	  	  	"judgement": null
  	  	},
  	  	{
  	  	  	"press": false,
  	  	  	"dir": 2,
  	  	  	"time": 58127.3333333333,
  	  	  	"judgement": null
  	  	},
  	  	{
  	  	  	"press": true,
  	  	  	"dir": 0,
  	  	  	"time": 58160.6666666666,
  	  	  	"judgement": "sick"
  	  	},
  	  	{
  	  	  	"press": true,
  	  	  	"dir": 3,
  	  	  	"time": 58244,
  	  	  	"judgement": "good"
  	  	},
  	  	{
  	  	  	"press": false,
  	  	  	"dir": 0,
  	  	  	"time": 58244,
  	  	  	"judgement": null
  	  	},
  	  	{
  	  	  	"press": true,
  	  	  	"dir": 0,
  	  	  	"time": 58424,
  	  	  	"judgement": "sick"
  	  	},
  	  	{
  	  	  	"press": false,
  	  	  	"dir": 3,
  	  	  	"time": 58424,
  	  	  	"judgement": null
  	  	},
  	  	{
  	  	  	"press": true,
  	  	  	"dir": 1,
  	  	  	"time": 58507.3333333333,
  	  	  	"judgement": "sick"
  	  	},
  	  	{
  	  	  	"press": false,
  	  	  	"dir": 0,
  	  	  	"time": 58557.3333333333,
  	  	  	"judgement": null
  	  	},
  	  	{
  	  	  	"press": true,
  	  	  	"dir": 3,
  	  	  	"time": 58607.3333333333,
  	  	  	"judgement": "sick"
  	  	},
  	  	{
  	  	  	"press": false,
  	  	  	"dir": 1,
  	  	  	"time": 58624,
  	  	  	"judgement": null
  	  	},
  	  	{
  	  	  	"press": false,
  	  	  	"dir": 3,
  	  	  	"time": 58673.9999999999,
  	  	  	"judgement": null
  	  	},
  	  	{
  	  	  	"press": true,
  	  	  	"dir": 0,
  	  	  	"time": 58707.3333333333,
  	  	  	"judgement": "sick"
  	  	},
  	  	{
  	  	  	"press": true,
  	  	  	"dir": 2,
  	  	  	"time": 58807.3333333333,
  	  	  	"judgement": "good"
  	  	},
  	  	{
  	  	  	"press": false,
  	  	  	"dir": 0,
  	  	  	"time": 58807.3333333333,
  	  	  	"judgement": null
  	  	},
  	  	{
  	  	  	"press": false,
  	  	  	"dir": 2,
  	  	  	"time": 58907.3333333332,
  	  	  	"judgement": null
  	  	},
  	  	{
  	  	  	"press": true,
  	  	  	"dir": 0,
  	  	  	"time": 58973.9999999999,
  	  	  	"judgement": "good"
  	  	},
  	  	{
  	  	  	"press": false,
  	  	  	"dir": 0,
  	  	  	"time": 59040.6666666666,
  	  	  	"judgement": null
  	  	},
  	  	{
  	  	  	"press": true,
  	  	  	"dir": 3,
  	  	  	"time": 59073.9999999999,
  	  	  	"judgement": "sick"
  	  	},
  	  	{
  	  	  	"press": false,
  	  	  	"dir": 3,
  	  	  	"time": 59157.3333333332,
  	  	  	"judgement": null
  	  	},
  	  	{
  	  	  	"press": true,
  	  	  	"dir": 2,
  	  	  	"time": 59190.6666666665,
  	  	  	"judgement": "sick"
  	  	},
  	  	{
  	  	  	"press": true,
  	  	  	"dir": 0,
  	  	  	"time": 59340.6666666665,
  	  	  	"judgement": "sick"
  	  	},
  	  	{
  	  	  	"press": false,
  	  	  	"dir": 2,
  	  	  	"time": 59340.6666666665,
  	  	  	"judgement": null
  	  	},
  	  	{
  	  	  	"press": false,
  	  	  	"dir": 0,
  	  	  	"time": 59457.3333333332,
  	  	  	"judgement": null
  	  	},
  	  	{
  	  	  	"press": true,
  	  	  	"dir": 3,
  	  	  	"time": 59473.9999999998,
  	  	  	"judgement": "sick"
  	  	},
  	  	{
  	  	  	"press": false,
  	  	  	"dir": 3,
  	  	  	"time": 59647.3333333333,
  	  	  	"judgement": null
  	  	},
  	  	{
  	  	  	"press": true,
  	  	  	"dir": 0,
  	  	  	"time": 59664,
  	  	  	"judgement": "sick"
  	  	},
  	  	{
  	  	  	"press": false,
  	  	  	"dir": 0,
  	  	  	"time": 59797.3333333333,
  	  	  	"judgement": null
  	  	},
  	  	{
  	  	  	"press": true,
  	  	  	"dir": 2,
  	  	  	"time": 59814,
  	  	  	"judgement": "sick"
  	  	},
  	  	{
  	  	  	"press": false,
  	  	  	"dir": 2,
  	  	  	"time": 59930.6666666666,
  	  	  	"judgement": null
  	  	},
  	  	{
  	  	  	"press": true,
  	  	  	"dir": 3,
  	  	  	"time": 59963.9999999999,
  	  	  	"judgement": "sick"
  	  	},
  	  	{
  	  	  	"press": true,
  	  	  	"dir": 0,
  	  	  	"time": 60063.9999999999,
  	  	  	"judgement": "sick"
  	  	},
  	  	{
  	  	  	"press": false,
  	  	  	"dir": 3,
  	  	  	"time": 60063.9999999999,
  	  	  	"judgement": null
  	  	},
  	  	{
  	  	  	"press": false,
  	  	  	"dir": 0,
  	  	  	"time": 60180.6666666666,
  	  	  	"judgement": null
  	  	},
  	  	{
  	  	  	"press": true,
  	  	  	"dir": 3,
  	  	  	"time": 60230.6666666666,
  	  	  	"judgement": "sick"
  	  	},
  	  	{
  	  	  	"press": true,
  	  	  	"dir": 2,
  	  	  	"time": 60363.9999999999,
  	  	  	"judgement": "sick"
  	  	},
  	  	{
  	  	  	"press": false,
  	  	  	"dir": 3,
  	  	  	"time": 60380.6666666665,
  	  	  	"judgement": null
  	  	},
  	  	{
  	  	  	"press": false,
  	  	  	"dir": 2,
  	  	  	"time": 60463.9999999999,
  	  	  	"judgement": null
  	  	},
  	  	{
  	  	  	"press": true,
  	  	  	"dir": 0,
  	  	  	"time": 60513.9999999999,
  	  	  	"judgement": "sick"
  	  	},
  	  	{
  	  	  	"press": false,
  	  	  	"dir": 0,
  	  	  	"time": 60660.6666666667,
  	  	  	"judgement": null
  	  	},
  	  	{
  	  	  	"press": true,
  	  	  	"dir": 3,
  	  	  	"time": 60694,
  	  	  	"judgement": "sick"
  	  	},
  	  	{
  	  	  	"press": false,
  	  	  	"dir": 3,
  	  	  	"time": 60794,
  	  	  	"judgement": null
  	  	},
  	  	{
  	  	  	"press": true,
  	  	  	"dir": 0,
  	  	  	"time": 60844,
  	  	  	"judgement": "sick"
  	  	},
  	  	{
  	  	  	"press": true,
  	  	  	"dir": 1,
  	  	  	"time": 60944,
  	  	  	"judgement": "sick"
  	  	},
  	  	{
  	  	  	"press": false,
  	  	  	"dir": 0,
  	  	  	"time": 60960.6666666666,
  	  	  	"judgement": null
  	  	},
  	  	{
  	  	  	"press": true,
  	  	  	"dir": 3,
  	  	  	"time": 60993.9999999999,
  	  	  	"judgement": "sick"
  	  	},
  	  	{
  	  	  	"press": false,
  	  	  	"dir": 1,
  	  	  	"time": 61010.6666666666,
  	  	  	"judgement": null
  	  	},
  	  	{
  	  	  	"press": true,
  	  	  	"dir": 0,
  	  	  	"time": 61127.3333333333,
  	  	  	"judgement": "good"
  	  	},
  	  	{
  	  	  	"press": false,
  	  	  	"dir": 3,
  	  	  	"time": 61127.3333333333,
  	  	  	"judgement": null
  	  	},
  	  	{
  	  	  	"press": true,
  	  	  	"dir": 2,
  	  	  	"time": 61160.6666666666,
  	  	  	"judgement": "sick"
  	  	},
  	  	{
  	  	  	"press": false,
  	  	  	"dir": 0,
  	  	  	"time": 61227.3333333332,
  	  	  	"judgement": null
  	  	},
  	  	{
  	  	  	"press": false,
  	  	  	"dir": 2,
  	  	  	"time": 61243.9999999999,
  	  	  	"judgement": null
  	  	},
  	  	{
  	  	  	"press": true,
  	  	  	"dir": 0,
  	  	  	"time": 61343.9999999999,
  	  	  	"judgement": "good"
  	  	},
  	  	{
  	  	  	"press": true,
  	  	  	"dir": 3,
  	  	  	"time": 61454,
  	  	  	"judgement": "sick"
  	  	},
  	  	{
  	  	  	"press": false,
  	  	  	"dir": 0,
  	  	  	"time": 61470.6666666667,
  	  	  	"judgement": null
  	  	},
  	  	{
  	  	  	"press": false,
  	  	  	"dir": 3,
  	  	  	"time": 61554,
  	  	  	"judgement": null
  	  	},
  	  	{
  	  	  	"press": true,
  	  	  	"dir": 2,
  	  	  	"time": 61604,
  	  	  	"judgement": "sick"
  	  	},
  	  	{
  	  	  	"press": false,
  	  	  	"dir": 2,
  	  	  	"time": 61720.6666666666,
  	  	  	"judgement": null
  	  	},
  	  	{
  	  	  	"press": true,
  	  	  	"dir": 0,
  	  	  	"time": 61753.9999999999,
  	  	  	"judgement": "sick"
  	  	},
  	  	{
  	  	  	"press": false,
  	  	  	"dir": 0,
  	  	  	"time": 61887.3333333333,
  	  	  	"judgement": null
  	  	},
  	  	{
  	  	  	"press": true,
  	  	  	"dir": 3,
  	  	  	"time": 61920.6666666666,
  	  	  	"judgement": "sick"
  	  	},
  	  	{
  	  	  	"press": false,
  	  	  	"dir": 3,
  	  	  	"time": 62020.6666666666,
  	  	  	"judgement": null
  	  	},
  	  	{
  	  	  	"press": true,
  	  	  	"dir": 0,
  	  	  	"time": 62070.6666666666,
  	  	  	"judgement": "sick"
  	  	},
  	  	{
  	  	  	"press": true,
  	  	  	"dir": 2,
  	  	  	"time": 62187.3333333332,
  	  	  	"judgement": "sick"
  	  	},
  	  	{
  	  	  	"press": false,
  	  	  	"dir": 0,
  	  	  	"time": 62187.3333333332,
  	  	  	"judgement": null
  	  	},
  	  	{
  	  	  	"press": true,
  	  	  	"dir": 3,
  	  	  	"time": 62337.3333333332,
  	  	  	"judgement": "sick"
  	  	},
  	  	{
  	  	  	"press": false,
  	  	  	"dir": 2,
  	  	  	"time": 62337.3333333332,
  	  	  	"judgement": null
  	  	},
  	  	{
  	  	  	"press": false,
  	  	  	"dir": 3,
  	  	  	"time": 62420.6666666665,
  	  	  	"judgement": null
  	  	},
  	  	{
  	  	  	"press": true,
  	  	  	"dir": 0,
  	  	  	"time": 62453.9999999998,
  	  	  	"judgement": "sick"
  	  	},
  	  	{
  	  	  	"press": true,
  	  	  	"dir": 1,
  	  	  	"time": 62560.6666666667,
  	  	  	"judgement": "sick"
  	  	},
  	  	{
  	  	  	"press": false,
  	  	  	"dir": 0,
  	  	  	"time": 62594,
  	  	  	"judgement": null
  	  	},
  	  	{
  	  	  	"press": true,
  	  	  	"dir": 3,
  	  	  	"time": 62610.6666666667,
  	  	  	"judgement": "sick"
  	  	},
  	  	{
  	  	  	"press": false,
  	  	  	"dir": 1,
  	  	  	"time": 62664,
  	  	  	"judgement": null
  	  	},
  	  	{
  	  	  	"press": true,
  	  	  	"dir": 2,
  	  	  	"time": 62747.3333333333,
  	  	  	"judgement": "sick"
  	  	},
  	  	{
  	  	  	"press": false,
  	  	  	"dir": 3,
  	  	  	"time": 62797.3333333333,
  	  	  	"judgement": null
  	  	},
  	  	{
  	  	  	"press": true,
  	  	  	"dir": 0,
  	  	  	"time": 62814,
  	  	  	"judgement": "sick"
  	  	},
  	  	{
  	  	  	"press": false,
  	  	  	"dir": 2,
  	  	  	"time": 62830.6666666666,
  	  	  	"judgement": null
  	  	},
  	  	{
  	  	  	"press": true,
  	  	  	"dir": 1,
  	  	  	"time": 62880.6666666666,
  	  	  	"judgement": "sick"
  	  	},
  	  	{
  	  	  	"press": false,
  	  	  	"dir": 0,
  	  	  	"time": 62914,
  	  	  	"judgement": null
  	  	},
  	  	{
  	  	  	"press": true,
  	  	  	"dir": 3,
  	  	  	"time": 62964,
  	  	  	"judgement": "sick"
  	  	},
  	  	{
  	  	  	"press": false,
  	  	  	"dir": 1,
  	  	  	"time": 62964,
  	  	  	"judgement": null
  	  	},
  	  	{
  	  	  	"press": true,
  	  	  	"dir": 2,
  	  	  	"time": 63047.3333333333,
  	  	  	"judgement": "sick"
  	  	},
  	  	{
  	  	  	"press": false,
  	  	  	"dir": 3,
  	  	  	"time": 63080.6666666666,
  	  	  	"judgement": null
  	  	},
  	  	{
  	  	  	"press": true,
  	  	  	"dir": 0,
  	  	  	"time": 63130.6666666666,
  	  	  	"judgement": "sick"
  	  	},
  	  	{
  	  	  	"press": false,
  	  	  	"dir": 2,
  	  	  	"time": 63147.3333333333,
  	  	  	"judgement": null
  	  	},
  	  	{
  	  	  	"press": true,
  	  	  	"dir": 1,
  	  	  	"time": 63197.3333333333,
  	  	  	"judgement": "sick"
  	  	},
  	  	{
  	  	  	"press": false,
  	  	  	"dir": 0,
  	  	  	"time": 63213.9999999999,
  	  	  	"judgement": null
  	  	},
  	  	{
  	  	  	"press": false,
  	  	  	"dir": 1,
  	  	  	"time": 63263.9999999999,
  	  	  	"judgement": null
  	  	},
  	  	{
  	  	  	"press": true,
  	  	  	"dir": 3,
  	  	  	"time": 63280.6666666666,
  	  	  	"judgement": "sick"
  	  	},
  	  	{
  	  	  	"press": true,
  	  	  	"dir": 2,
  	  	  	"time": 63363.9999999999,
  	  	  	"judgement": "sick"
  	  	},
  	  	{
  	  	  	"press": false,
  	  	  	"dir": 3,
  	  	  	"time": 63397.3333333332,
  	  	  	"judgement": null
  	  	},
  	  	{
  	  	  	"press": true,
  	  	  	"dir": 0,
  	  	  	"time": 63430.6666666666,
  	  	  	"judgement": "sick"
  	  	},
  	  	{
  	  	  	"press": false,
  	  	  	"dir": 2,
  	  	  	"time": 63463.9999999999,
  	  	  	"judgement": null
  	  	},
  	  	{
  	  	  	"press": true,
  	  	  	"dir": 1,
  	  	  	"time": 63513.9999999999,
  	  	  	"judgement": "sick"
  	  	},
  	  	{
  	  	  	"press": false,
  	  	  	"dir": 0,
  	  	  	"time": 63547.3333333332,
  	  	  	"judgement": null
  	  	},
  	  	{
  	  	  	"press": false,
  	  	  	"dir": 1,
  	  	  	"time": 63547.3333333332,
  	  	  	"judgement": null
  	  	},
  	  	{
  	  	  	"press": true,
  	  	  	"dir": 3,
  	  	  	"time": 63563.9999999999,
  	  	  	"judgement": "sick"
  	  	},
  	  	{
  	  	  	"press": true,
  	  	  	"dir": 2,
  	  	  	"time": 63664,
  	  	  	"judgement": "sick"
  	  	},
  	  	{
  	  	  	"press": false,
  	  	  	"dir": 3,
  	  	  	"time": 63730.6666666667,
  	  	  	"judgement": null
  	  	},
  	  	{
  	  	  	"press": true,
  	  	  	"dir": 0,
  	  	  	"time": 63747.3333333333,
  	  	  	"judgement": "good"
  	  	},
  	  	{
  	  	  	"press": false,
  	  	  	"dir": 2,
  	  	  	"time": 63780.6666666666,
  	  	  	"judgement": null
  	  	},
  	  	{
  	  	  	"press": true,
  	  	  	"dir": 1,
  	  	  	"time": 63814,
  	  	  	"judgement": "sick"
  	  	},
  	  	{
  	  	  	"press": false,
  	  	  	"dir": 0,
  	  	  	"time": 63830.6666666666,
  	  	  	"judgement": null
  	  	},
  	  	{
  	  	  	"press": false,
  	  	  	"dir": 1,
  	  	  	"time": 63880.6666666666,
  	  	  	"judgement": null
  	  	},
  	  	{
  	  	  	"press": true,
  	  	  	"dir": 3,
  	  	  	"time": 63897.3333333333,
  	  	  	"judgement": "good"
  	  	},
  	  	{
  	  	  	"press": true,
  	  	  	"dir": 2,
  	  	  	"time": 63964,
  	  	  	"judgement": "sick"
  	  	},
  	  	{
  	  	  	"press": true,
  	  	  	"dir": 0,
  	  	  	"time": 64013.9999999999,
  	  	  	"judgement": "sick"
  	  	},
  	  	{
  	  	  	"press": false,
  	  	  	"dir": 3,
  	  	  	"time": 64013.9999999999,
  	  	  	"judgement": null
  	  	},
  	  	{
  	  	  	"press": false,
  	  	  	"dir": 2,
  	  	  	"time": 64063.9999999999,
  	  	  	"judgement": null
  	  	},
  	  	{
  	  	  	"press": true,
  	  	  	"dir": 1,
  	  	  	"time": 64097.3333333333,
  	  	  	"judgement": "sick"
  	  	},
  	  	{
  	  	  	"press": false,
  	  	  	"dir": 0,
  	  	  	"time": 64113.9999999999,
  	  	  	"judgement": null
  	  	},
  	  	{
  	  	  	"press": false,
  	  	  	"dir": 1,
  	  	  	"time": 64180.6666666667,
  	  	  	"judgement": null
  	  	},
  	  	{
  	  	  	"press": true,
  	  	  	"dir": 3,
  	  	  	"time": 64197.3333333333,
  	  	  	"judgement": "good"
  	  	},
  	  	{
  	  	  	"press": true,
  	  	  	"dir": 2,
  	  	  	"time": 64264,
  	  	  	"judgement": "sick"
  	  	},
  	  	{
  	  	  	"press": false,
  	  	  	"dir": 3,
  	  	  	"time": 64297.3333333333,
  	  	  	"judgement": null
  	  	},
  	  	{
  	  	  	"press": true,
  	  	  	"dir": 0,
  	  	  	"time": 64314,
  	  	  	"judgement": "good"
  	  	},
  	  	{
  	  	  	"press": false,
  	  	  	"dir": 2,
  	  	  	"time": 64330.6666666666,
  	  	  	"judgement": null
  	  	},
  	  	{
  	  	  	"press": false,
  	  	  	"dir": 0,
  	  	  	"time": 64347.3333333333,
  	  	  	"judgement": null
  	  	},
  	  	{
  	  	  	"press": true,
  	  	  	"dir": 3,
  	  	  	"time": 64464,
  	  	  	"judgement": "sick"
  	  	},
  	  	{
  	  	  	"press": true,
  	  	  	"dir": 2,
  	  	  	"time": 64530.6666666667,
  	  	  	"judgement": "sick"
  	  	},
  	  	{
  	  	  	"press": false,
  	  	  	"dir": 3,
  	  	  	"time": 64530.6666666667,
  	  	  	"judgement": null
  	  	},
  	  	{
  	  	  	"press": true,
  	  	  	"dir": 0,
  	  	  	"time": 64640.6666666667,
  	  	  	"judgement": "sick"
  	  	},
  	  	{
  	  	  	"press": false,
  	  	  	"dir": 2,
  	  	  	"time": 64640.6666666667,
  	  	  	"judgement": null
  	  	},
  	  	{
  	  	  	"press": true,
  	  	  	"dir": 1,
  	  	  	"time": 64707.3333333333,
  	  	  	"judgement": "sick"
  	  	},
  	  	{
  	  	  	"press": false,
  	  	  	"dir": 0,
  	  	  	"time": 64740.6666666666,
  	  	  	"judgement": null
  	  	},
  	  	{
  	  	  	"press": false,
  	  	  	"dir": 1,
  	  	  	"time": 64790.6666666666,
  	  	  	"judgement": null
  	  	},
  	  	{
  	  	  	"press": true,
  	  	  	"dir": 3,
  	  	  	"time": 64807.3333333333,
  	  	  	"judgement": "good"
  	  	},
  	  	{
  	  	  	"press": false,
  	  	  	"dir": 0,
  	  	  	"time": 64824,
  	  	  	"judgement": null
  	  	},
  	  	{
  	  	  	"press": false,
  	  	  	"dir": 1,
  	  	  	"time": 64824,
  	  	  	"judgement": null
  	  	},
  	  	{
  	  	  	"press": false,
  	  	  	"dir": 2,
  	  	  	"time": 64824,
  	  	  	"judgement": null
  	  	},
  	  	{
  	  	  	"press": false,
  	  	  	"dir": 3,
  	  	  	"time": 64824,
  	  	  	"judgement": null
  	  	},
  	  	{
  	  	  	"press": true,
  	  	  	"dir": 3,
  	  	  	"time": 64840.6666666666,
  	  	  	"judgement": null
  	  	},
  	  	{
  	  	  	"press": true,
  	  	  	"dir": 2,
  	  	  	"time": 64874,
  	  	  	"judgement": null
  	  	},
  	  	{
  	  	  	"press": false,
  	  	  	"dir": 0,
  	  	  	"time": 65740.6666666667,
  	  	  	"judgement": null
  	  	},
  	  	{
  	  	  	"press": false,
  	  	  	"dir": 1,
  	  	  	"time": 65740.6666666667,
  	  	  	"judgement": null
  	  	},
  	  	{
  	  	  	"press": false,
  	  	  	"dir": 2,
  	  	  	"time": 65740.6666666667,
  	  	  	"judgement": null
  	  	},
  	  	{
  	  	  	"press": false,
  	  	  	"dir": 3,
  	  	  	"time": 65740.6666666667,
  	  	  	"judgement": null
  	  	},
  	  	{
  	  	  	"press": true,
  	  	  	"dir": 3,
  	  	  	"time": 65757.3333333333,
  	  	  	"judgement": "bad"
  	  	},
  	  	{
  	  	  	"press": true,
  	  	  	"dir": 0,
  	  	  	"time": 65994,
  	  	  	"judgement": "bad"
  	  	},
  	  	{
  	  	  	"press": true,
  	  	  	"dir": 2,
  	  	  	"time": 65994,
  	  	  	"judgement": "sick"
  	  	},
  	  	{
  	  	  	"press": false,
  	  	  	"dir": 3,
  	  	  	"time": 66027.3333333334,
  	  	  	"judgement": null
  	  	},
  	  	{
  	  	  	"press": true,
  	  	  	"dir": 1,
  	  	  	"time": 66060.6666666667,
  	  	  	"judgement": "bad"
  	  	},
  	  	{
  	  	  	"press": false,
  	  	  	"dir": 0,
  	  	  	"time": 66077.3333333334,
  	  	  	"judgement": null
  	  	},
  	  	{
  	  	  	"press": false,
  	  	  	"dir": 2,
  	  	  	"time": 66077.3333333334,
  	  	  	"judgement": null
  	  	},
  	  	{
  	  	  	"press": false,
  	  	  	"dir": 1,
  	  	  	"time": 66144.0000000001,
  	  	  	"judgement": null
  	  	},
  	  	{
  	  	  	"press": true,
  	  	  	"dir": 3,
  	  	  	"time": 66177.3333333334,
  	  	  	"judgement": "good"
  	  	},
  	  	{
  	  	  	"press": true,
  	  	  	"dir": 2,
  	  	  	"time": 66264,
  	  	  	"judgement": "good"
  	  	},
  	  	{
  	  	  	"press": true,
  	  	  	"dir": 0,
  	  	  	"time": 66280.6666666667,
  	  	  	"judgement": "bad"
  	  	},
  	  	{
  	  	  	"press": false,
  	  	  	"dir": 3,
  	  	  	"time": 66297.3333333333,
  	  	  	"judgement": null
  	  	},
  	  	{
  	  	  	"press": true,
  	  	  	"dir": 1,
  	  	  	"time": 66330.6666666667,
  	  	  	"judgement": "shit"
  	  	},
  	  	{
  	  	  	"press": false,
  	  	  	"dir": 2,
  	  	  	"time": 66330.6666666667,
  	  	  	"judgement": null
  	  	},
  	  	{
  	  	  	"press": false,
  	  	  	"dir": 0,
  	  	  	"time": 66347.3333333334,
  	  	  	"judgement": null
  	  	},
  	  	{
  	  	  	"press": true,
  	  	  	"dir": 3,
  	  	  	"time": 66464,
  	  	  	"judgement": "good"
  	  	},
  	  	{
  	  	  	"press": false,
  	  	  	"dir": 1,
  	  	  	"time": 66464,
  	  	  	"judgement": null
  	  	},
  	  	{
  	  	  	"press": true,
  	  	  	"dir": 2,
  	  	  	"time": 66564,
  	  	  	"judgement": "good"
  	  	},
  	  	{
  	  	  	"press": false,
  	  	  	"dir": 3,
  	  	  	"time": 66580.6666666667,
  	  	  	"judgement": null
  	  	},
  	  	{
  	  	  	"press": true,
  	  	  	"dir": 0,
  	  	  	"time": 66664.0000000001,
  	  	  	"judgement": "sick"
  	  	},
  	  	{
  	  	  	"press": false,
  	  	  	"dir": 2,
  	  	  	"time": 66664.0000000001,
  	  	  	"judgement": null
  	  	},
  	  	{
  	  	  	"press": true,
  	  	  	"dir": 1,
  	  	  	"time": 66730.6666666667,
  	  	  	"judgement": null
  	  	},
  	  	{
  	  	  	"press": false,
  	  	  	"dir": 0,
  	  	  	"time": 66764.0000000001,
  	  	  	"judgement": null
  	  	},
  	  	{
  	  	  	"press": false,
  	  	  	"dir": 1,
  	  	  	"time": 66764.0000000001,
  	  	  	"judgement": null
  	  	},
  	  	{
  	  	  	"press": true,
  	  	  	"dir": 3,
  	  	  	"time": 66814.0000000001,
  	  	  	"judgement": "sick"
  	  	},
  	  	{
  	  	  	"press": true,
  	  	  	"dir": 0,
  	  	  	"time": 66914.0000000001,
  	  	  	"judgement": "good"
  	  	},
  	  	{
  	  	  	"press": false,
  	  	  	"dir": 3,
  	  	  	"time": 66914.0000000001,
  	  	  	"judgement": null
  	  	},
  	  	{
  	  	  	"press": true,
  	  	  	"dir": 3,
  	  	  	"time": 66980.6666666668,
  	  	  	"judgement": "good"
  	  	},
  	  	{
  	  	  	"press": false,
  	  	  	"dir": 0,
  	  	  	"time": 66980.6666666668,
  	  	  	"judgement": null
  	  	},
  	  	{
  	  	  	"press": true,
  	  	  	"dir": 2,
  	  	  	"time": 67064.0000000002,
  	  	  	"judgement": "good"
  	  	},
  	  	{
  	  	  	"press": false,
  	  	  	"dir": 3,
  	  	  	"time": 67097.3333333335,
  	  	  	"judgement": null
  	  	},
  	  	{
  	  	  	"press": true,
  	  	  	"dir": 1,
  	  	  	"time": 67130.6666666669,
  	  	  	"judgement": "good"
  	  	},
  	  	{
  	  	  	"press": false,
  	  	  	"dir": 2,
  	  	  	"time": 67164.0000000002,
  	  	  	"judgement": null
  	  	},
  	  	{
  	  	  	"press": true,
  	  	  	"dir": 0,
  	  	  	"time": 67214.0000000002,
  	  	  	"judgement": "good"
  	  	},
  	  	{
  	  	  	"press": false,
  	  	  	"dir": 1,
  	  	  	"time": 67247.3333333336,
  	  	  	"judgement": null
  	  	},
  	  	{
  	  	  	"press": true,
  	  	  	"dir": 2,
  	  	  	"time": 67314.0000000002,
  	  	  	"judgement": "sick"
  	  	},
  	  	{
  	  	  	"press": false,
  	  	  	"dir": 0,
  	  	  	"time": 67314.0000000002,
  	  	  	"judgement": null
  	  	},
  	  	{
  	  	  	"press": false,
  	  	  	"dir": 2,
  	  	  	"time": 68727.3333333334,
  	  	  	"judgement": null
  	  	},
  	  	{
  	  	  	"press": true,
  	  	  	"dir": 0,
  	  	  	"time": 69660.666666667,
  	  	  	"judgement": "sick"
  	  	},
  	  	{
  	  	  	"press": true,
  	  	  	"dir": 1,
  	  	  	"time": 69790.6666666667,
  	  	  	"judgement": "sick"
  	  	},
  	  	{
  	  	  	"press": false,
  	  	  	"dir": 0,
  	  	  	"time": 69807.3333333334,
  	  	  	"judgement": null
  	  	},
  	  	{
  	  	  	"press": false,
  	  	  	"dir": 1,
  	  	  	"time": 69857.3333333334,
  	  	  	"judgement": null
  	  	},
  	  	{
  	  	  	"press": true,
  	  	  	"dir": 3,
  	  	  	"time": 69874,
  	  	  	"judgement": "sick"
  	  	},
  	  	{
  	  	  	"press": true,
  	  	  	"dir": 2,
  	  	  	"time": 69940.6666666667,
  	  	  	"judgement": "sick"
  	  	},
  	  	{
  	  	  	"press": false,
  	  	  	"dir": 3,
  	  	  	"time": 69990.6666666667,
  	  	  	"judgement": null
  	  	},
  	  	{
  	  	  	"press": true,
  	  	  	"dir": 0,
  	  	  	"time": 70024.0000000001,
  	  	  	"judgement": "sick"
  	  	},
  	  	{
  	  	  	"press": false,
  	  	  	"dir": 2,
  	  	  	"time": 70024.0000000001,
  	  	  	"judgement": null
  	  	},
  	  	{
  	  	  	"press": false,
  	  	  	"dir": 0,
  	  	  	"time": 70074.0000000001,
  	  	  	"judgement": null
  	  	},
  	  	{
  	  	  	"press": true,
  	  	  	"dir": 3,
  	  	  	"time": 70107.3333333334,
  	  	  	"judgement": "sick"
  	  	},
  	  	{
  	  	  	"press": true,
  	  	  	"dir": 1,
  	  	  	"time": 70124.0000000001,
  	  	  	"judgement": "sick"
  	  	},
  	  	{
  	  	  	"press": false,
  	  	  	"dir": 3,
  	  	  	"time": 70157.3333333335,
  	  	  	"judgement": null
  	  	},
  	  	{
  	  	  	"press": true,
  	  	  	"dir": 0,
  	  	  	"time": 70190.6666666668,
  	  	  	"judgement": "sick"
  	  	},
  	  	{
  	  	  	"press": false,
  	  	  	"dir": 1,
  	  	  	"time": 70260.6666666667,
  	  	  	"judgement": null
  	  	},
  	  	{
  	  	  	"press": true,
  	  	  	"dir": 2,
  	  	  	"time": 70310.6666666667,
  	  	  	"judgement": "sick"
  	  	},
  	  	{
  	  	  	"press": false,
  	  	  	"dir": 0,
  	  	  	"time": 70310.6666666667,
  	  	  	"judgement": null
  	  	},
  	  	{
  	  	  	"press": true,
  	  	  	"dir": 3,
  	  	  	"time": 70344,
  	  	  	"judgement": "sick"
  	  	},
  	  	{
  	  	  	"press": false,
  	  	  	"dir": 2,
  	  	  	"time": 70404,
  	  	  	"judgement": null
  	  	},
  	  	{
  	  	  	"press": false,
  	  	  	"dir": 3,
  	  	  	"time": 70420.6666666667,
  	  	  	"judgement": null
  	  	},
  	  	{
  	  	  	"press": true,
  	  	  	"dir": 0,
  	  	  	"time": 70437.3333333333,
  	  	  	"judgement": "sick"
  	  	},
  	  	{
  	  	  	"press": true,
  	  	  	"dir": 3,
  	  	  	"time": 70544,
  	  	  	"judgement": "sick"
  	  	},
  	  	{
  	  	  	"press": false,
  	  	  	"dir": 0,
  	  	  	"time": 70544,
  	  	  	"judgement": null
  	  	},
  	  	{
  	  	  	"press": true,
  	  	  	"dir": 2,
  	  	  	"time": 70627.3333333334,
  	  	  	"judgement": "sick"
  	  	},
  	  	{
  	  	  	"press": false,
  	  	  	"dir": 3,
  	  	  	"time": 70644,
  	  	  	"judgement": null
  	  	},
  	  	{
  	  	  	"press": true,
  	  	  	"dir": 0,
  	  	  	"time": 70660.6666666667,
  	  	  	"judgement": "sick"
  	  	},
  	  	{
  	  	  	"press": false,
  	  	  	"dir": 2,
  	  	  	"time": 70694,
  	  	  	"judgement": null
  	  	},
  	  	{
  	  	  	"press": false,
  	  	  	"dir": 0,
  	  	  	"time": 70764,
  	  	  	"judgement": null
  	  	},
  	  	{
  	  	  	"press": true,
  	  	  	"dir": 3,
  	  	  	"time": 70797.3333333333,
  	  	  	"judgement": "good"
  	  	},
  	  	{
  	  	  	"press": true,
  	  	  	"dir": 0,
  	  	  	"time": 70847.3333333334,
  	  	  	"judgement": "sick"
  	  	},
  	  	{
  	  	  	"press": false,
  	  	  	"dir": 3,
  	  	  	"time": 70864,
  	  	  	"judgement": null
  	  	},
  	  	{
  	  	  	"press": false,
  	  	  	"dir": 0,
  	  	  	"time": 70914,
  	  	  	"judgement": null
  	  	},
  	  	{
  	  	  	"press": true,
  	  	  	"dir": 3,
  	  	  	"time": 70947.3333333334,
  	  	  	"judgement": "good"
  	  	},
  	  	{
  	  	  	"press": true,
  	  	  	"dir": 0,
  	  	  	"time": 70980.6666666667,
  	  	  	"judgement": "sick"
  	  	},
  	  	{
  	  	  	"press": false,
  	  	  	"dir": 3,
  	  	  	"time": 70997.3333333334,
  	  	  	"judgement": null
  	  	},
  	  	{
  	  	  	"press": false,
  	  	  	"dir": 0,
  	  	  	"time": 71047.3333333334,
  	  	  	"judgement": null
  	  	},
  	  	{
  	  	  	"press": true,
  	  	  	"dir": 2,
  	  	  	"time": 71097.3333333334,
  	  	  	"judgement": "good"
  	  	},
  	  	{
  	  	  	"press": true,
  	  	  	"dir": 0,
  	  	  	"time": 71197.3333333335,
  	  	  	"judgement": "sick"
  	  	},
  	  	{
  	  	  	"press": true,
  	  	  	"dir": 3,
  	  	  	"time": 71214.0000000001,
  	  	  	"judgement": "bad"
  	  	},
  	  	{
  	  	  	"press": false,
  	  	  	"dir": 2,
  	  	  	"time": 71214.0000000001,
  	  	  	"judgement": null
  	  	},
  	  	{
  	  	  	"press": false,
  	  	  	"dir": 3,
  	  	  	"time": 71264.0000000001,
  	  	  	"judgement": null
  	  	},
  	  	{
  	  	  	"press": true,
  	  	  	"dir": 1,
  	  	  	"time": 71280.6666666668,
  	  	  	"judgement": "sick"
  	  	},
  	  	{
  	  	  	"press": false,
  	  	  	"dir": 0,
  	  	  	"time": 71297.3333333335,
  	  	  	"judgement": null
  	  	},
  	  	{
  	  	  	"press": false,
  	  	  	"dir": 1,
  	  	  	"time": 71380.6666666667,
  	  	  	"judgement": null
  	  	},
  	  	{
  	  	  	"press": true,
  	  	  	"dir": 3,
  	  	  	"time": 71397.3333333333,
  	  	  	"judgement": "good"
  	  	},
  	  	{
  	  	  	"press": true,
  	  	  	"dir": 2,
  	  	  	"time": 71464,
  	  	  	"judgement": "sick"
  	  	},
  	  	{
  	  	  	"press": false,
  	  	  	"dir": 3,
  	  	  	"time": 71480.6666666667,
  	  	  	"judgement": null
  	  	},
  	  	{
  	  	  	"press": true,
  	  	  	"dir": 0,
  	  	  	"time": 71514,
  	  	  	"judgement": "sick"
  	  	},
  	  	{
  	  	  	"press": false,
  	  	  	"dir": 2,
  	  	  	"time": 71530.6666666667,
  	  	  	"judgement": null
  	  	},
  	  	{
  	  	  	"press": true,
  	  	  	"dir": 1,
  	  	  	"time": 71604,
  	  	  	"judgement": "sick"
  	  	},
  	  	{
  	  	  	"press": true,
  	  	  	"dir": 3,
  	  	  	"time": 71620.6666666667,
  	  	  	"judgement": "sick"
  	  	},
  	  	{
  	  	  	"press": false,
  	  	  	"dir": 0,
  	  	  	"time": 71620.6666666667,
  	  	  	"judgement": null
  	  	},
  	  	{
  	  	  	"press": false,
  	  	  	"dir": 1,
  	  	  	"time": 71684,
  	  	  	"judgement": null
  	  	},
  	  	{
  	  	  	"press": true,
  	  	  	"dir": 2,
  	  	  	"time": 71717.3333333333,
  	  	  	"judgement": "sick"
  	  	},
  	  	{
  	  	  	"press": false,
  	  	  	"dir": 3,
  	  	  	"time": 71767.3333333334,
  	  	  	"judgement": null
  	  	},
  	  	{
  	  	  	"press": true,
  	  	  	"dir": 0,
  	  	  	"time": 71817.3333333334,
  	  	  	"judgement": "sick"
  	  	},
  	  	{
  	  	  	"press": false,
  	  	  	"dir": 2,
  	  	  	"time": 71834,
  	  	  	"judgement": null
  	  	},
  	  	{
  	  	  	"press": true,
  	  	  	"dir": 1,
  	  	  	"time": 71900.6666666667,
  	  	  	"judgement": "sick"
  	  	},
  	  	{
  	  	  	"press": false,
  	  	  	"dir": 0,
  	  	  	"time": 71917.3333333334,
  	  	  	"judgement": null
  	  	},
  	  	{
  	  	  	"press": true,
  	  	  	"dir": 3,
  	  	  	"time": 71934.0000000001,
  	  	  	"judgement": "sick"
  	  	},
  	  	{
  	  	  	"press": false,
  	  	  	"dir": 1,
  	  	  	"time": 71967.3333333334,
  	  	  	"judgement": null
  	  	},
  	  	{
  	  	  	"press": true,
  	  	  	"dir": 2,
  	  	  	"time": 72017.3333333334,
  	  	  	"judgement": "sick"
  	  	},
  	  	{
  	  	  	"press": false,
  	  	  	"dir": 3,
  	  	  	"time": 72050.6666666668,
  	  	  	"judgement": null
  	  	},
  	  	{
  	  	  	"press": false,
  	  	  	"dir": 2,
  	  	  	"time": 72084.0000000001,
  	  	  	"judgement": null
  	  	},
  	  	{
  	  	  	"press": true,
  	  	  	"dir": 2,
  	  	  	"time": 74524,
  	  	  	"judgement": "sick"
  	  	},
  	  	{
  	  	  	"press": true,
  	  	  	"dir": 3,
  	  	  	"time": 74574,
  	  	  	"judgement": "sick"
  	  	},
  	  	{
  	  	  	"press": false,
  	  	  	"dir": 2,
  	  	  	"time": 74590.6666666667,
  	  	  	"judgement": null
  	  	},
  	  	{
  	  	  	"press": true,
  	  	  	"dir": 0,
  	  	  	"time": 74624,
  	  	  	"judgement": "sick"
  	  	},
  	  	{
  	  	  	"press": false,
  	  	  	"dir": 3,
  	  	  	"time": 74684,
  	  	  	"judgement": null
  	  	},
  	  	{
  	  	  	"press": true,
  	  	  	"dir": 1,
  	  	  	"time": 74700.6666666667,
  	  	  	"judgement": "sick"
  	  	},
  	  	{
  	  	  	"press": false,
  	  	  	"dir": 0,
  	  	  	"time": 74717.3333333333,
  	  	  	"judgement": null
  	  	},
  	  	{
  	  	  	"press": true,
  	  	  	"dir": 3,
  	  	  	"time": 74734,
  	  	  	"judgement": "sick"
  	  	},
  	  	{
  	  	  	"press": false,
  	  	  	"dir": 1,
  	  	  	"time": 74750.6666666667,
  	  	  	"judgement": null
  	  	},
  	  	{
  	  	  	"press": true,
  	  	  	"dir": 2,
  	  	  	"time": 74824,
  	  	  	"judgement": "sick"
  	  	},
  	  	{
  	  	  	"press": false,
  	  	  	"dir": 3,
  	  	  	"time": 74857.3333333333,
  	  	  	"judgement": null
  	  	},
  	  	{
  	  	  	"press": true,
  	  	  	"dir": 0,
  	  	  	"time": 74874,
  	  	  	"judgement": "sick"
  	  	},
  	  	{
  	  	  	"press": false,
  	  	  	"dir": 2,
  	  	  	"time": 74907.3333333334,
  	  	  	"judgement": null
  	  	},
  	  	{
  	  	  	"press": true,
  	  	  	"dir": 3,
  	  	  	"time": 74957.3333333334,
  	  	  	"judgement": "sick"
  	  	},
  	  	{
  	  	  	"press": false,
  	  	  	"dir": 0,
  	  	  	"time": 74974,
  	  	  	"judgement": null
  	  	},
  	  	{
  	  	  	"press": true,
  	  	  	"dir": 2,
  	  	  	"time": 75024.0000000001,
  	  	  	"judgement": "sick"
  	  	},
  	  	{
  	  	  	"press": true,
  	  	  	"dir": 0,
  	  	  	"time": 75040.6666666667,
  	  	  	"judgement": "good"
  	  	},
  	  	{
  	  	  	"press": false,
  	  	  	"dir": 3,
  	  	  	"time": 75040.6666666667,
  	  	  	"judgement": null
  	  	},
  	  	{
  	  	  	"press": false,
  	  	  	"dir": 2,
  	  	  	"time": 75090.6666666667,
  	  	  	"judgement": null
  	  	},
  	  	{
  	  	  	"press": true,
  	  	  	"dir": 3,
  	  	  	"time": 75107.3333333334,
  	  	  	"judgement": "sick"
  	  	},
  	  	{
  	  	  	"press": false,
  	  	  	"dir": 0,
  	  	  	"time": 75124.0000000001,
  	  	  	"judgement": null
  	  	},
  	  	{
  	  	  	"press": true,
  	  	  	"dir": 1,
  	  	  	"time": 75157.3333333334,
  	  	  	"judgement": "sick"
  	  	},
  	  	{
  	  	  	"press": true,
  	  	  	"dir": 2,
  	  	  	"time": 75207.3333333334,
  	  	  	"judgement": "sick"
  	  	},
  	  	{
  	  	  	"press": false,
  	  	  	"dir": 3,
  	  	  	"time": 75224.0000000001,
  	  	  	"judgement": null
  	  	},
  	  	{
  	  	  	"press": true,
  	  	  	"dir": 0,
  	  	  	"time": 75257.3333333335,
  	  	  	"judgement": "good"
  	  	},
  	  	{
  	  	  	"press": false,
  	  	  	"dir": 1,
  	  	  	"time": 75257.3333333335,
  	  	  	"judgement": null
  	  	},
  	  	{
  	  	  	"press": false,
  	  	  	"dir": 2,
  	  	  	"time": 75257.3333333335,
  	  	  	"judgement": null
  	  	},
  	  	{
  	  	  	"press": true,
  	  	  	"dir": 3,
  	  	  	"time": 75274.0000000001,
  	  	  	"judgement": "good"
  	  	},
  	  	{
  	  	  	"press": false,
  	  	  	"dir": 0,
  	  	  	"time": 75274.0000000001,
  	  	  	"judgement": null
  	  	},
  	  	{
  	  	  	"press": true,
  	  	  	"dir": 1,
  	  	  	"time": 75374.0000000002,
  	  	  	"judgement": "sick"
  	  	},
  	  	{
  	  	  	"press": false,
  	  	  	"dir": 3,
  	  	  	"time": 75374.0000000002,
  	  	  	"judgement": null
  	  	},
  	  	{
  	  	  	"press": true,
  	  	  	"dir": 3,
  	  	  	"time": 75489.6666666667,
  	  	  	"judgement": "good"
  	  	},
  	  	{
  	  	  	"press": false,
  	  	  	"dir": 0,
  	  	  	"time": 75489.6666666667,
  	  	  	"judgement": null
  	  	},
  	  	{
  	  	  	"press": false,
  	  	  	"dir": 1,
  	  	  	"time": 75489.6666666667,
  	  	  	"judgement": null
  	  	},
  	  	{
  	  	  	"press": false,
  	  	  	"dir": 3,
  	  	  	"time": 75506.3333333334,
  	  	  	"judgement": null
  	  	},
  	  	{
  	  	  	"press": true,
  	  	  	"dir": 2,
  	  	  	"time": 75523,
  	  	  	"judgement": "bad"
  	  	},
  	  	{
  	  	  	"press": true,
  	  	  	"dir": 1,
  	  	  	"time": 75693,
  	  	  	"judgement": "sick"
  	  	},
  	  	{
  	  	  	"press": false,
  	  	  	"dir": 2,
  	  	  	"time": 75709.6666666667,
  	  	  	"judgement": null
  	  	},
  	  	{
  	  	  	"press": true,
  	  	  	"dir": 0,
  	  	  	"time": 75743,
  	  	  	"judgement": "sick"
  	  	},
  	  	{
  	  	  	"press": false,
  	  	  	"dir": 1,
  	  	  	"time": 75743,
  	  	  	"judgement": null
  	  	},
  	  	{
  	  	  	"press": true,
  	  	  	"dir": 3,
  	  	  	"time": 75879.6666666667,
  	  	  	"judgement": "sick"
  	  	},
  	  	{
  	  	  	"press": false,
  	  	  	"dir": 0,
  	  	  	"time": 75879.6666666667,
  	  	  	"judgement": null
  	  	},
  	  	{
  	  	  	"press": true,
  	  	  	"dir": 2,
  	  	  	"time": 75963,
  	  	  	"judgement": "sick"
  	  	},
  	  	{
  	  	  	"press": false,
  	  	  	"dir": 3,
  	  	  	"time": 75996.3333333334,
  	  	  	"judgement": null
  	  	},
  	  	{
  	  	  	"press": true,
  	  	  	"dir": 0,
  	  	  	"time": 76029.6666666667,
  	  	  	"judgement": "sick"
  	  	},
  	  	{
  	  	  	"press": false,
  	  	  	"dir": 2,
  	  	  	"time": 76046.3333333334,
  	  	  	"judgement": null
  	  	},
  	  	{
  	  	  	"press": true,
  	  	  	"dir": 1,
  	  	  	"time": 76129.6666666667,
  	  	  	"judgement": "good"
  	  	},
  	  	{
  	  	  	"press": false,
  	  	  	"dir": 0,
  	  	  	"time": 76146.3333333334,
  	  	  	"judgement": null
  	  	},
  	  	{
  	  	  	"press": true,
  	  	  	"dir": 2,
  	  	  	"time": 76196.3333333334,
  	  	  	"judgement": "good"
  	  	},
  	  	{
  	  	  	"press": false,
  	  	  	"dir": 1,
  	  	  	"time": 76196.3333333334,
  	  	  	"judgement": null
  	  	},
  	  	{
  	  	  	"press": true,
  	  	  	"dir": 3,
  	  	  	"time": 76279.6666666668,
  	  	  	"judgement": "good"
  	  	},
  	  	{
  	  	  	"press": false,
  	  	  	"dir": 2,
  	  	  	"time": 76296.3333333335,
  	  	  	"judgement": null
  	  	},
  	  	{
  	  	  	"press": true,
  	  	  	"dir": 1,
  	  	  	"time": 76346.3333333335,
  	  	  	"judgement": "good"
  	  	},
  	  	{
  	  	  	"press": true,
  	  	  	"dir": 2,
  	  	  	"time": 76396.3333333335,
  	  	  	"judgement": "sick"
  	  	},
  	  	{
  	  	  	"press": false,
  	  	  	"dir": 3,
  	  	  	"time": 76396.3333333335,
  	  	  	"judgement": null
  	  	},
  	  	{
  	  	  	"press": false,
  	  	  	"dir": 1,
  	  	  	"time": 76446.3333333335,
  	  	  	"judgement": null
  	  	},
  	  	{
  	  	  	"press": false,
  	  	  	"dir": 2,
  	  	  	"time": 76479.6666666668,
  	  	  	"judgement": null
  	  	},
  	  	{
  	  	  	"press": true,
  	  	  	"dir": 1,
  	  	  	"time": 76546.3333333335,
  	  	  	"judgement": "sick"
  	  	},
  	  	{
  	  	  	"press": true,
  	  	  	"dir": 0,
  	  	  	"time": 76563.0000000002,
  	  	  	"judgement": "bad"
  	  	},
  	  	{
  	  	  	"press": true,
  	  	  	"dir": 3,
  	  	  	"time": 76563.0000000002,
  	  	  	"judgement": "sick"
  	  	},
  	  	{
  	  	  	"press": false,
  	  	  	"dir": 1,
  	  	  	"time": 76623,
  	  	  	"judgement": null
  	  	},
  	  	{
  	  	  	"press": false,
  	  	  	"dir": 0,
  	  	  	"time": 76639.6666666667,
  	  	  	"judgement": null
  	  	},
  	  	{
  	  	  	"press": true,
  	  	  	"dir": 2,
  	  	  	"time": 76656.3333333333,
  	  	  	"judgement": "bad"
  	  	},
  	  	{
  	  	  	"press": false,
  	  	  	"dir": 3,
  	  	  	"time": 76673,
  	  	  	"judgement": null
  	  	},
  	  	{
  	  	  	"press": true,
  	  	  	"dir": 0,
  	  	  	"time": 76689.6666666667,
  	  	  	"judgement": "sick"
  	  	},
  	  	{
  	  	  	"press": false,
  	  	  	"dir": 2,
  	  	  	"time": 76689.6666666667,
  	  	  	"judgement": null
  	  	},
  	  	{
  	  	  	"press": false,
  	  	  	"dir": 0,
  	  	  	"time": 76799.6666666667,
  	  	  	"judgement": null
  	  	},
  	  	{
  	  	  	"press": true,
  	  	  	"dir": 1,
  	  	  	"time": 76866.3333333334,
  	  	  	"judgement": "sick"
  	  	},
  	  	{
  	  	  	"press": true,
  	  	  	"dir": 0,
  	  	  	"time": 76916.3333333334,
  	  	  	"judgement": "sick"
  	  	},
  	  	{
  	  	  	"press": false,
  	  	  	"dir": 1,
  	  	  	"time": 76966.3333333334,
  	  	  	"judgement": null
  	  	},
  	  	{
  	  	  	"press": false,
  	  	  	"dir": 0,
  	  	  	"time": 77673,
  	  	  	"judgement": null
  	  	},
  	  	{
  	  	  	"press": true,
  	  	  	"dir": 3,
  	  	  	"time": 78056.3333333334,
  	  	  	"judgement": null
  	  	},
  	  	{
  	  	  	"press": true,
  	  	  	"dir": 1,
  	  	  	"time": 78089.6666666667,
  	  	  	"judgement": null
  	  	},
  	  	{
  	  	  	"press": true,
  	  	  	"dir": 2,
  	  	  	"time": 78106.3333333334,
  	  	  	"judgement": null
  	  	},
  	  	{
  	  	  	"press": true,
  	  	  	"dir": 0,
  	  	  	"time": 78156.3333333334,
  	  	  	"judgement": null
  	  	},
  	  	{
  	  	  	"press": false,
  	  	  	"dir": 1,
  	  	  	"time": 78189.6666666668,
  	  	  	"judgement": null
  	  	},
  	  	{
  	  	  	"press": false,
  	  	  	"dir": 3,
  	  	  	"time": 78206.3333333334,
  	  	  	"judgement": null
  	  	},
  	  	{
  	  	  	"press": false,
  	  	  	"dir": 2,
  	  	  	"time": 78239.6666666668,
  	  	  	"judgement": null
  	  	},
  	  	{
  	  	  	"press": false,
  	  	  	"dir": 0,
  	  	  	"time": 78306.3333333335,
  	  	  	"judgement": null
  	  	},
  	  	{
  	  	  	"press": true,
  	  	  	"dir": 0,
  	  	  	"time": 78439.6666666668,
  	  	  	"judgement": null
  	  	},
  	  	{
  	  	  	"press": true,
  	  	  	"dir": 3,
  	  	  	"time": 78439.6666666668,
  	  	  	"judgement": null
  	  	},
  	  	{
  	  	  	"press": true,
  	  	  	"dir": 1,
  	  	  	"time": 78489.6666666669,
  	  	  	"judgement": null
  	  	},
  	  	{
  	  	  	"press": true,
  	  	  	"dir": 2,
  	  	  	"time": 78489.6666666669,
  	  	  	"judgement": null
  	  	},
  	  	{
  	  	  	"press": false,
  	  	  	"dir": 0,
  	  	  	"time": 78556.3333333335,
  	  	  	"judgement": null
  	  	},
  	  	{
  	  	  	"press": false,
  	  	  	"dir": 3,
  	  	  	"time": 78556.3333333335,
  	  	  	"judgement": null
  	  	},
  	  	{
  	  	  	"press": false,
  	  	  	"dir": 2,
  	  	  	"time": 78606.3333333336,
  	  	  	"judgement": null
  	  	},
  	  	{
  	  	  	"press": false,
  	  	  	"dir": 1,
  	  	  	"time": 78623.0000000002,
  	  	  	"judgement": null
  	  	},
  	  	{
  	  	  	"press": true,
  	  	  	"dir": 0,
  	  	  	"time": 78706.3333333336,
  	  	  	"judgement": null
  	  	},
  	  	{
  	  	  	"press": true,
  	  	  	"dir": 3,
  	  	  	"time": 78706.3333333336,
  	  	  	"judgement": null
  	  	},
  	  	{
  	  	  	"press": true,
  	  	  	"dir": 1,
  	  	  	"time": 78773.0000000003,
  	  	  	"judgement": null
  	  	},
  	  	{
  	  	  	"press": true,
  	  	  	"dir": 2,
  	  	  	"time": 78773.0000000003,
  	  	  	"judgement": null
  	  	},
  	  	{
  	  	  	"press": false,
  	  	  	"dir": 0,
  	  	  	"time": 78806.3333333336,
  	  	  	"judgement": null
  	  	},
  	  	{
  	  	  	"press": false,
  	  	  	"dir": 3,
  	  	  	"time": 78806.3333333336,
  	  	  	"judgement": null
  	  	},
  	  	{
  	  	  	"press": false,
  	  	  	"dir": 1,
  	  	  	"time": 78839.666666667,
  	  	  	"judgement": null
  	  	},
  	  	{
  	  	  	"press": false,
  	  	  	"dir": 2,
  	  	  	"time": 78873.0000000003,
  	  	  	"judgement": null
  	  	},
  	  	{
  	  	  	"press": true,
  	  	  	"dir": 0,
  	  	  	"time": 78973.0000000003,
  	  	  	"judgement": null
  	  	},
  	  	{
  	  	  	"press": true,
  	  	  	"dir": 3,
  	  	  	"time": 79023.0000000003,
  	  	  	"judgement": null
  	  	},
  	  	{
  	  	  	"press": true,
  	  	  	"dir": 1,
  	  	  	"time": 79039.666666667,
  	  	  	"judgement": null
  	  	},
  	  	{
  	  	  	"press": true,
  	  	  	"dir": 2,
  	  	  	"time": 79056.3333333337,
  	  	  	"judgement": null
  	  	},
  	  	{
  	  	  	"press": false,
  	  	  	"dir": 0,
  	  	  	"time": 79056.3333333337,
  	  	  	"judgement": null
  	  	},
  	  	{
  	  	  	"press": false,
  	  	  	"dir": 1,
  	  	  	"time": 79123.0000000004,
  	  	  	"judgement": null
  	  	},
  	  	{
  	  	  	"press": false,
  	  	  	"dir": 3,
  	  	  	"time": 79123.0000000004,
  	  	  	"judgement": null
  	  	},
  	  	{
  	  	  	"press": false,
  	  	  	"dir": 2,
  	  	  	"time": 79156.3333333337,
  	  	  	"judgement": null
  	  	},
  	  	{
  	  	  	"press": true,
  	  	  	"dir": 0,
  	  	  	"time": 79289.6666666671,
  	  	  	"judgement": "sick"
  	  	},
  	  	{
  	  	  	"press": true,
  	  	  	"dir": 1,
  	  	  	"time": 79356.3333333338,
  	  	  	"judgement": "sick"
  	  	},
  	  	{
  	  	  	"press": false,
  	  	  	"dir": 0,
  	  	  	"time": 79373.0000000005,
  	  	  	"judgement": null
  	  	},
  	  	{
  	  	  	"press": true,
  	  	  	"dir": 3,
  	  	  	"time": 79406.3333333338,
  	  	  	"judgement": "sick"
  	  	},
  	  	{
  	  	  	"press": false,
  	  	  	"dir": 1,
  	  	  	"time": 79406.3333333338,
  	  	  	"judgement": null
  	  	},
  	  	{
  	  	  	"press": true,
  	  	  	"dir": 2,
  	  	  	"time": 79516.3333333333,
  	  	  	"judgement": "sick"
  	  	},
  	  	{
  	  	  	"press": false,
  	  	  	"dir": 3,
  	  	  	"time": 79533,
  	  	  	"judgement": null
  	  	},
  	  	{
  	  	  	"press": true,
  	  	  	"dir": 0,
  	  	  	"time": 79549.6666666667,
  	  	  	"judgement": "good"
  	  	},
  	  	{
  	  	  	"press": false,
  	  	  	"dir": 2,
  	  	  	"time": 79549.6666666667,
  	  	  	"judgement": null
  	  	},
  	  	{
  	  	  	"press": true,
  	  	  	"dir": 1,
  	  	  	"time": 79566.3333333334,
  	  	  	"judgement": "bad"
  	  	},
  	  	{
  	  	  	"press": false,
  	  	  	"dir": 0,
  	  	  	"time": 79703,
  	  	  	"judgement": null
  	  	},
  	  	{
  	  	  	"press": false,
  	  	  	"dir": 1,
  	  	  	"time": 79719.6666666667,
  	  	  	"judgement": null
  	  	},
  	  	{
  	  	  	"press": true,
  	  	  	"dir": 3,
  	  	  	"time": 79736.3333333333,
  	  	  	"judgement": "sick"
  	  	},
  	  	{
  	  	  	"press": true,
  	  	  	"dir": 2,
  	  	  	"time": 79786.3333333334,
  	  	  	"judgement": "sick"
  	  	},
  	  	{
  	  	  	"press": false,
  	  	  	"dir": 3,
  	  	  	"time": 79843,
  	  	  	"judgement": null
  	  	},
  	  	{
  	  	  	"press": true,
  	  	  	"dir": 0,
  	  	  	"time": 79926.3333333334,
  	  	  	"judgement": "sick"
  	  	},
  	  	{
  	  	  	"press": false,
  	  	  	"dir": 2,
  	  	  	"time": 79926.3333333334,
  	  	  	"judgement": null
  	  	},
  	  	{
  	  	  	"press": true,
  	  	  	"dir": 3,
  	  	  	"time": 80043.0000000001,
  	  	  	"judgement": "good"
  	  	},
  	  	{
  	  	  	"press": false,
  	  	  	"dir": 0,
  	  	  	"time": 80043.0000000001,
  	  	  	"judgement": null
  	  	},
  	  	{
  	  	  	"press": true,
  	  	  	"dir": 2,
  	  	  	"time": 80093.0000000001,
  	  	  	"judgement": "good"
  	  	},
  	  	{
  	  	  	"press": false,
  	  	  	"dir": 3,
  	  	  	"time": 80126.3333333334,
  	  	  	"judgement": null
  	  	},
  	  	{
  	  	  	"press": true,
  	  	  	"dir": 1,
  	  	  	"time": 80143.0000000001,
  	  	  	"judgement": "sick"
  	  	},
  	  	{
  	  	  	"press": false,
  	  	  	"dir": 2,
  	  	  	"time": 80193.0000000001,
  	  	  	"judgement": null
  	  	},
  	  	{
  	  	  	"press": true,
  	  	  	"dir": 0,
  	  	  	"time": 80209.6666666668,
  	  	  	"judgement": "sick"
  	  	},
  	  	{
  	  	  	"press": false,
  	  	  	"dir": 1,
  	  	  	"time": 80243.0000000001,
  	  	  	"judgement": null
  	  	},
  	  	{
  	  	  	"press": true,
  	  	  	"dir": 3,
  	  	  	"time": 80293.0000000001,
  	  	  	"judgement": "sick"
  	  	},
  	  	{
  	  	  	"press": false,
  	  	  	"dir": 0,
  	  	  	"time": 80293.0000000001,
  	  	  	"judgement": null
  	  	},
  	  	{
  	  	  	"press": true,
  	  	  	"dir": 2,
  	  	  	"time": 80343.0000000001,
  	  	  	"judgement": "sick"
  	  	},
  	  	{
  	  	  	"press": false,
  	  	  	"dir": 3,
  	  	  	"time": 80376.3333333335,
  	  	  	"judgement": null
  	  	},
  	  	{
  	  	  	"press": true,
  	  	  	"dir": 1,
  	  	  	"time": 80426.3333333335,
  	  	  	"judgement": "sick"
  	  	},
  	  	{
  	  	  	"press": false,
  	  	  	"dir": 2,
  	  	  	"time": 80426.3333333335,
  	  	  	"judgement": null
  	  	},
  	  	{
  	  	  	"press": true,
  	  	  	"dir": 0,
  	  	  	"time": 80443.0000000002,
  	  	  	"judgement": "good"
  	  	},
  	  	{
  	  	  	"press": false,
  	  	  	"dir": 1,
  	  	  	"time": 80459.6666666668,
  	  	  	"judgement": null
  	  	},
  	  	{
  	  	  	"press": true,
  	  	  	"dir": 1,
  	  	  	"time": 80616.3333333333,
  	  	  	"judgement": "sick"
  	  	},
  	  	{
  	  	  	"press": false,
  	  	  	"dir": 0,
  	  	  	"time": 80616.3333333333,
  	  	  	"judgement": null
  	  	},
  	  	{
  	  	  	"press": true,
  	  	  	"dir": 3,
  	  	  	"time": 80649.6666666667,
  	  	  	"judgement": "sick"
  	  	},
  	  	{
  	  	  	"press": false,
  	  	  	"dir": 1,
  	  	  	"time": 80649.6666666667,
  	  	  	"judgement": null
  	  	},
  	  	{
  	  	  	"press": true,
  	  	  	"dir": 2,
  	  	  	"time": 80783,
  	  	  	"judgement": "good"
  	  	},
  	  	{
  	  	  	"press": false,
  	  	  	"dir": 3,
  	  	  	"time": 80816.3333333333,
  	  	  	"judgement": null
  	  	},
  	  	{
  	  	  	"press": true,
  	  	  	"dir": 0,
  	  	  	"time": 80833,
  	  	  	"judgement": "sick"
  	  	},
  	  	{
  	  	  	"press": false,
  	  	  	"dir": 2,
  	  	  	"time": 80883,
  	  	  	"judgement": null
  	  	},
  	  	{
  	  	  	"press": true,
  	  	  	"dir": 1,
  	  	  	"time": 80933,
  	  	  	"judgement": "good"
  	  	},
  	  	{
  	  	  	"press": false,
  	  	  	"dir": 0,
  	  	  	"time": 80949.6666666667,
  	  	  	"judgement": null
  	  	},
  	  	{
  	  	  	"press": true,
  	  	  	"dir": 3,
  	  	  	"time": 81016.3333333334,
  	  	  	"judgement": "good"
  	  	},
  	  	{
  	  	  	"press": false,
  	  	  	"dir": 1,
  	  	  	"time": 81016.3333333334,
  	  	  	"judgement": null
  	  	},
  	  	{
  	  	  	"press": true,
  	  	  	"dir": 2,
  	  	  	"time": 81049.6666666667,
  	  	  	"judgement": "sick"
  	  	},
  	  	{
  	  	  	"press": true,
  	  	  	"dir": 0,
  	  	  	"time": 81099.6666666668,
  	  	  	"judgement": "sick"
  	  	},
  	  	{
  	  	  	"press": false,
  	  	  	"dir": 3,
  	  	  	"time": 81099.6666666668,
  	  	  	"judgement": null
  	  	},
  	  	{
  	  	  	"press": false,
  	  	  	"dir": 2,
  	  	  	"time": 81133.0000000001,
  	  	  	"judgement": null
  	  	},
  	  	{
  	  	  	"press": true,
  	  	  	"dir": 3,
  	  	  	"time": 81233.0000000001,
  	  	  	"judgement": "good"
  	  	},
  	  	{
  	  	  	"press": false,
  	  	  	"dir": 0,
  	  	  	"time": 81233.0000000001,
  	  	  	"judgement": null
  	  	},
  	  	{
  	  	  	"press": true,
  	  	  	"dir": 2,
  	  	  	"time": 81299.6666666668,
  	  	  	"judgement": "good"
  	  	},
  	  	{
  	  	  	"press": false,
  	  	  	"dir": 3,
  	  	  	"time": 81349.6666666668,
  	  	  	"judgement": null
  	  	},
  	  	{
  	  	  	"press": true,
  	  	  	"dir": 0,
  	  	  	"time": 81366.3333333335,
  	  	  	"judgement": "sick"
  	  	},
  	  	{
  	  	  	"press": false,
  	  	  	"dir": 2,
  	  	  	"time": 81399.6666666668,
  	  	  	"judgement": null
  	  	},
  	  	{
  	  	  	"press": true,
  	  	  	"dir": 3,
  	  	  	"time": 81416.3333333335,
  	  	  	"judgement": "sick"
  	  	},
  	  	{
  	  	  	"press": true,
  	  	  	"dir": 1,
  	  	  	"time": 81433.0000000002,
  	  	  	"judgement": "sick"
  	  	},
  	  	{
  	  	  	"press": false,
  	  	  	"dir": 0,
  	  	  	"time": 81433.0000000002,
  	  	  	"judgement": null
  	  	},
  	  	{
  	  	  	"press": true,
  	  	  	"dir": 2,
  	  	  	"time": 81449.6666666669,
  	  	  	"judgement": "miss"
  	  	},
  	  	{
  	  	  	"press": false,
  	  	  	"dir": 1,
  	  	  	"time": 81449.6666666669,
  	  	  	"judgement": null
  	  	},
  	  	{
  	  	  	"press": true,
  	  	  	"dir": 3,
  	  	  	"time": 81519.6666666667,
  	  	  	"judgement": null
  	  	},
  	  	{
  	  	  	"press": false,
  	  	  	"dir": 2,
  	  	  	"time": 81519.6666666667,
  	  	  	"judgement": null
  	  	},
  	  	{
  	  	  	"press": true,
  	  	  	"dir": 0,
  	  	  	"time": 81623,
  	  	  	"judgement": "good"
  	  	},
  	  	{
  	  	  	"press": false,
  	  	  	"dir": 3,
  	  	  	"time": 81623,
  	  	  	"judgement": null
  	  	},
  	  	{
  	  	  	"press": false,
  	  	  	"dir": 0,
  	  	  	"time": 81639.6666666667,
  	  	  	"judgement": null
  	  	},
  	  	{
  	  	  	"press": true,
  	  	  	"dir": 2,
  	  	  	"time": 81673,
  	  	  	"judgement": null
  	  	},
  	  	{
  	  	  	"press": false,
  	  	  	"dir": 2,
  	  	  	"time": 81819.6666666667,
  	  	  	"judgement": null
  	  	},
  	  	{
  	  	  	"press": true,
  	  	  	"dir": 2,
  	  	  	"time": 82869.666666667,
  	  	  	"judgement": "sick"
  	  	},
  	  	{
  	  	  	"press": false,
  	  	  	"dir": 2,
  	  	  	"time": 82936.3333333337,
  	  	  	"judgement": null
  	  	},
  	  	{
  	  	  	"press": true,
  	  	  	"dir": 2,
  	  	  	"time": 83019.666666667,
  	  	  	"judgement": "sick"
  	  	},
  	  	{
  	  	  	"press": true,
  	  	  	"dir": 0,
  	  	  	"time": 83103.0000000004,
  	  	  	"judgement": "sick"
  	  	},
  	  	{
  	  	  	"press": false,
  	  	  	"dir": 2,
  	  	  	"time": 83103.0000000004,
  	  	  	"judgement": null
  	  	},
  	  	{
  	  	  	"press": true,
  	  	  	"dir": 3,
  	  	  	"time": 83186.3333333337,
  	  	  	"judgement": "sick"
  	  	},
  	  	{
  	  	  	"press": false,
  	  	  	"dir": 0,
  	  	  	"time": 83186.3333333337,
  	  	  	"judgement": null
  	  	},
  	  	{
  	  	  	"press": false,
  	  	  	"dir": 3,
  	  	  	"time": 83269.6666666671,
  	  	  	"judgement": null
  	  	},
  	  	{
  	  	  	"press": true,
  	  	  	"dir": 2,
  	  	  	"time": 83319.6666666671,
  	  	  	"judgement": "sick"
  	  	},
  	  	{
  	  	  	"press": false,
  	  	  	"dir": 2,
  	  	  	"time": 83386.3333333338,
  	  	  	"judgement": null
  	  	},
  	  	{
  	  	  	"press": true,
  	  	  	"dir": 0,
  	  	  	"time": 83493,
  	  	  	"judgement": "sick"
  	  	},
  	  	{
  	  	  	"press": true,
  	  	  	"dir": 3,
  	  	  	"time": 83509.6666666667,
  	  	  	"judgement": "good"
  	  	},
  	  	{
  	  	  	"press": false,
  	  	  	"dir": 0,
  	  	  	"time": 83526.3333333334,
  	  	  	"judgement": null
  	  	},
  	  	{
  	  	  	"press": false,
  	  	  	"dir": 3,
  	  	  	"time": 83543,
  	  	  	"judgement": null
  	  	},
  	  	{
  	  	  	"press": true,
  	  	  	"dir": 0,
  	  	  	"time": 83639.6666666667,
  	  	  	"judgement": "sick"
  	  	},
  	  	{
  	  	  	"press": false,
  	  	  	"dir": 0,
  	  	  	"time": 83673,
  	  	  	"judgement": null
  	  	},
  	  	{
  	  	  	"press": true,
  	  	  	"dir": 2,
  	  	  	"time": 83799.6666666667,
  	  	  	"judgement": "sick"
  	  	},
  	  	{
  	  	  	"press": false,
  	  	  	"dir": 2,
  	  	  	"time": 83899.6666666667,
  	  	  	"judgement": null
  	  	},
  	  	{
  	  	  	"press": true,
  	  	  	"dir": 0,
  	  	  	"time": 83949.6666666667,
  	  	  	"judgement": "sick"
  	  	},
  	  	{
  	  	  	"press": true,
  	  	  	"dir": 2,
  	  	  	"time": 84199.6666666668,
  	  	  	"judgement": "miss"
  	  	},
  	  	{
  	  	  	"press": false,
  	  	  	"dir": 0,
  	  	  	"time": 84249.6666666668,
  	  	  	"judgement": null
  	  	},
  	  	{
  	  	  	"press": false,
  	  	  	"dir": 2,
  	  	  	"time": 84249.6666666668,
  	  	  	"judgement": null
  	  	},
  	  	{
  	  	  	"press": true,
  	  	  	"dir": 2,
  	  	  	"time": 84693,
  	  	  	"judgement": "sick"
  	  	},
  	  	{
  	  	  	"press": false,
  	  	  	"dir": 2,
  	  	  	"time": 84776.3333333334,
  	  	  	"judgement": null
  	  	},
  	  	{
  	  	  	"press": true,
  	  	  	"dir": 0,
  	  	  	"time": 84843.0000000001,
  	  	  	"judgement": "sick"
  	  	},
  	  	{
  	  	  	"press": true,
  	  	  	"dir": 1,
  	  	  	"time": 84893.0000000001,
  	  	  	"judgement": "sick"
  	  	},
  	  	{
  	  	  	"press": false,
  	  	  	"dir": 0,
  	  	  	"time": 84996.3333333333,
  	  	  	"judgement": null
  	  	},
  	  	{
  	  	  	"press": true,
  	  	  	"dir": 3,
  	  	  	"time": 85013,
  	  	  	"judgement": "sick"
  	  	},
  	  	{
  	  	  	"press": false,
  	  	  	"dir": 1,
  	  	  	"time": 85063,
  	  	  	"judgement": null
  	  	},
  	  	{
  	  	  	"press": true,
  	  	  	"dir": 2,
  	  	  	"time": 85113,
  	  	  	"judgement": "sick"
  	  	},
  	  	{
  	  	  	"press": false,
  	  	  	"dir": 3,
  	  	  	"time": 85129.6666666667,
  	  	  	"judgement": null
  	  	},
  	  	{
  	  	  	"press": true,
  	  	  	"dir": 0,
  	  	  	"time": 85229.6666666667,
  	  	  	"judgement": "good"
  	  	},
  	  	{
  	  	  	"press": false,
  	  	  	"dir": 2,
  	  	  	"time": 85229.6666666667,
  	  	  	"judgement": null
  	  	},
  	  	{
  	  	  	"press": false,
  	  	  	"dir": 0,
  	  	  	"time": 85346.3333333334,
  	  	  	"judgement": null
  	  	},
  	  	{
  	  	  	"press": true,
  	  	  	"dir": 1,
  	  	  	"time": 85579.6666666668,
  	  	  	"judgement": "sick"
  	  	},
  	  	{
  	  	  	"press": true,
  	  	  	"dir": 0,
  	  	  	"time": 85696.3333333335,
  	  	  	"judgement": "good"
  	  	},
  	  	{
  	  	  	"press": false,
  	  	  	"dir": 1,
  	  	  	"time": 85713.0000000002,
  	  	  	"judgement": null
  	  	},
  	  	{
  	  	  	"press": false,
  	  	  	"dir": 0,
  	  	  	"time": 85779.6666666667,
  	  	  	"judgement": null
  	  	},
  	  	{
  	  	  	"press": true,
  	  	  	"dir": 3,
  	  	  	"time": 85796.3333333333,
  	  	  	"judgement": "sick"
  	  	},
  	  	{
  	  	  	"press": false,
  	  	  	"dir": 3,
  	  	  	"time": 85863,
  	  	  	"judgement": null
  	  	},
  	  	{
  	  	  	"press": true,
  	  	  	"dir": 0,
  	  	  	"time": 85879.6666666667,
  	  	  	"judgement": "sick"
  	  	},
  	  	{
  	  	  	"press": true,
  	  	  	"dir": 1,
  	  	  	"time": 85979.6666666667,
  	  	  	"judgement": "sick"
  	  	},
  	  	{
  	  	  	"press": false,
  	  	  	"dir": 0,
  	  	  	"time": 86013.0000000001,
  	  	  	"judgement": null
  	  	},
  	  	{
  	  	  	"press": true,
  	  	  	"dir": 3,
  	  	  	"time": 86046.3333333334,
  	  	  	"judgement": "sick"
  	  	},
  	  	{
  	  	  	"press": false,
  	  	  	"dir": 1,
  	  	  	"time": 86046.3333333334,
  	  	  	"judgement": null
  	  	},
  	  	{
  	  	  	"press": true,
  	  	  	"dir": 2,
  	  	  	"time": 86113.0000000001,
  	  	  	"judgement": "sick"
  	  	},
  	  	{
  	  	  	"press": false,
  	  	  	"dir": 3,
  	  	  	"time": 86113.0000000001,
  	  	  	"judgement": null
  	  	},
  	  	{
  	  	  	"press": false,
  	  	  	"dir": 2,
  	  	  	"time": 86196.3333333335,
  	  	  	"judgement": null
  	  	},
  	  	{
  	  	  	"press": true,
  	  	  	"dir": 0,
  	  	  	"time": 86213.0000000001,
  	  	  	"judgement": "sick"
  	  	},
  	  	{
  	  	  	"press": true,
  	  	  	"dir": 1,
  	  	  	"time": 86263.0000000001,
  	  	  	"judgement": "sick"
  	  	},
  	  	{
  	  	  	"press": false,
  	  	  	"dir": 0,
  	  	  	"time": 86296.3333333335,
  	  	  	"judgement": null
  	  	},
  	  	{
  	  	  	"press": true,
  	  	  	"dir": 3,
  	  	  	"time": 86313.0000000002,
  	  	  	"judgement": "sick"
  	  	},
  	  	{
  	  	  	"press": false,
  	  	  	"dir": 1,
  	  	  	"time": 86363,
  	  	  	"judgement": null
  	  	},
  	  	{
  	  	  	"press": true,
  	  	  	"dir": 2,
  	  	  	"time": 86429.6666666667,
  	  	  	"judgement": "sick"
  	  	},
  	  	{
  	  	  	"press": false,
  	  	  	"dir": 3,
  	  	  	"time": 86463,
  	  	  	"judgement": null
  	  	},
  	  	{
  	  	  	"press": false,
  	  	  	"dir": 2,
  	  	  	"time": 86479.6666666667,
  	  	  	"judgement": null
  	  	},
  	  	{
  	  	  	"press": true,
  	  	  	"dir": 3,
  	  	  	"time": 86779.6666666667,
  	  	  	"judgement": null
  	  	},
  	  	{
  	  	  	"press": true,
  	  	  	"dir": 2,
  	  	  	"time": 86796.3333333333,
  	  	  	"judgement": null
  	  	},
  	  	{
  	  	  	"press": true,
  	  	  	"dir": 1,
  	  	  	"time": 86813,
  	  	  	"judgement": null
  	  	},
  	  	{
  	  	  	"press": false,
  	  	  	"dir": 1,
  	  	  	"time": 86929.6666666667,
  	  	  	"judgement": null
  	  	},
  	  	{
  	  	  	"press": false,
  	  	  	"dir": 2,
  	  	  	"time": 86979.6666666667,
  	  	  	"judgement": null
  	  	},
  	  	{
  	  	  	"press": false,
  	  	  	"dir": 3,
  	  	  	"time": 86979.6666666667,
  	  	  	"judgement": null
  	  	},
  	  	{
  	  	  	"press": true,
  	  	  	"dir": 0,
  	  	  	"time": 87246.3333333335,
  	  	  	"judgement": null
  	  	},
  	  	{
  	  	  	"press": true,
  	  	  	"dir": 1,
  	  	  	"time": 87246.3333333335,
  	  	  	"judgement": null
  	  	},
  	  	{
  	  	  	"press": true,
  	  	  	"dir": 2,
  	  	  	"time": 87363.0000000002,
  	  	  	"judgement": null
  	  	},
  	  	{
  	  	  	"press": true,
  	  	  	"dir": 3,
  	  	  	"time": 87363.0000000002,
  	  	  	"judgement": null
  	  	},
  	  	{
  	  	  	"press": false,
  	  	  	"dir": 0,
  	  	  	"time": 87363.0000000002,
  	  	  	"judgement": null
  	  	},
  	  	{
  	  	  	"press": false,
  	  	  	"dir": 1,
  	  	  	"time": 87363.0000000002,
  	  	  	"judgement": null
  	  	},
  	  	{
  	  	  	"press": false,
  	  	  	"dir": 2,
  	  	  	"time": 87519.6666666667,
  	  	  	"judgement": null
  	  	},
  	  	{
  	  	  	"press": false,
  	  	  	"dir": 3,
  	  	  	"time": 87536.3333333333,
  	  	  	"judgement": null
  	  	},
  	  	{
  	  	  	"press": true,
  	  	  	"dir": 0,
  	  	  	"time": 87696.3333333333,
  	  	  	"judgement": null
  	  	},
  	  	{
  	  	  	"press": true,
  	  	  	"dir": 1,
  	  	  	"time": 87696.3333333333,
  	  	  	"judgement": null
  	  	},
  	  	{
  	  	  	"press": true,
  	  	  	"dir": 2,
  	  	  	"time": 87989.6666666667,
  	  	  	"judgement": null
  	  	},
  	  	{
  	  	  	"press": true,
  	  	  	"dir": 3,
  	  	  	"time": 87989.6666666667,
  	  	  	"judgement": null
  	  	},
  	  	{
  	  	  	"press": false,
  	  	  	"dir": 0,
  	  	  	"time": 88273.0000000001,
  	  	  	"judgement": null
  	  	},
  	  	{
  	  	  	"press": false,
  	  	  	"dir": 1,
  	  	  	"time": 88273.0000000001,
  	  	  	"judgement": null
  	  	},
  	  	{
  	  	  	"press": false,
  	  	  	"dir": 2,
  	  	  	"time": 88306.3333333335,
  	  	  	"judgement": null
  	  	},
  	  	{
  	  	  	"press": false,
  	  	  	"dir": 3,
  	  	  	"time": 88306.3333333335,
  	  	  	"judgement": null
  	  	},
  	  	{
  	  	  	"press": true,
  	  	  	"dir": 0,
  	  	  	"time": 88456.3333333335,
  	  	  	"judgement": null
  	  	},
  	  	{
  	  	  	"press": true,
  	  	  	"dir": 1,
  	  	  	"time": 88456.3333333335,
  	  	  	"judgement": null
  	  	},
  	  	{
  	  	  	"press": true,
  	  	  	"dir": 2,
  	  	  	"time": 88589.6666666669,
  	  	  	"judgement": null
  	  	},
  	  	{
  	  	  	"press": true,
  	  	  	"dir": 3,
  	  	  	"time": 88589.6666666669,
  	  	  	"judgement": null
  	  	},
  	  	{
  	  	  	"press": false,
  	  	  	"dir": 0,
  	  	  	"time": 88673.0000000002,
  	  	  	"judgement": null
  	  	},
  	  	{
  	  	  	"press": false,
  	  	  	"dir": 1,
  	  	  	"time": 88673.0000000002,
  	  	  	"judgement": null
  	  	},
  	  	{
  	  	  	"press": false,
  	  	  	"dir": 2,
  	  	  	"time": 88773.0000000003,
  	  	  	"judgement": null
  	  	},
  	  	{
  	  	  	"press": false,
  	  	  	"dir": 3,
  	  	  	"time": 88843,
  	  	  	"judgement": null
  	  	},
  	  	{
  	  	  	"press": true,
  	  	  	"dir": 0,
  	  	  	"time": 88959.6666666667,
  	  	  	"judgement": null
  	  	},
  	  	{
  	  	  	"press": true,
  	  	  	"dir": 1,
  	  	  	"time": 88959.6666666667,
  	  	  	"judgement": null
  	  	},
  	  	{
  	  	  	"press": false,
  	  	  	"dir": 0,
  	  	  	"time": 88993,
  	  	  	"judgement": null
  	  	},
  	  	{
  	  	  	"press": true,
  	  	  	"dir": 0,
  	  	  	"time": 89143.0000000001,
  	  	  	"judgement": null
  	  	},
  	  	{
  	  	  	"press": true,
  	  	  	"dir": 2,
  	  	  	"time": 89176.3333333334,
  	  	  	"judgement": null
  	  	},
  	  	{
  	  	  	"press": true,
  	  	  	"dir": 3,
  	  	  	"time": 89176.3333333334,
  	  	  	"judgement": null
  	  	},
  	  	{
  	  	  	"press": false,
  	  	  	"dir": 0,
  	  	  	"time": 89193.0000000001,
  	  	  	"judgement": null
  	  	},
  	  	{
  	  	  	"press": true,
  	  	  	"dir": 0,
  	  	  	"time": 89226.3333333334,
  	  	  	"judgement": null
  	  	},
  	  	{
  	  	  	"press": false,
  	  	  	"dir": 0,
  	  	  	"time": 89403,
  	  	  	"judgement": null
  	  	},
  	  	{
  	  	  	"press": false,
  	  	  	"dir": 1,
  	  	  	"time": 89436.3333333334,
  	  	  	"judgement": null
  	  	},
  	  	{
  	  	  	"press": false,
  	  	  	"dir": 2,
  	  	  	"time": 89503.0000000001,
  	  	  	"judgement": null
  	  	},
  	  	{
  	  	  	"press": false,
  	  	  	"dir": 3,
  	  	  	"time": 89503.0000000001,
  	  	  	"judgement": null
  	  	},
  	  	{
  	  	  	"press": true,
  	  	  	"dir": 0,
  	  	  	"time": 89619.6666666668,
  	  	  	"judgement": null
  	  	},
  	  	{
  	  	  	"press": true,
  	  	  	"dir": 1,
  	  	  	"time": 89619.6666666668,
  	  	  	"judgement": null
  	  	},
  	  	{
  	  	  	"press": true,
  	  	  	"dir": 2,
  	  	  	"time": 89766.3333333334,
  	  	  	"judgement": null
  	  	},
  	  	{
  	  	  	"press": true,
  	  	  	"dir": 3,
  	  	  	"time": 89766.3333333334,
  	  	  	"judgement": null
  	  	},
  	  	{
  	  	  	"press": false,
  	  	  	"dir": 0,
  	  	  	"time": 89766.3333333334,
  	  	  	"judgement": null
  	  	},
  	  	{
  	  	  	"press": false,
  	  	  	"dir": 1,
  	  	  	"time": 89843,
  	  	  	"judgement": null
  	  	},
  	  	{
  	  	  	"press": false,
  	  	  	"dir": 3,
  	  	  	"time": 89976.3333333334,
  	  	  	"judgement": null
  	  	},
  	  	{
  	  	  	"press": false,
  	  	  	"dir": 2,
  	  	  	"time": 90043.0000000001,
  	  	  	"judgement": null
  	  	},
  	  	{
  	  	  	"press": true,
  	  	  	"dir": 0,
  	  	  	"time": 90126.3333333334,
  	  	  	"judgement": null
  	  	},
  	  	{
  	  	  	"press": true,
  	  	  	"dir": 1,
  	  	  	"time": 90126.3333333334,
  	  	  	"judgement": null
  	  	},
  	  	{
  	  	  	"press": true,
  	  	  	"dir": 2,
  	  	  	"time": 90393.0000000002,
  	  	  	"judgement": null
  	  	},
  	  	{
  	  	  	"press": true,
  	  	  	"dir": 3,
  	  	  	"time": 90393.0000000002,
  	  	  	"judgement": null
  	  	},
  	  	{
  	  	  	"press": false,
  	  	  	"dir": 0,
  	  	  	"time": 90576.3333333335,
  	  	  	"judgement": null
  	  	},
  	  	{
  	  	  	"press": false,
  	  	  	"dir": 1,
  	  	  	"time": 90576.3333333335,
  	  	  	"judgement": null
  	  	},
  	  	{
  	  	  	"press": false,
  	  	  	"dir": 2,
  	  	  	"time": 90593.0000000002,
  	  	  	"judgement": null
  	  	},
  	  	{
  	  	  	"press": false,
  	  	  	"dir": 3,
  	  	  	"time": 90593.0000000002,
  	  	  	"judgement": null
  	  	},
  	  	{
  	  	  	"press": true,
  	  	  	"dir": 0,
  	  	  	"time": 90806.3333333334,
  	  	  	"judgement": null
  	  	},
  	  	{
  	  	  	"press": true,
  	  	  	"dir": 1,
  	  	  	"time": 90806.3333333334,
  	  	  	"judgement": null
  	  	},
  	  	{
  	  	  	"press": true,
  	  	  	"dir": 2,
  	  	  	"time": 90986.3333333334,
  	  	  	"judgement": null
  	  	},
  	  	{
  	  	  	"press": true,
  	  	  	"dir": 3,
  	  	  	"time": 90986.3333333334,
  	  	  	"judgement": null
  	  	},
  	  	{
  	  	  	"press": false,
  	  	  	"dir": 0,
  	  	  	"time": 90986.3333333334,
  	  	  	"judgement": null
  	  	},
  	  	{
  	  	  	"press": false,
  	  	  	"dir": 1,
  	  	  	"time": 90986.3333333334,
  	  	  	"judgement": null
  	  	},
  	  	{
  	  	  	"press": false,
  	  	  	"dir": 2,
  	  	  	"time": 91053,
  	  	  	"judgement": null
  	  	},
  	  	{
  	  	  	"press": true,
  	  	  	"dir": 2,
  	  	  	"time": 91136.3333333334,
  	  	  	"judgement": null
  	  	},
  	  	{
  	  	  	"press": false,
  	  	  	"dir": 2,
  	  	  	"time": 91169.6666666667,
  	  	  	"judgement": null
  	  	},
  	  	{
  	  	  	"press": false,
  	  	  	"dir": 3,
  	  	  	"time": 91203.0000000001,
  	  	  	"judgement": null
  	  	},
  	  	{
  	  	  	"press": true,
  	  	  	"dir": 0,
  	  	  	"time": 91353.0000000001,
  	  	  	"judgement": null
  	  	},
  	  	{
  	  	  	"press": true,
  	  	  	"dir": 1,
  	  	  	"time": 91486.3333333335,
  	  	  	"judgement": null
  	  	},
  	  	{
  	  	  	"press": false,
  	  	  	"dir": 0,
  	  	  	"time": 91503.0000000002,
  	  	  	"judgement": null
  	  	},
  	  	{
  	  	  	"press": true,
  	  	  	"dir": 2,
  	  	  	"time": 91536.3333333335,
  	  	  	"judgement": null
  	  	},
  	  	{
  	  	  	"press": true,
  	  	  	"dir": 0,
  	  	  	"time": 91553.0000000002,
  	  	  	"judgement": null
  	  	},
  	  	{
  	  	  	"press": true,
  	  	  	"dir": 0,
  	  	  	"time": 91569.6666666669,
  	  	  	"judgement": null
  	  	},
  	  	{
  	  	  	"press": false,
  	  	  	"dir": 1,
  	  	  	"time": 91569.6666666669,
  	  	  	"judgement": null
  	  	},
  	  	{
  	  	  	"press": false,
  	  	  	"dir": 2,
  	  	  	"time": 91909.6666666667,
  	  	  	"judgement": null
  	  	},
  	  	{
  	  	  	"press": false,
  	  	  	"dir": 0,
  	  	  	"time": 91926.3333333334,
  	  	  	"judgement": null
  	  	},
  	  	{
  	  	  	"press": true,
  	  	  	"dir": 2,
  	  	  	"time": 92059.6666666667,
  	  	  	"judgement": null
  	  	},
  	  	{
  	  	  	"press": true,
  	  	  	"dir": 3,
  	  	  	"time": 92059.6666666667,
  	  	  	"judgement": null
  	  	},
  	  	{
  	  	  	"press": false,
  	  	  	"dir": 2,
  	  	  	"time": 92243.0000000001,
  	  	  	"judgement": null
  	  	},
  	  	{
  	  	  	"press": false,
  	  	  	"dir": 3,
  	  	  	"time": 92259.6666666668,
  	  	  	"judgement": null
  	  	},
  	  	{
  	  	  	"press": true,
  	  	  	"dir": 2,
  	  	  	"time": 92493.0000000002,
  	  	  	"judgement": null
  	  	},
  	  	{
  	  	  	"press": true,
  	  	  	"dir": 3,
  	  	  	"time": 92493.0000000002,
  	  	  	"judgement": null
  	  	},
  	  	{
  	  	  	"press": false,
  	  	  	"dir": 2,
  	  	  	"time": 92719.6666666667,
  	  	  	"judgement": null
  	  	},
  	  	{
  	  	  	"press": false,
  	  	  	"dir": 3,
  	  	  	"time": 92719.6666666667,
  	  	  	"judgement": null
  	  	},
  	  	{
  	  	  	"press": true,
  	  	  	"dir": 0,
  	  	  	"time": 92736.3333333334,
  	  	  	"judgement": null
  	  	},
  	  	{
  	  	  	"press": true,
  	  	  	"dir": 1,
  	  	  	"time": 92736.3333333334,
  	  	  	"judgement": null
  	  	},
  	  	{
  	  	  	"press": false,
  	  	  	"dir": 1,
  	  	  	"time": 93109.6666666667,
  	  	  	"judgement": null
  	  	},
  	  	{
  	  	  	"press": false,
  	  	  	"dir": 0,
  	  	  	"time": 93126.3333333334,
  	  	  	"judgement": null
  	  	},
  	  	{
  	  	  	"press": true,
  	  	  	"dir": 2,
  	  	  	"time": 93209.6666666668,
  	  	  	"judgement": null
  	  	},
  	  	{
  	  	  	"press": true,
  	  	  	"dir": 3,
  	  	  	"time": 93209.6666666668,
  	  	  	"judgement": null
  	  	},
  	  	{
  	  	  	"press": false,
  	  	  	"dir": 2,
  	  	  	"time": 93359.6666666668,
  	  	  	"judgement": null
  	  	},
  	  	{
  	  	  	"press": true,
  	  	  	"dir": 0,
  	  	  	"time": 93376.3333333335,
  	  	  	"judgement": null
  	  	},
  	  	{
  	  	  	"press": true,
  	  	  	"dir": 1,
  	  	  	"time": 93376.3333333335,
  	  	  	"judgement": null
  	  	},
  	  	{
  	  	  	"press": false,
  	  	  	"dir": 3,
  	  	  	"time": 93376.3333333335,
  	  	  	"judgement": null
  	  	},
  	  	{
  	  	  	"press": true,
  	  	  	"dir": 2,
  	  	  	"time": 93713,
  	  	  	"judgement": null
  	  	},
  	  	{
  	  	  	"press": true,
  	  	  	"dir": 3,
  	  	  	"time": 93713,
  	  	  	"judgement": null
  	  	},
  	  	{
  	  	  	"press": false,
  	  	  	"dir": 0,
  	  	  	"time": 93713,
  	  	  	"judgement": null
  	  	},
  	  	{
  	  	  	"press": false,
  	  	  	"dir": 1,
  	  	  	"time": 93713,
  	  	  	"judgement": null
  	  	},
  	  	{
  	  	  	"press": false,
  	  	  	"dir": 2,
  	  	  	"time": 93942,
  	  	  	"judgement": null
  	  	},
  	  	{
  	  	  	"press": false,
  	  	  	"dir": 3,
  	  	  	"time": 93958.6666666667,
  	  	  	"judgement": null
  	  	},
  	  	{
  	  	  	"press": true,
  	  	  	"dir": 0,
  	  	  	"time": 94025.3333333334,
  	  	  	"judgement": null
  	  	},
  	  	{
  	  	  	"press": true,
  	  	  	"dir": 1,
  	  	  	"time": 94025.3333333334,
  	  	  	"judgement": null
  	  	},
  	  	{
  	  	  	"press": false,
  	  	  	"dir": 0,
  	  	  	"time": 94408.6666666668,
  	  	  	"judgement": null
  	  	},
  	  	{
  	  	  	"press": false,
  	  	  	"dir": 1,
  	  	  	"time": 94408.6666666668,
  	  	  	"judgement": null
  	  	},
  	  	{
  	  	  	"press": true,
  	  	  	"dir": 2,
  	  	  	"time": 94495.3333333333,
  	  	  	"judgement": null
  	  	},
  	  	{
  	  	  	"press": false,
  	  	  	"dir": 2,
  	  	  	"time": 94562,
  	  	  	"judgement": null
  	  	},
  	  	{
  	  	  	"press": true,
  	  	  	"dir": 0,
  	  	  	"time": 94595.3333333334,
  	  	  	"judgement": null
  	  	},
  	  	{
  	  	  	"press": true,
  	  	  	"dir": 1,
  	  	  	"time": 94595.3333333334,
  	  	  	"judgement": null
  	  	},
  	  	{
  	  	  	"press": false,
  	  	  	"dir": 1,
  	  	  	"time": 94812,
  	  	  	"judgement": null
  	  	},
  	  	{
  	  	  	"press": false,
  	  	  	"dir": 0,
  	  	  	"time": 94928.6666666667,
  	  	  	"judgement": null
  	  	},
  	  	{
  	  	  	"press": true,
  	  	  	"dir": 2,
  	  	  	"time": 94962.0000000001,
  	  	  	"judgement": null
  	  	},
  	  	{
  	  	  	"press": true,
  	  	  	"dir": 3,
  	  	  	"time": 94962.0000000001,
  	  	  	"judgement": null
  	  	},
  	  	{
  	  	  	"press": false,
  	  	  	"dir": 3,
  	  	  	"time": 95128.6666666668,
  	  	  	"judgement": null
  	  	},
  	  	{
  	  	  	"press": true,
  	  	  	"dir": 0,
  	  	  	"time": 95145.3333333334,
  	  	  	"judgement": null
  	  	},
  	  	{
  	  	  	"press": true,
  	  	  	"dir": 1,
  	  	  	"time": 95145.3333333334,
  	  	  	"judgement": null
  	  	},
  	  	{
  	  	  	"press": false,
  	  	  	"dir": 2,
  	  	  	"time": 95145.3333333334,
  	  	  	"judgement": null
  	  	},
  	  	{
  	  	  	"press": false,
  	  	  	"dir": 0,
  	  	  	"time": 95495.3333333335,
  	  	  	"judgement": null
  	  	},
  	  	{
  	  	  	"press": false,
  	  	  	"dir": 1,
  	  	  	"time": 95528.6666666669,
  	  	  	"judgement": null
  	  	},
  	  	{
  	  	  	"press": true,
  	  	  	"dir": 2,
  	  	  	"time": 95655.3333333333,
  	  	  	"judgement": null
  	  	},
  	  	{
  	  	  	"press": true,
  	  	  	"dir": 3,
  	  	  	"time": 95672,
  	  	  	"judgement": null
  	  	},
  	  	{
  	  	  	"press": true,
  	  	  	"dir": 0,
  	  	  	"time": 95822,
  	  	  	"judgement": null
  	  	},
  	  	{
  	  	  	"press": true,
  	  	  	"dir": 1,
  	  	  	"time": 95822,
  	  	  	"judgement": null
  	  	},
  	  	{
  	  	  	"press": false,
  	  	  	"dir": 2,
  	  	  	"time": 95822,
  	  	  	"judgement": null
  	  	},
  	  	{
  	  	  	"press": false,
  	  	  	"dir": 3,
  	  	  	"time": 95822,
  	  	  	"judgement": null
  	  	},
  	  	{
  	  	  	"press": false,
  	  	  	"dir": 0,
  	  	  	"time": 95938.6666666667,
  	  	  	"judgement": null
  	  	},
  	  	{
  	  	  	"press": false,
  	  	  	"dir": 1,
  	  	  	"time": 95938.6666666667,
  	  	  	"judgement": null
  	  	},
  	  	{
  	  	  	"press": true,
  	  	  	"dir": 1,
  	  	  	"time": 96072.0000000001,
  	  	  	"judgement": "sick"
  	  	},
  	  	{
  	  	  	"press": true,
  	  	  	"dir": 2,
  	  	  	"time": 96388.6666666668,
  	  	  	"judgement": "sick"
  	  	},
  	  	{
  	  	  	"press": false,
  	  	  	"dir": 2,
  	  	  	"time": 96438.6666666668,
  	  	  	"judgement": null
  	  	},
  	  	{
  	  	  	"press": true,
  	  	  	"dir": 2,
  	  	  	"time": 96538.6666666669,
  	  	  	"judgement": "sick"
  	  	},
  	  	{
  	  	  	"press": false,
  	  	  	"dir": 1,
  	  	  	"time": 96538.6666666669,
  	  	  	"judgement": null
  	  	},
  	  	{
  	  	  	"press": false,
  	  	  	"dir": 2,
  	  	  	"time": 96658.6666666667,
  	  	  	"judgement": null
  	  	},
  	  	{
  	  	  	"press": true,
  	  	  	"dir": 0,
  	  	  	"time": 96692,
  	  	  	"judgement": "sick"
  	  	},
  	  	{
  	  	  	"press": false,
  	  	  	"dir": 0,
  	  	  	"time": 96725.3333333334,
  	  	  	"judgement": null
  	  	},
  	  	{
  	  	  	"press": true,
  	  	  	"dir": 3,
  	  	  	"time": 96802,
  	  	  	"judgement": "sick"
  	  	},
  	  	{
  	  	  	"press": false,
  	  	  	"dir": 3,
  	  	  	"time": 96852,
  	  	  	"judgement": null
  	  	},
  	  	{
  	  	  	"press": true,
  	  	  	"dir": 1,
  	  	  	"time": 96868.6666666667,
  	  	  	"judgement": "sick"
  	  	},
  	  	{
  	  	  	"press": true,
  	  	  	"dir": 2,
  	  	  	"time": 97002.0000000001,
  	  	  	"judgement": "sick"
  	  	},
  	  	{
  	  	  	"press": false,
  	  	  	"dir": 1,
  	  	  	"time": 97002.0000000001,
  	  	  	"judgement": null
  	  	},
  	  	{
  	  	  	"press": true,
  	  	  	"dir": 3,
  	  	  	"time": 97322,
  	  	  	"judgement": "sick"
  	  	},
  	  	{
  	  	  	"press": false,
  	  	  	"dir": 2,
  	  	  	"time": 97322,
  	  	  	"judgement": null
  	  	},
  	  	{
  	  	  	"press": true,
  	  	  	"dir": 0,
  	  	  	"time": 97355.3333333333,
  	  	  	"judgement": "sick"
  	  	},
  	  	{
  	  	  	"press": false,
  	  	  	"dir": 3,
  	  	  	"time": 97388.6666666667,
  	  	  	"judgement": null
  	  	},
  	  	{
  	  	  	"press": false,
  	  	  	"dir": 0,
  	  	  	"time": 97438.6666666667,
  	  	  	"judgement": null
  	  	},
  	  	{
  	  	  	"press": true,
  	  	  	"dir": 3,
  	  	  	"time": 97488.6666666667,
  	  	  	"judgement": "sick"
  	  	},
  	  	{
  	  	  	"press": true,
  	  	  	"dir": 2,
  	  	  	"time": 97572.0000000001,
  	  	  	"judgement": "good"
  	  	},
  	  	{
  	  	  	"press": true,
  	  	  	"dir": 0,
  	  	  	"time": 97588.6666666667,
  	  	  	"judgement": "sick"
  	  	},
  	  	{
  	  	  	"press": false,
  	  	  	"dir": 3,
  	  	  	"time": 97588.6666666667,
  	  	  	"judgement": null
  	  	},
  	  	{
  	  	  	"press": false,
  	  	  	"dir": 2,
  	  	  	"time": 97622.0000000001,
  	  	  	"judgement": null
  	  	},
  	  	{
  	  	  	"press": true,
  	  	  	"dir": 2,
  	  	  	"time": 97688.6666666668,
  	  	  	"judgement": "good"
  	  	},
  	  	{
  	  	  	"press": false,
  	  	  	"dir": 0,
  	  	  	"time": 97705.3333333334,
  	  	  	"judgement": null
  	  	},
  	  	{
  	  	  	"press": false,
  	  	  	"dir": 2,
  	  	  	"time": 97868.6666666667,
  	  	  	"judgement": null
  	  	},
  	  	{
  	  	  	"press": true,
  	  	  	"dir": 3,
  	  	  	"time": 97885.3333333334,
  	  	  	"judgement": "sick"
  	  	},
  	  	{
  	  	  	"press": true,
  	  	  	"dir": 0,
  	  	  	"time": 98002.0000000001,
  	  	  	"judgement": "sick"
  	  	},
  	  	{
  	  	  	"press": false,
  	  	  	"dir": 3,
  	  	  	"time": 98018.6666666667,
  	  	  	"judgement": null
  	  	},
  	  	{
  	  	  	"press": false,
  	  	  	"dir": 0,
  	  	  	"time": 98085.3333333334,
  	  	  	"judgement": null
  	  	},
  	  	{
  	  	  	"press": true,
  	  	  	"dir": 2,
  	  	  	"time": 98118.6666666668,
  	  	  	"judgement": "good"
  	  	},
  	  	{
  	  	  	"press": true,
  	  	  	"dir": 0,
  	  	  	"time": 98218.6666666668,
  	  	  	"judgement": "sick"
  	  	},
  	  	{
  	  	  	"press": false,
  	  	  	"dir": 2,
  	  	  	"time": 98252.0000000001,
  	  	  	"judgement": null
  	  	},
  	  	{
  	  	  	"press": true,
  	  	  	"dir": 3,
  	  	  	"time": 98468.6666666669,
  	  	  	"judgement": "sick"
  	  	},
  	  	{
  	  	  	"press": false,
  	  	  	"dir": 0,
  	  	  	"time": 98502.0000000002,
  	  	  	"judgement": null
  	  	},
  	  	{
  	  	  	"press": true,
  	  	  	"dir": 2,
  	  	  	"time": 98585.3333333336,
  	  	  	"judgement": "sick"
  	  	},
  	  	{
  	  	  	"press": false,
  	  	  	"dir": 3,
  	  	  	"time": 98602.0000000002,
  	  	  	"judgement": null
  	  	},
  	  	{
  	  	  	"press": true,
  	  	  	"dir": 1,
  	  	  	"time": 98682,
  	  	  	"judgement": "sick"
  	  	},
  	  	{
  	  	  	"press": false,
  	  	  	"dir": 2,
  	  	  	"time": 98682,
  	  	  	"judgement": null
  	  	},
  	  	{
  	  	  	"press": true,
  	  	  	"dir": 0,
  	  	  	"time": 98762,
  	  	  	"judgement": "sick"
  	  	},
  	  	{
  	  	  	"press": true,
  	  	  	"dir": 3,
  	  	  	"time": 98822,
  	  	  	"judgement": "sick"
  	  	},
  	  	{
  	  	  	"press": false,
  	  	  	"dir": 0,
  	  	  	"time": 98822,
  	  	  	"judgement": null
  	  	},
  	  	{
  	  	  	"press": false,
  	  	  	"dir": 1,
  	  	  	"time": 98822,
  	  	  	"judgement": null
  	  	},
  	  	{
  	  	  	"press": false,
  	  	  	"dir": 3,
  	  	  	"time": 98905.3333333334,
  	  	  	"judgement": null
  	  	},
  	  	{
  	  	  	"press": true,
  	  	  	"dir": 2,
  	  	  	"time": 98998.6666666667,
  	  	  	"judgement": "good"
  	  	},
  	  	{
  	  	  	"press": true,
  	  	  	"dir": 0,
  	  	  	"time": 99115.3333333334,
  	  	  	"judgement": "sick"
  	  	},
  	  	{
  	  	  	"press": false,
  	  	  	"dir": 2,
  	  	  	"time": 99132,
  	  	  	"judgement": null
  	  	},
  	  	{
  	  	  	"press": true,
  	  	  	"dir": 1,
  	  	  	"time": 99198.6666666667,
  	  	  	"judgement": "sick"
  	  	},
  	  	{
  	  	  	"press": false,
  	  	  	"dir": 0,
  	  	  	"time": 99215.3333333334,
  	  	  	"judgement": null
  	  	},
  	  	{
  	  	  	"press": true,
  	  	  	"dir": 3,
  	  	  	"time": 99248.6666666667,
  	  	  	"judgement": "sick"
  	  	},
  	  	{
  	  	  	"press": false,
  	  	  	"dir": 1,
  	  	  	"time": 99248.6666666667,
  	  	  	"judgement": null
  	  	},
  	  	{
  	  	  	"press": true,
  	  	  	"dir": 2,
  	  	  	"time": 99298.6666666668,
  	  	  	"judgement": "sick"
  	  	},
  	  	{
  	  	  	"press": false,
  	  	  	"dir": 3,
  	  	  	"time": 99348.6666666668,
  	  	  	"judgement": null
  	  	},
  	  	{
  	  	  	"press": true,
  	  	  	"dir": 0,
  	  	  	"time": 99365.3333333334,
  	  	  	"judgement": "sick"
  	  	},
  	  	{
  	  	  	"press": false,
  	  	  	"dir": 2,
  	  	  	"time": 99398.6666666668,
  	  	  	"judgement": null
  	  	},
  	  	{
  	  	  	"press": true,
  	  	  	"dir": 3,
  	  	  	"time": 99515.3333333335,
  	  	  	"judgement": "sick"
  	  	},
  	  	{
  	  	  	"press": false,
  	  	  	"dir": 0,
  	  	  	"time": 99548.6666666668,
  	  	  	"judgement": null
  	  	},
  	  	{
  	  	  	"press": true,
  	  	  	"dir": 1,
  	  	  	"time": 99702,
  	  	  	"judgement": "sick"
  	  	},
  	  	{
  	  	  	"press": true,
  	  	  	"dir": 2,
  	  	  	"time": 99718.6666666667,
  	  	  	"judgement": "good"
  	  	},
  	  	{
  	  	  	"press": false,
  	  	  	"dir": 1,
  	  	  	"time": 99718.6666666667,
  	  	  	"judgement": null
  	  	},
  	  	{
  	  	  	"press": false,
  	  	  	"dir": 3,
  	  	  	"time": 99718.6666666667,
  	  	  	"judgement": null
  	  	},
  	  	{
  	  	  	"press": true,
  	  	  	"dir": 0,
  	  	  	"time": 99878.6666666667,
  	  	  	"judgement": "sick"
  	  	},
  	  	{
  	  	  	"press": false,
  	  	  	"dir": 2,
  	  	  	"time": 99928.6666666667,
  	  	  	"judgement": null
  	  	},
  	  	{
  	  	  	"press": true,
  	  	  	"dir": 1,
  	  	  	"time": 99945.3333333334,
  	  	  	"judgement": "sick"
  	  	},
  	  	{
  	  	  	"press": false,
  	  	  	"dir": 0,
  	  	  	"time": 99962,
  	  	  	"judgement": null
  	  	},
  	  	{
  	  	  	"press": true,
  	  	  	"dir": 3,
  	  	  	"time": 99995.3333333334,
  	  	  	"judgement": "sick"
  	  	},
  	  	{
  	  	  	"press": false,
  	  	  	"dir": 1,
  	  	  	"time": 99995.3333333334,
  	  	  	"judgement": null
  	  	},
  	  	{
  	  	  	"press": true,
  	  	  	"dir": 2,
  	  	  	"time": 100102,
  	  	  	"judgement": "sick"
  	  	},
  	  	{
  	  	  	"press": false,
  	  	  	"dir": 3,
  	  	  	"time": 100135.333333333,
  	  	  	"judgement": null
  	  	},
  	  	{
  	  	  	"press": true,
  	  	  	"dir": 1,
  	  	  	"time": 100185.333333333,
  	  	  	"judgement": "sick"
  	  	},
  	  	{
  	  	  	"press": false,
  	  	  	"dir": 2,
  	  	  	"time": 100202,
  	  	  	"judgement": null
  	  	},
  	  	{
  	  	  	"press": true,
  	  	  	"dir": 0,
  	  	  	"time": 100235.333333333,
  	  	  	"judgement": "sick"
  	  	},
  	  	{
  	  	  	"press": false,
  	  	  	"dir": 1,
  	  	  	"time": 100252,
  	  	  	"judgement": null
  	  	},
  	  	{
  	  	  	"press": true,
  	  	  	"dir": 3,
  	  	  	"time": 100302,
  	  	  	"judgement": "sick"
  	  	},
  	  	{
  	  	  	"press": false,
  	  	  	"dir": 0,
  	  	  	"time": 100318.666666667,
  	  	  	"judgement": null
  	  	},
  	  	{
  	  	  	"press": true,
  	  	  	"dir": 2,
  	  	  	"time": 100368.666666667,
  	  	  	"judgement": "sick"
  	  	},
  	  	{
  	  	  	"press": false,
  	  	  	"dir": 3,
  	  	  	"time": 100435.333333333,
  	  	  	"judgement": null
  	  	},
  	  	{
  	  	  	"press": true,
  	  	  	"dir": 0,
  	  	  	"time": 100468.666666667,
  	  	  	"judgement": "sick"
  	  	},
  	  	{
  	  	  	"press": false,
  	  	  	"dir": 2,
  	  	  	"time": 100468.666666667,
  	  	  	"judgement": null
  	  	},
  	  	{
  	  	  	"press": true,
  	  	  	"dir": 1,
  	  	  	"time": 100535.333333333,
  	  	  	"judgement": "sick"
  	  	},
  	  	{
  	  	  	"press": false,
  	  	  	"dir": 0,
  	  	  	"time": 100552,
  	  	  	"judgement": null
  	  	},
  	  	{
  	  	  	"press": true,
  	  	  	"dir": 3,
  	  	  	"time": 100622,
  	  	  	"judgement": "sick"
  	  	},
  	  	{
  	  	  	"press": false,
  	  	  	"dir": 1,
  	  	  	"time": 100638.666666667,
  	  	  	"judgement": null
  	  	},
  	  	{
  	  	  	"press": true,
  	  	  	"dir": 1,
  	  	  	"time": 100722,
  	  	  	"judgement": "sick"
  	  	},
  	  	{
  	  	  	"press": true,
  	  	  	"dir": 2,
  	  	  	"time": 100832,
  	  	  	"judgement": "good"
  	  	},
  	  	{
  	  	  	"press": false,
  	  	  	"dir": 3,
  	  	  	"time": 100848.666666667,
  	  	  	"judgement": null
  	  	},
  	  	{
  	  	  	"press": false,
  	  	  	"dir": 1,
  	  	  	"time": 100942,
  	  	  	"judgement": null
  	  	},
  	  	{
  	  	  	"press": false,
  	  	  	"dir": 2,
  	  	  	"time": 101408.666666667,
  	  	  	"judgement": null
  	  	},
  	  	{
  	  	  	"press": true,
  	  	  	"dir": 0,
  	  	  	"time": 101492,
  	  	  	"judgement": "sick"
  	  	},
  	  	{
  	  	  	"press": false,
  	  	  	"dir": 0,
  	  	  	"time": 101985.333333333,
  	  	  	"judgement": null
  	  	},
  	  	{
  	  	  	"press": true,
  	  	  	"dir": 1,
  	  	  	"time": 102118.666666667,
  	  	  	"judgement": "sick"
  	  	},
  	  	{
  	  	  	"press": true,
  	  	  	"dir": 2,
  	  	  	"time": 102202,
  	  	  	"judgement": "sick"
  	  	},
  	  	{
  	  	  	"press": false,
  	  	  	"dir": 1,
  	  	  	"time": 102202,
  	  	  	"judgement": null
  	  	},
  	  	{
  	  	  	"press": true,
  	  	  	"dir": 0,
  	  	  	"time": 102268.666666667,
  	  	  	"judgement": "sick"
  	  	},
  	  	{
  	  	  	"press": true,
  	  	  	"dir": 3,
  	  	  	"time": 102268.666666667,
  	  	  	"judgement": "good"
  	  	},
  	  	{
  	  	  	"press": false,
  	  	  	"dir": 2,
  	  	  	"time": 102285.333333333,
  	  	  	"judgement": null
  	  	},
  	  	{
  	  	  	"press": true,
  	  	  	"dir": 1,
  	  	  	"time": 102385.333333333,
  	  	  	"judgement": "sick"
  	  	},
  	  	{
  	  	  	"press": false,
  	  	  	"dir": 3,
  	  	  	"time": 102385.333333333,
  	  	  	"judgement": null
  	  	},
  	  	{
  	  	  	"press": true,
  	  	  	"dir": 2,
  	  	  	"time": 102402,
  	  	  	"judgement": null
  	  	},
  	  	{
  	  	  	"press": false,
  	  	  	"dir": 0,
  	  	  	"time": 102402,
  	  	  	"judgement": null
  	  	},
  	  	{
  	  	  	"press": true,
  	  	  	"dir": 3,
  	  	  	"time": 102435.333333333,
  	  	  	"judgement": "bad"
  	  	},
  	  	{
  	  	  	"press": false,
  	  	  	"dir": 2,
  	  	  	"time": 102435.333333333,
  	  	  	"judgement": null
  	  	},
  	  	{
  	  	  	"press": false,
  	  	  	"dir": 1,
  	  	  	"time": 102452,
  	  	  	"judgement": null
  	  	},
  	  	{
  	  	  	"press": true,
  	  	  	"dir": 0,
  	  	  	"time": 102568.666666667,
  	  	  	"judgement": "good"
  	  	},
  	  	{
  	  	  	"press": false,
  	  	  	"dir": 3,
  	  	  	"time": 102568.666666667,
  	  	  	"judgement": null
  	  	},
  	  	{
  	  	  	"press": true,
  	  	  	"dir": 2,
  	  	  	"time": 102678.666666667,
  	  	  	"judgement": "sick"
  	  	},
  	  	{
  	  	  	"press": false,
  	  	  	"dir": 0,
  	  	  	"time": 102695.333333333,
  	  	  	"judgement": null
  	  	},
  	  	{
  	  	  	"press": true,
  	  	  	"dir": 0,
  	  	  	"time": 102998.666666667,
  	  	  	"judgement": "sick"
  	  	},
  	  	{
  	  	  	"press": false,
  	  	  	"dir": 2,
  	  	  	"time": 103048.666666667,
  	  	  	"judgement": null
  	  	},
  	  	{
  	  	  	"press": false,
  	  	  	"dir": 0,
  	  	  	"time": 103338.666666667,
  	  	  	"judgement": null
  	  	},
  	  	{
  	  	  	"press": true,
  	  	  	"dir": 2,
  	  	  	"time": 103355.333333333,
  	  	  	"judgement": "good"
  	  	},
  	  	{
  	  	  	"press": true,
  	  	  	"dir": 3,
  	  	  	"time": 103405.333333333,
  	  	  	"judgement": "sick"
  	  	},
  	  	{
  	  	  	"press": false,
  	  	  	"dir": 2,
  	  	  	"time": 103422,
  	  	  	"judgement": null
  	  	},
  	  	{
  	  	  	"press": true,
  	  	  	"dir": 0,
  	  	  	"time": 103505.333333333,
  	  	  	"judgement": "bad"
  	  	},
  	  	{
  	  	  	"press": true,
  	  	  	"dir": 2,
  	  	  	"time": 103555.333333333,
  	  	  	"judgement": "sick"
  	  	},
  	  	{
  	  	  	"press": false,
  	  	  	"dir": 3,
  	  	  	"time": 103572,
  	  	  	"judgement": null
  	  	},
  	  	{
  	  	  	"press": false,
  	  	  	"dir": 0,
  	  	  	"time": 103605.333333333,
  	  	  	"judgement": null
  	  	},
  	  	{
  	  	  	"press": false,
  	  	  	"dir": 2,
  	  	  	"time": 103638.666666667,
  	  	  	"judgement": null
  	  	},
  	  	{
  	  	  	"press": true,
  	  	  	"dir": 0,
  	  	  	"time": 103672,
  	  	  	"judgement": "good"
  	  	},
  	  	{
  	  	  	"press": true,
  	  	  	"dir": 3,
  	  	  	"time": 103688.666666667,
  	  	  	"judgement": "good"
  	  	},
  	  	{
  	  	  	"press": false,
  	  	  	"dir": 0,
  	  	  	"time": 103705.333333333,
  	  	  	"judgement": null
  	  	},
  	  	{
  	  	  	"press": true,
  	  	  	"dir": 2,
  	  	  	"time": 104025.333333333,
  	  	  	"judgement": "sick"
  	  	},
  	  	{
  	  	  	"press": false,
  	  	  	"dir": 3,
  	  	  	"time": 104058.666666667,
  	  	  	"judgement": null
  	  	},
  	  	{
  	  	  	"press": true,
  	  	  	"dir": 0,
  	  	  	"time": 104192,
  	  	  	"judgement": "sick"
  	  	},
  	  	{
  	  	  	"press": false,
  	  	  	"dir": 2,
  	  	  	"time": 104192,
  	  	  	"judgement": null
  	  	},
  	  	{
  	  	  	"press": true,
  	  	  	"dir": 3,
  	  	  	"time": 104318.666666667,
  	  	  	"judgement": "sick"
  	  	},
  	  	{
  	  	  	"press": false,
  	  	  	"dir": 0,
  	  	  	"time": 104385.333333333,
  	  	  	"judgement": null
  	  	},
  	  	{
  	  	  	"press": true,
  	  	  	"dir": 2,
  	  	  	"time": 104502,
  	  	  	"judgement": "sick"
  	  	},
  	  	{
  	  	  	"press": false,
  	  	  	"dir": 3,
  	  	  	"time": 104518.666666667,
  	  	  	"judgement": null
  	  	},
  	  	{
  	  	  	"press": true,
  	  	  	"dir": 0,
  	  	  	"time": 104635.333333333,
  	  	  	"judgement": "sick"
  	  	},
  	  	{
  	  	  	"press": true,
  	  	  	"dir": 3,
  	  	  	"time": 105142,
  	  	  	"judgement": "sick"
  	  	},
  	  	{
  	  	  	"press": false,
  	  	  	"dir": 2,
  	  	  	"time": 105158.666666667,
  	  	  	"judgement": null
  	  	},
  	  	{
  	  	  	"press": true,
  	  	  	"dir": 2,
  	  	  	"time": 105378.666666667,
  	  	  	"judgement": "sick"
  	  	},
  	  	{
  	  	  	"press": false,
  	  	  	"dir": 0,
  	  	  	"time": 105445.333333333,
  	  	  	"judgement": null
  	  	},
  	  	{
  	  	  	"press": false,
  	  	  	"dir": 3,
  	  	  	"time": 105445.333333333,
  	  	  	"judgement": null
  	  	},
  	  	{
  	  	  	"press": true,
  	  	  	"dir": 0,
  	  	  	"time": 105722,
  	  	  	"judgement": "sick"
  	  	},
  	  	{
  	  	  	"press": false,
  	  	  	"dir": 2,
  	  	  	"time": 105738.666666667,
  	  	  	"judgement": null
  	  	},
  	  	{
  	  	  	"press": false,
  	  	  	"dir": 0,
  	  	  	"time": 105788.666666667,
  	  	  	"judgement": null
  	  	},
  	  	{
  	  	  	"press": true,
  	  	  	"dir": 3,
  	  	  	"time": 105805.333333333,
  	  	  	"judgement": "sick"
  	  	},
  	  	{
  	  	  	"press": true,
  	  	  	"dir": 2,
  	  	  	"time": 105918.666666667,
  	  	  	"judgement": "sick"
  	  	},
  	  	{
  	  	  	"press": true,
  	  	  	"dir": 0,
  	  	  	"time": 105935.333333333,
  	  	  	"judgement": "sick"
  	  	},
  	  	{
  	  	  	"press": false,
  	  	  	"dir": 3,
  	  	  	"time": 105952,
  	  	  	"judgement": null
  	  	},
  	  	{
  	  	  	"press": true,
  	  	  	"dir": 1,
  	  	  	"time": 106002,
  	  	  	"judgement": "sick"
  	  	},
  	  	{
  	  	  	"press": false,
  	  	  	"dir": 2,
  	  	  	"time": 106018.666666667,
  	  	  	"judgement": null
  	  	},
  	  	{
  	  	  	"press": false,
  	  	  	"dir": 0,
  	  	  	"time": 106035.333333333,
  	  	  	"judgement": null
  	  	},
  	  	{
  	  	  	"press": false,
  	  	  	"dir": 1,
  	  	  	"time": 106102,
  	  	  	"judgement": null
  	  	},
  	  	{
  	  	  	"press": true,
  	  	  	"dir": 2,
  	  	  	"time": 106152,
  	  	  	"judgement": "sick"
  	  	},
  	  	{
  	  	  	"press": true,
  	  	  	"dir": 1,
  	  	  	"time": 106218.666666667,
  	  	  	"judgement": "sick"
  	  	},
  	  	{
  	  	  	"press": false,
  	  	  	"dir": 2,
  	  	  	"time": 106235.333333333,
  	  	  	"judgement": null
  	  	},
  	  	{
  	  	  	"press": true,
  	  	  	"dir": 0,
  	  	  	"time": 106302,
  	  	  	"judgement": "sick"
  	  	},
  	  	{
  	  	  	"press": false,
  	  	  	"dir": 1,
  	  	  	"time": 106335.333333333,
  	  	  	"judgement": null
  	  	},
  	  	{
  	  	  	"press": true,
  	  	  	"dir": 1,
  	  	  	"time": 106418.666666667,
  	  	  	"judgement": "sick"
  	  	},
  	  	{
  	  	  	"press": false,
  	  	  	"dir": 0,
  	  	  	"time": 106502,
  	  	  	"judgement": null
  	  	},
  	  	{
  	  	  	"press": true,
  	  	  	"dir": 3,
  	  	  	"time": 106568.666666667,
  	  	  	"judgement": "sick"
  	  	},
  	  	{
  	  	  	"press": false,
  	  	  	"dir": 1,
  	  	  	"time": 106568.666666667,
  	  	  	"judgement": null
  	  	},
  	  	{
  	  	  	"press": true,
  	  	  	"dir": 2,
  	  	  	"time": 106712,
  	  	  	"judgement": "sick"
  	  	},
  	  	{
  	  	  	"press": false,
  	  	  	"dir": 3,
  	  	  	"time": 106712,
  	  	  	"judgement": null
  	  	},
  	  	{
  	  	  	"press": false,
  	  	  	"dir": 2,
  	  	  	"time": 106818.666666667,
  	  	  	"judgement": null
  	  	},
  	  	{
  	  	  	"press": true,
  	  	  	"dir": 3,
  	  	  	"time": 106852,
  	  	  	"judgement": "sick"
  	  	},
  	  	{
  	  	  	"press": true,
  	  	  	"dir": 0,
  	  	  	"time": 106868.666666667,
  	  	  	"judgement": "sick"
  	  	},
  	  	{
  	  	  	"press": false,
  	  	  	"dir": 3,
  	  	  	"time": 106975.333333333,
  	  	  	"judgement": null
  	  	},
  	  	{
  	  	  	"press": false,
  	  	  	"dir": 0,
  	  	  	"time": 107025.333333333,
  	  	  	"judgement": null
  	  	},
  	  	{
  	  	  	"press": true,
  	  	  	"dir": 2,
  	  	  	"time": 107058.666666667,
  	  	  	"judgement": "sick"
  	  	},
  	  	{
  	  	  	"press": true,
  	  	  	"dir": 1,
  	  	  	"time": 107192,
  	  	  	"judgement": "sick"
  	  	},
  	  	{
  	  	  	"press": false,
  	  	  	"dir": 2,
  	  	  	"time": 107192,
  	  	  	"judgement": null
  	  	},
  	  	{
  	  	  	"press": true,
  	  	  	"dir": 2,
  	  	  	"time": 107292,
  	  	  	"judgement": "sick"
  	  	},
  	  	{
  	  	  	"press": false,
  	  	  	"dir": 1,
  	  	  	"time": 107308.666666667,
  	  	  	"judgement": null
  	  	},
  	  	{
  	  	  	"press": true,
  	  	  	"dir": 0,
  	  	  	"time": 107425.333333333,
  	  	  	"judgement": "good"
  	  	},
  	  	{
  	  	  	"press": false,
  	  	  	"dir": 2,
  	  	  	"time": 107425.333333333,
  	  	  	"judgement": null
  	  	},
  	  	{
  	  	  	"press": true,
  	  	  	"dir": 3,
  	  	  	"time": 107508.666666667,
  	  	  	"judgement": "sick"
  	  	},
  	  	{
  	  	  	"press": false,
  	  	  	"dir": 0,
  	  	  	"time": 107525.333333334,
  	  	  	"judgement": null
  	  	},
  	  	{
  	  	  	"press": true,
  	  	  	"dir": 0,
  	  	  	"time": 107625.333333334,
  	  	  	"judgement": "good"
  	  	},
  	  	{
  	  	  	"press": false,
  	  	  	"dir": 3,
  	  	  	"time": 107625.333333334,
  	  	  	"judgement": null
  	  	},
  	  	{
  	  	  	"press": true,
  	  	  	"dir": 2,
  	  	  	"time": 107782,
  	  	  	"judgement": "bad"
  	  	},
  	  	{
  	  	  	"press": false,
  	  	  	"dir": 0,
  	  	  	"time": 107782,
  	  	  	"judgement": null
  	  	},
  	  	{
  	  	  	"press": true,
  	  	  	"dir": 0,
  	  	  	"time": 107798.666666667,
  	  	  	"judgement": "sick"
  	  	},
  	  	{
  	  	  	"press": false,
  	  	  	"dir": 2,
  	  	  	"time": 107798.666666667,
  	  	  	"judgement": null
  	  	},
  	  	{
  	  	  	"press": true,
  	  	  	"dir": 2,
  	  	  	"time": 107832,
  	  	  	"judgement": "sick"
  	  	},
  	  	{
  	  	  	"press": false,
  	  	  	"dir": 0,
  	  	  	"time": 107848.666666667,
  	  	  	"judgement": null
  	  	},
  	  	{
  	  	  	"press": true,
  	  	  	"dir": 3,
  	  	  	"time": 107962,
  	  	  	"judgement": "sick"
  	  	},
  	  	{
  	  	  	"press": false,
  	  	  	"dir": 2,
  	  	  	"time": 107978.666666667,
  	  	  	"judgement": null
  	  	},
  	  	{
  	  	  	"press": true,
  	  	  	"dir": 0,
  	  	  	"time": 108045.333333333,
  	  	  	"judgement": "good"
  	  	},
  	  	{
  	  	  	"press": false,
  	  	  	"dir": 3,
  	  	  	"time": 108045.333333333,
  	  	  	"judgement": null
  	  	},
  	  	{
  	  	  	"press": false,
  	  	  	"dir": 0,
  	  	  	"time": 108128.666666667,
  	  	  	"judgement": null
  	  	},
  	  	{
  	  	  	"press": true,
  	  	  	"dir": 2,
  	  	  	"time": 108252,
  	  	  	"judgement": "sick"
  	  	},
  	  	{
  	  	  	"press": true,
  	  	  	"dir": 0,
  	  	  	"time": 108362,
  	  	  	"judgement": "sick"
  	  	},
  	  	{
  	  	  	"press": true,
  	  	  	"dir": 3,
  	  	  	"time": 108378.666666667,
  	  	  	"judgement": "good"
  	  	},
  	  	{
  	  	  	"press": false,
  	  	  	"dir": 2,
  	  	  	"time": 108378.666666667,
  	  	  	"judgement": null
  	  	},
  	  	{
  	  	  	"press": true,
  	  	  	"dir": 1,
  	  	  	"time": 108412,
  	  	  	"judgement": "sick"
  	  	},
  	  	{
  	  	  	"press": false,
  	  	  	"dir": 0,
  	  	  	"time": 108412,
  	  	  	"judgement": null
  	  	},
  	  	{
  	  	  	"press": false,
  	  	  	"dir": 3,
  	  	  	"time": 108428.666666667,
  	  	  	"judgement": null
  	  	},
  	  	{
  	  	  	"press": true,
  	  	  	"dir": 0,
  	  	  	"time": 108518.666666667,
  	  	  	"judgement": "sick"
  	  	},
  	  	{
  	  	  	"press": false,
  	  	  	"dir": 1,
  	  	  	"time": 108518.666666667,
  	  	  	"judgement": null
  	  	},
  	  	{
  	  	  	"press": false,
  	  	  	"dir": 0,
  	  	  	"time": 108658.666666667,
  	  	  	"judgement": null
  	  	},
  	  	{
  	  	  	"press": true,
  	  	  	"dir": 3,
  	  	  	"time": 108692,
  	  	  	"judgement": "sick"
  	  	},
  	  	{
  	  	  	"press": true,
  	  	  	"dir": 2,
  	  	  	"time": 108742,
  	  	  	"judgement": "bad"
  	  	},
  	  	{
  	  	  	"press": false,
  	  	  	"dir": 3,
  	  	  	"time": 108862,
  	  	  	"judgement": null
  	  	},
  	  	{
  	  	  	"press": false,
  	  	  	"dir": 2,
  	  	  	"time": 108945.333333333,
  	  	  	"judgement": null
  	  	},
  	  	{
  	  	  	"press": true,
  	  	  	"dir": 0,
  	  	  	"time": 108962,
  	  	  	"judgement": "sick"
  	  	},
  	  	{
  	  	  	"press": true,
  	  	  	"dir": 3,
  	  	  	"time": 108978.666666667,
  	  	  	"judgement": "good"
  	  	},
  	  	{
  	  	  	"press": false,
  	  	  	"dir": 0,
  	  	  	"time": 109122,
  	  	  	"judgement": null
  	  	},
  	  	{
  	  	  	"press": false,
  	  	  	"dir": 3,
  	  	  	"time": 109122,
  	  	  	"judgement": null
  	  	},
  	  	{
  	  	  	"press": true,
  	  	  	"dir": 3,
  	  	  	"time": 109188.666666667,
  	  	  	"judgement": "sick"
  	  	},
  	  	{
  	  	  	"press": true,
  	  	  	"dir": 2,
  	  	  	"time": 109272,
  	  	  	"judgement": "sick"
  	  	},
  	  	{
  	  	  	"press": false,
  	  	  	"dir": 3,
  	  	  	"time": 109322,
  	  	  	"judgement": null
  	  	},
  	  	{
  	  	  	"press": false,
  	  	  	"dir": 2,
  	  	  	"time": 109438.666666667,
  	  	  	"judgement": null
  	  	},
  	  	{
  	  	  	"press": true,
  	  	  	"dir": 0,
  	  	  	"time": 109455.333333333,
  	  	  	"judgement": "sick"
  	  	},
  	  	{
  	  	  	"press": false,
  	  	  	"dir": 0,
  	  	  	"time": 109572,
  	  	  	"judgement": null
  	  	},
  	  	{
  	  	  	"press": true,
  	  	  	"dir": 3,
  	  	  	"time": 109588.666666667,
  	  	  	"judgement": "sick"
  	  	},
  	  	{
  	  	  	"press": false,
  	  	  	"dir": 3,
  	  	  	"time": 109705.333333333,
  	  	  	"judgement": null
  	  	},
  	  	{
  	  	  	"press": true,
  	  	  	"dir": 1,
  	  	  	"time": 109722,
  	  	  	"judgement": "sick"
  	  	},
  	  	{
  	  	  	"press": true,
  	  	  	"dir": 3,
  	  	  	"time": 109855.333333333,
  	  	  	"judgement": "sick"
  	  	},
  	  	{
  	  	  	"press": false,
  	  	  	"dir": 1,
  	  	  	"time": 109855.333333333,
  	  	  	"judgement": null
  	  	},
  	  	{
  	  	  	"press": true,
  	  	  	"dir": 1,
  	  	  	"time": 110042,
  	  	  	"judgement": "sick"
  	  	},
  	  	{
  	  	  	"press": false,
  	  	  	"dir": 3,
  	  	  	"time": 110042,
  	  	  	"judgement": null
  	  	},
  	  	{
  	  	  	"press": false,
  	  	  	"dir": 1,
  	  	  	"time": 110142,
  	  	  	"judgement": null
  	  	},
  	  	{
  	  	  	"press": true,
  	  	  	"dir": 2,
  	  	  	"time": 110208.666666667,
  	  	  	"judgement": "sick"
  	  	},
  	  	{
  	  	  	"press": false,
  	  	  	"dir": 2,
  	  	  	"time": 110358.666666667,
  	  	  	"judgement": null
  	  	},
  	  	{
  	  	  	"press": true,
  	  	  	"dir": 0,
  	  	  	"time": 110375.333333333,
  	  	  	"judgement": "sick"
  	  	},
  	  	{
  	  	  	"press": false,
  	  	  	"dir": 0,
  	  	  	"time": 110492,
  	  	  	"judgement": null
  	  	},
  	  	{
  	  	  	"press": true,
  	  	  	"dir": 2,
  	  	  	"time": 110508.666666667,
  	  	  	"judgement": "sick"
  	  	},
  	  	{
  	  	  	"press": true,
  	  	  	"dir": 3,
  	  	  	"time": 110608.666666667,
  	  	  	"judgement": "sick"
  	  	},
  	  	{
  	  	  	"press": false,
  	  	  	"dir": 2,
  	  	  	"time": 110608.666666667,
  	  	  	"judgement": null
  	  	},
  	  	{
  	  	  	"press": true,
  	  	  	"dir": 0,
  	  	  	"time": 110642,
  	  	  	"judgement": "sick"
  	  	},
  	  	{
  	  	  	"press": false,
  	  	  	"dir": 3,
  	  	  	"time": 110658.666666667,
  	  	  	"judgement": null
  	  	},
  	  	{
  	  	  	"press": true,
  	  	  	"dir": 1,
  	  	  	"time": 110692,
  	  	  	"judgement": "sick"
  	  	},
  	  	{
  	  	  	"press": false,
  	  	  	"dir": 0,
  	  	  	"time": 110708.666666667,
  	  	  	"judgement": null
  	  	},
  	  	{
  	  	  	"press": true,
  	  	  	"dir": 3,
  	  	  	"time": 110758.666666667,
  	  	  	"judgement": "sick"
  	  	},
  	  	{
  	  	  	"press": false,
  	  	  	"dir": 1,
  	  	  	"time": 110758.666666667,
  	  	  	"judgement": null
  	  	},
  	  	{
  	  	  	"press": true,
  	  	  	"dir": 0,
  	  	  	"time": 110842,
  	  	  	"judgement": null
  	  	},
  	  	{
  	  	  	"press": false,
  	  	  	"dir": 3,
  	  	  	"time": 110842,
  	  	  	"judgement": null
  	  	},
  	  	{
  	  	  	"press": true,
  	  	  	"dir": 1,
  	  	  	"time": 110922,
  	  	  	"judgement": "sick"
  	  	},
  	  	{
  	  	  	"press": false,
  	  	  	"dir": 0,
  	  	  	"time": 110922,
  	  	  	"judgement": null
  	  	},
  	  	{
  	  	  	"press": true,
  	  	  	"dir": 3,
  	  	  	"time": 110938.666666667,
  	  	  	"judgement": "sick"
  	  	},
  	  	{
  	  	  	"press": true,
  	  	  	"dir": 0,
  	  	  	"time": 111055.333333333,
  	  	  	"judgement": "sick"
  	  	},
  	  	{
  	  	  	"press": false,
  	  	  	"dir": 1,
  	  	  	"time": 111055.333333333,
  	  	  	"judgement": null
  	  	},
  	  	{
  	  	  	"press": false,
  	  	  	"dir": 3,
  	  	  	"time": 111072,
  	  	  	"judgement": null
  	  	},
  	  	{
  	  	  	"press": true,
  	  	  	"dir": 3,
  	  	  	"time": 111122,
  	  	  	"judgement": "bad"
  	  	},
  	  	{
  	  	  	"press": true,
  	  	  	"dir": 2,
  	  	  	"time": 111138.666666667,
  	  	  	"judgement": "sick"
  	  	},
  	  	{
  	  	  	"press": false,
  	  	  	"dir": 3,
  	  	  	"time": 111155.333333333,
  	  	  	"judgement": null
  	  	},
  	  	{
  	  	  	"press": false,
  	  	  	"dir": 0,
  	  	  	"time": 111188.666666667,
  	  	  	"judgement": null
  	  	},
  	  	{
  	  	  	"press": false,
  	  	  	"dir": 2,
  	  	  	"time": 111238.666666667,
  	  	  	"judgement": null
  	  	},
  	  	{
  	  	  	"press": true,
  	  	  	"dir": 2,
  	  	  	"time": 111255.333333333,
  	  	  	"judgement": "sick"
  	  	},
  	  	{
  	  	  	"press": true,
  	  	  	"dir": 0,
  	  	  	"time": 111272,
  	  	  	"judgement": "good"
  	  	},
  	  	{
  	  	  	"press": false,
  	  	  	"dir": 2,
  	  	  	"time": 111378.666666667,
  	  	  	"judgement": null
  	  	},
  	  	{
  	  	  	"press": false,
  	  	  	"dir": 0,
  	  	  	"time": 111412,
  	  	  	"judgement": null
  	  	},
  	  	{
  	  	  	"press": true,
  	  	  	"dir": 0,
  	  	  	"time": 111478.666666667,
  	  	  	"judgement": "good"
  	  	},
  	  	{
  	  	  	"press": true,
  	  	  	"dir": 3,
  	  	  	"time": 111478.666666667,
  	  	  	"judgement": "good"
  	  	},
  	  	{
  	  	  	"press": true,
  	  	  	"dir": 1,
  	  	  	"time": 111562,
  	  	  	"judgement": "sick"
  	  	},
  	  	{
  	  	  	"press": false,
  	  	  	"dir": 3,
  	  	  	"time": 111562,
  	  	  	"judgement": null
  	  	},
  	  	{
  	  	  	"press": false,
  	  	  	"dir": 0,
  	  	  	"time": 111578.666666667,
  	  	  	"judgement": null
  	  	},
  	  	{
  	  	  	"press": true,
  	  	  	"dir": 0,
  	  	  	"time": 111645.333333333,
  	  	  	"judgement": "good"
  	  	},
  	  	{
  	  	  	"press": false,
  	  	  	"dir": 1,
  	  	  	"time": 111662,
  	  	  	"judgement": null
  	  	},
  	  	{
  	  	  	"press": true,
  	  	  	"dir": 1,
  	  	  	"time": 111755.333333333,
  	  	  	"judgement": null
  	  	},
  	  	{
  	  	  	"press": false,
  	  	  	"dir": 0,
  	  	  	"time": 111755.333333333,
  	  	  	"judgement": null
  	  	},
  	  	{
  	  	  	"press": false,
  	  	  	"dir": 1,
  	  	  	"time": 111772,
  	  	  	"judgement": null
  	  	},
  	  	{
  	  	  	"press": true,
  	  	  	"dir": 0,
  	  	  	"time": 111788.666666667,
  	  	  	"judgement": "good"
  	  	},
  	  	{
  	  	  	"press": true,
  	  	  	"dir": 2,
  	  	  	"time": 111788.666666667,
  	  	  	"judgement": "good"
  	  	},
  	  	{
  	  	  	"press": false,
  	  	  	"dir": 0,
  	  	  	"time": 111805.333333333,
  	  	  	"judgement": null
  	  	},
  	  	{
  	  	  	"press": false,
  	  	  	"dir": 2,
  	  	  	"time": 111805.333333333,
  	  	  	"judgement": null
  	  	},
  	  	{
  	  	  	"press": true,
  	  	  	"dir": 0,
  	  	  	"time": 111978.666666667,
  	  	  	"judgement": "good"
  	  	},
  	  	{
  	  	  	"press": true,
  	  	  	"dir": 3,
  	  	  	"time": 111978.666666667,
  	  	  	"judgement": "sick"
  	  	},
  	  	{
  	  	  	"press": false,
  	  	  	"dir": 3,
  	  	  	"time": 112045.333333333,
  	  	  	"judgement": null
  	  	},
  	  	{
  	  	  	"press": false,
  	  	  	"dir": 0,
  	  	  	"time": 112062,
  	  	  	"judgement": null
  	  	},
  	  	{
  	  	  	"press": true,
  	  	  	"dir": 3,
  	  	  	"time": 112128.666666667,
  	  	  	"judgement": "sick"
  	  	},
  	  	{
  	  	  	"press": true,
  	  	  	"dir": 1,
  	  	  	"time": 112145.333333333,
  	  	  	"judgement": "sick"
  	  	},
  	  	{
  	  	  	"press": false,
  	  	  	"dir": 3,
  	  	  	"time": 112212,
  	  	  	"judgement": null
  	  	},
  	  	{
  	  	  	"press": false,
  	  	  	"dir": 1,
  	  	  	"time": 112228.666666667,
  	  	  	"judgement": null
  	  	},
  	  	{
  	  	  	"press": true,
  	  	  	"dir": 3,
  	  	  	"time": 112278.666666667,
  	  	  	"judgement": "good"
  	  	},
  	  	{
  	  	  	"press": true,
  	  	  	"dir": 1,
  	  	  	"time": 112328.666666667,
  	  	  	"judgement": null
  	  	},
  	  	{
  	  	  	"press": true,
  	  	  	"dir": 2,
  	  	  	"time": 112378.666666667,
  	  	  	"judgement": "good"
  	  	},
  	  	{
  	  	  	"press": false,
  	  	  	"dir": 1,
  	  	  	"time": 112378.666666667,
  	  	  	"judgement": null
  	  	},
  	  	{
  	  	  	"press": false,
  	  	  	"dir": 3,
  	  	  	"time": 112412,
  	  	  	"judgement": null
  	  	},
  	  	{
  	  	  	"press": true,
  	  	  	"dir": 0,
  	  	  	"time": 112478.666666667,
  	  	  	"judgement": "sick"
  	  	},
  	  	{
  	  	  	"press": false,
  	  	  	"dir": 2,
  	  	  	"time": 112478.666666667,
  	  	  	"judgement": null
  	  	},
  	  	{
  	  	  	"press": true,
  	  	  	"dir": 3,
  	  	  	"time": 112528.666666667,
  	  	  	"judgement": "good"
  	  	},
  	  	{
  	  	  	"press": true,
  	  	  	"dir": 1,
  	  	  	"time": 112545.333333334,
  	  	  	"judgement": "good"
  	  	},
  	  	{
  	  	  	"press": false,
  	  	  	"dir": 0,
  	  	  	"time": 112562,
  	  	  	"judgement": null
  	  	},
  	  	{
  	  	  	"press": false,
  	  	  	"dir": 1,
  	  	  	"time": 112562,
  	  	  	"judgement": null
  	  	},
  	  	{
  	  	  	"press": true,
  	  	  	"dir": 2,
  	  	  	"time": 112595.333333334,
  	  	  	"judgement": "shit"
  	  	},
  	  	{
  	  	  	"press": false,
  	  	  	"dir": 3,
  	  	  	"time": 112612,
  	  	  	"judgement": null
  	  	},
  	  	{
  	  	  	"press": true,
  	  	  	"dir": 1,
  	  	  	"time": 112721,
  	  	  	"judgement": null
  	  	},
  	  	{
  	  	  	"press": false,
  	  	  	"dir": 2,
  	  	  	"time": 112721,
  	  	  	"judgement": null
  	  	},
  	  	{
  	  	  	"press": true,
  	  	  	"dir": 0,
  	  	  	"time": 112754.333333333,
  	  	  	"judgement": "sick"
  	  	},
  	  	{
  	  	  	"press": false,
  	  	  	"dir": 1,
  	  	  	"time": 112754.333333333,
  	  	  	"judgement": null
  	  	},
  	  	{
  	  	  	"press": true,
  	  	  	"dir": 2,
  	  	  	"time": 112877.666666667,
  	  	  	"judgement": "bad"
  	  	},
  	  	{
  	  	  	"press": false,
  	  	  	"dir": 0,
  	  	  	"time": 112877.666666667,
  	  	  	"judgement": null
  	  	},
  	  	{
  	  	  	"press": true,
  	  	  	"dir": 3,
  	  	  	"time": 112911,
  	  	  	"judgement": "sick"
  	  	},
  	  	{
  	  	  	"press": false,
  	  	  	"dir": 2,
  	  	  	"time": 112927.666666667,
  	  	  	"judgement": null
  	  	},
  	  	{
  	  	  	"press": true,
  	  	  	"dir": 1,
  	  	  	"time": 113061,
  	  	  	"judgement": "sick"
  	  	},
  	  	{
  	  	  	"press": false,
  	  	  	"dir": 3,
  	  	  	"time": 113061,
  	  	  	"judgement": null
  	  	},
  	  	{
  	  	  	"press": true,
  	  	  	"dir": 0,
  	  	  	"time": 113111,
  	  	  	"judgement": "sick"
  	  	},
  	  	{
  	  	  	"press": true,
  	  	  	"dir": 3,
  	  	  	"time": 113127.666666667,
  	  	  	"judgement": "good"
  	  	},
  	  	{
  	  	  	"press": false,
  	  	  	"dir": 1,
  	  	  	"time": 113144.333333333,
  	  	  	"judgement": null
  	  	},
  	  	{
  	  	  	"press": true,
  	  	  	"dir": 2,
  	  	  	"time": 113211,
  	  	  	"judgement": "sick"
  	  	},
  	  	{
  	  	  	"press": false,
  	  	  	"dir": 0,
  	  	  	"time": 113211,
  	  	  	"judgement": null
  	  	},
  	  	{
  	  	  	"press": false,
  	  	  	"dir": 3,
  	  	  	"time": 113244.333333333,
  	  	  	"judgement": null
  	  	},
  	  	{
  	  	  	"press": true,
  	  	  	"dir": 0,
  	  	  	"time": 113311,
  	  	  	"judgement": "sick"
  	  	},
  	  	{
  	  	  	"press": true,
  	  	  	"dir": 1,
  	  	  	"time": 113344.333333333,
  	  	  	"judgement": "sick"
  	  	},
  	  	{
  	  	  	"press": false,
  	  	  	"dir": 2,
  	  	  	"time": 113344.333333333,
  	  	  	"judgement": null
  	  	},
  	  	{
  	  	  	"press": true,
  	  	  	"dir": 3,
  	  	  	"time": 113394.333333333,
  	  	  	"judgement": "good"
  	  	},
  	  	{
  	  	  	"press": false,
  	  	  	"dir": 0,
  	  	  	"time": 113411,
  	  	  	"judgement": null
  	  	},
  	  	{
  	  	  	"press": false,
  	  	  	"dir": 1,
  	  	  	"time": 113411,
  	  	  	"judgement": null
  	  	},
  	  	{
  	  	  	"press": true,
  	  	  	"dir": 1,
  	  	  	"time": 113511,
  	  	  	"judgement": "sick"
  	  	},
  	  	{
  	  	  	"press": false,
  	  	  	"dir": 2,
  	  	  	"time": 113511,
  	  	  	"judgement": null
  	  	},
  	  	{
  	  	  	"press": false,
  	  	  	"dir": 3,
  	  	  	"time": 113511,
  	  	  	"judgement": null
  	  	},
  	  	{
  	  	  	"press": true,
  	  	  	"dir": 2,
  	  	  	"time": 113611,
  	  	  	"judgement": "sick"
  	  	},
  	  	{
  	  	  	"press": false,
  	  	  	"dir": 1,
  	  	  	"time": 113611,
  	  	  	"judgement": null
  	  	},
  	  	{
  	  	  	"press": true,
  	  	  	"dir": 0,
  	  	  	"time": 113677.666666667,
  	  	  	"judgement": "sick"
  	  	},
  	  	{
  	  	  	"press": false,
  	  	  	"dir": 2,
  	  	  	"time": 113711,
  	  	  	"judgement": null
  	  	},
  	  	{
  	  	  	"press": false,
  	  	  	"dir": 0,
  	  	  	"time": 113761,
  	  	  	"judgement": null
  	  	},
  	  	{
  	  	  	"press": true,
  	  	  	"dir": 0,
  	  	  	"time": 113827.666666667,
  	  	  	"judgement": "sick"
  	  	},
  	  	{
  	  	  	"press": true,
  	  	  	"dir": 2,
  	  	  	"time": 113917.666666667,
  	  	  	"judgement": "sick"
  	  	},
  	  	{
  	  	  	"press": false,
  	  	  	"dir": 0,
  	  	  	"time": 113917.666666667,
  	  	  	"judgement": null
  	  	},
  	  	{
  	  	  	"press": false,
  	  	  	"dir": 2,
  	  	  	"time": 113967.666666667,
  	  	  	"judgement": null
  	  	},
  	  	{
  	  	  	"press": true,
  	  	  	"dir": 0,
  	  	  	"time": 114001,
  	  	  	"judgement": "good"
  	  	},
  	  	{
  	  	  	"press": true,
  	  	  	"dir": 3,
  	  	  	"time": 114067.666666667,
  	  	  	"judgement": "sick"
  	  	},
  	  	{
  	  	  	"press": false,
  	  	  	"dir": 0,
  	  	  	"time": 114067.666666667,
  	  	  	"judgement": null
  	  	},
  	  	{
  	  	  	"press": true,
  	  	  	"dir": 0,
  	  	  	"time": 114151,
  	  	  	"judgement": "bad"
  	  	},
  	  	{
  	  	  	"press": false,
  	  	  	"dir": 3,
  	  	  	"time": 114184.333333333,
  	  	  	"judgement": null
  	  	},
  	  	{
  	  	  	"press": true,
  	  	  	"dir": 2,
  	  	  	"time": 114217.666666667,
  	  	  	"judgement": "sick"
  	  	},
  	  	{
  	  	  	"press": false,
  	  	  	"dir": 0,
  	  	  	"time": 114217.666666667,
  	  	  	"judgement": null
  	  	},
  	  	{
  	  	  	"press": true,
  	  	  	"dir": 0,
  	  	  	"time": 114314.333333333,
  	  	  	"judgement": "shit"
  	  	},
  	  	{
  	  	  	"press": false,
  	  	  	"dir": 2,
  	  	  	"time": 114364.333333333,
  	  	  	"judgement": null
  	  	},
  	  	{
  	  	  	"press": false,
  	  	  	"dir": 0,
  	  	  	"time": 114381,
  	  	  	"judgement": null
  	  	},
  	  	{
  	  	  	"press": true,
  	  	  	"dir": 2,
  	  	  	"time": 114397.666666667,
  	  	  	"judgement": "good"
  	  	},
  	  	{
  	  	  	"press": true,
  	  	  	"dir": 3,
  	  	  	"time": 114414.333333333,
  	  	  	"judgement": "good"
  	  	},
  	  	{
  	  	  	"press": true,
  	  	  	"dir": 1,
  	  	  	"time": 114447.666666667,
  	  	  	"judgement": "good"
  	  	},
  	  	{
  	  	  	"press": false,
  	  	  	"dir": 2,
  	  	  	"time": 114447.666666667,
  	  	  	"judgement": null
  	  	},
  	  	{
  	  	  	"press": false,
  	  	  	"dir": 3,
  	  	  	"time": 114517.666666667,
  	  	  	"judgement": null
  	  	},
  	  	{
  	  	  	"press": false,
  	  	  	"dir": 1,
  	  	  	"time": 114534.333333333,
  	  	  	"judgement": null
  	  	},
  	  	{
  	  	  	"press": true,
  	  	  	"dir": 3,
  	  	  	"time": 114551,
  	  	  	"judgement": "sick"
  	  	},
  	  	{
  	  	  	"press": true,
  	  	  	"dir": 2,
  	  	  	"time": 114567.666666667,
  	  	  	"judgement": "sick"
  	  	},
  	  	{
  	  	  	"press": false,
  	  	  	"dir": 3,
  	  	  	"time": 114617.666666667,
  	  	  	"judgement": null
  	  	},
  	  	{
  	  	  	"press": true,
  	  	  	"dir": 0,
  	  	  	"time": 114634.333333333,
  	  	  	"judgement": "good"
  	  	},
  	  	{
  	  	  	"press": false,
  	  	  	"dir": 2,
  	  	  	"time": 114651,
  	  	  	"judgement": null
  	  	},
  	  	{
  	  	  	"press": true,
  	  	  	"dir": 2,
  	  	  	"time": 114667.666666667,
  	  	  	"judgement": "sick"
  	  	},
  	  	{
  	  	  	"press": true,
  	  	  	"dir": 3,
  	  	  	"time": 114667.666666667,
  	  	  	"judgement": "sick"
  	  	},
  	  	{
  	  	  	"press": false,
  	  	  	"dir": 0,
  	  	  	"time": 114741,
  	  	  	"judgement": null
  	  	},
  	  	{
  	  	  	"press": false,
  	  	  	"dir": 3,
  	  	  	"time": 114741,
  	  	  	"judgement": null
  	  	},
  	  	{
  	  	  	"press": false,
  	  	  	"dir": 2,
  	  	  	"time": 114757.666666667,
  	  	  	"judgement": null
  	  	},
  	  	{
  	  	  	"press": true,
  	  	  	"dir": 0,
  	  	  	"time": 114774.333333333,
  	  	  	"judgement": "sick"
  	  	},
  	  	{
  	  	  	"press": true,
  	  	  	"dir": 3,
  	  	  	"time": 114824.333333333,
  	  	  	"judgement": "sick"
  	  	},
  	  	{
  	  	  	"press": false,
  	  	  	"dir": 0,
  	  	  	"time": 114824.333333333,
  	  	  	"judgement": null
  	  	},
  	  	{
  	  	  	"press": true,
  	  	  	"dir": 0,
  	  	  	"time": 114957.666666667,
  	  	  	"judgement": "bad"
  	  	},
  	  	{
  	  	  	"press": false,
  	  	  	"dir": 3,
  	  	  	"time": 114957.666666667,
  	  	  	"judgement": null
  	  	},
  	  	{
  	  	  	"press": false,
  	  	  	"dir": 0,
  	  	  	"time": 114991,
  	  	  	"judgement": null
  	  	},
  	  	{
  	  	  	"press": true,
  	  	  	"dir": 0,
  	  	  	"time": 115117.666666667,
  	  	  	"judgement": "bad"
  	  	},
  	  	{
  	  	  	"press": true,
  	  	  	"dir": 1,
  	  	  	"time": 115184.333333333,
  	  	  	"judgement": "sick"
  	  	},
  	  	{
  	  	  	"press": false,
  	  	  	"dir": 0,
  	  	  	"time": 115184.333333333,
  	  	  	"judgement": null
  	  	},
  	  	{
  	  	  	"press": true,
  	  	  	"dir": 2,
  	  	  	"time": 115251,
  	  	  	"judgement": "good"
  	  	},
  	  	{
  	  	  	"press": false,
  	  	  	"dir": 1,
  	  	  	"time": 115251,
  	  	  	"judgement": null
  	  	},
  	  	{
  	  	  	"press": false,
  	  	  	"dir": 2,
  	  	  	"time": 115301,
  	  	  	"judgement": null
  	  	},
  	  	{
  	  	  	"press": true,
  	  	  	"dir": 3,
  	  	  	"time": 115401,
  	  	  	"judgement": "sick"
  	  	},
  	  	{
  	  	  	"press": true,
  	  	  	"dir": 0,
  	  	  	"time": 115451,
  	  	  	"judgement": "sick"
  	  	},
  	  	{
  	  	  	"press": false,
  	  	  	"dir": 3,
  	  	  	"time": 115484.333333333,
  	  	  	"judgement": null
  	  	},
  	  	{
  	  	  	"press": true,
  	  	  	"dir": 1,
  	  	  	"time": 115501,
  	  	  	"judgement": "sick"
  	  	},
  	  	{
  	  	  	"press": false,
  	  	  	"dir": 0,
  	  	  	"time": 115551,
  	  	  	"judgement": null
  	  	},
  	  	{
  	  	  	"press": true,
  	  	  	"dir": 3,
  	  	  	"time": 115584.333333333,
  	  	  	"judgement": "sick"
  	  	},
  	  	{
  	  	  	"press": false,
  	  	  	"dir": 1,
  	  	  	"time": 115601,
  	  	  	"judgement": null
  	  	},
  	  	{
  	  	  	"press": true,
  	  	  	"dir": 2,
  	  	  	"time": 115634.333333333,
  	  	  	"judgement": "sick"
  	  	},
  	  	{
  	  	  	"press": false,
  	  	  	"dir": 3,
  	  	  	"time": 115721,
  	  	  	"judgement": null
  	  	},
  	  	{
  	  	  	"press": true,
  	  	  	"dir": 1,
  	  	  	"time": 115737.666666667,
  	  	  	"judgement": "sick"
  	  	},
  	  	{
  	  	  	"press": false,
  	  	  	"dir": 2,
  	  	  	"time": 115737.666666667,
  	  	  	"judgement": null
  	  	},
  	  	{
  	  	  	"press": true,
  	  	  	"dir": 0,
  	  	  	"time": 115787.666666667,
  	  	  	"judgement": "sick"
  	  	},
  	  	{
  	  	  	"press": true,
  	  	  	"dir": 2,
  	  	  	"time": 115901,
  	  	  	"judgement": "sick"
  	  	},
  	  	{
  	  	  	"press": false,
  	  	  	"dir": 1,
  	  	  	"time": 115901,
  	  	  	"judgement": null
  	  	},
  	  	{
  	  	  	"press": false,
  	  	  	"dir": 0,
  	  	  	"time": 115917.666666667,
  	  	  	"judgement": null
  	  	},
  	  	{
  	  	  	"press": true,
  	  	  	"dir": 3,
  	  	  	"time": 115967.666666667,
  	  	  	"judgement": "sick"
  	  	},
  	  	{
  	  	  	"press": false,
  	  	  	"dir": 2,
  	  	  	"time": 115984.333333333,
  	  	  	"judgement": null
  	  	},
  	  	{
  	  	  	"press": true,
  	  	  	"dir": 0,
  	  	  	"time": 116017.666666667,
  	  	  	"judgement": "sick"
  	  	},
  	  	{
  	  	  	"press": false,
  	  	  	"dir": 3,
  	  	  	"time": 116051,
  	  	  	"judgement": null
  	  	},
  	  	{
  	  	  	"press": true,
  	  	  	"dir": 1,
  	  	  	"time": 116101,
  	  	  	"judgement": "sick"
  	  	},
  	  	{
  	  	  	"press": false,
  	  	  	"dir": 0,
  	  	  	"time": 116134.333333333,
  	  	  	"judgement": null
  	  	},
  	  	{
  	  	  	"press": false,
  	  	  	"dir": 1,
  	  	  	"time": 116184.333333333,
  	  	  	"judgement": null
  	  	},
  	  	{
  	  	  	"press": true,
  	  	  	"dir": 3,
  	  	  	"time": 116201,
  	  	  	"judgement": "sick"
  	  	},
  	  	{
  	  	  	"press": true,
  	  	  	"dir": 2,
  	  	  	"time": 116267.666666667,
  	  	  	"judgement": "sick"
  	  	},
  	  	{
  	  	  	"press": false,
  	  	  	"dir": 3,
  	  	  	"time": 116301,
  	  	  	"judgement": null
  	  	},
  	  	{
  	  	  	"press": true,
  	  	  	"dir": 1,
  	  	  	"time": 116334.333333333,
  	  	  	"judgement": "sick"
  	  	},
  	  	{
  	  	  	"press": false,
  	  	  	"dir": 2,
  	  	  	"time": 116334.333333333,
  	  	  	"judgement": null
  	  	},
  	  	{
  	  	  	"press": true,
  	  	  	"dir": 0,
  	  	  	"time": 116417.666666667,
  	  	  	"judgement": "sick"
  	  	},
  	  	{
  	  	  	"press": false,
  	  	  	"dir": 1,
  	  	  	"time": 116434.333333333,
  	  	  	"judgement": null
  	  	},
  	  	{
  	  	  	"press": true,
  	  	  	"dir": 3,
  	  	  	"time": 116467.666666667,
  	  	  	"judgement": "sick"
  	  	},
  	  	{
  	  	  	"press": false,
  	  	  	"dir": 0,
  	  	  	"time": 116501,
  	  	  	"judgement": null
  	  	},
  	  	{
  	  	  	"press": true,
  	  	  	"dir": 2,
  	  	  	"time": 116534.333333334,
  	  	  	"judgement": "sick"
  	  	},
  	  	{
  	  	  	"press": false,
  	  	  	"dir": 3,
  	  	  	"time": 116601,
  	  	  	"judgement": null
  	  	},
  	  	{
  	  	  	"press": true,
  	  	  	"dir": 0,
  	  	  	"time": 116634.333333334,
  	  	  	"judgement": "sick"
  	  	},
  	  	{
  	  	  	"press": false,
  	  	  	"dir": 2,
  	  	  	"time": 116634.333333334,
  	  	  	"judgement": null
  	  	},
  	  	{
  	  	  	"press": true,
  	  	  	"dir": 1,
  	  	  	"time": 116684.333333334,
  	  	  	"judgement": "sick"
  	  	},
  	  	{
  	  	  	"press": false,
  	  	  	"dir": 0,
  	  	  	"time": 116781,
  	  	  	"judgement": null
  	  	},
  	  	{
  	  	  	"press": false,
  	  	  	"dir": 1,
  	  	  	"time": 116781,
  	  	  	"judgement": null
  	  	},
  	  	{
  	  	  	"press": true,
  	  	  	"dir": 2,
  	  	  	"time": 116814.333333333,
  	  	  	"judgement": "sick"
  	  	},
  	  	{
  	  	  	"press": true,
  	  	  	"dir": 1,
  	  	  	"time": 116941,
  	  	  	"judgement": "sick"
  	  	},
  	  	{
  	  	  	"press": true,
  	  	  	"dir": 3,
  	  	  	"time": 116941,
  	  	  	"judgement": "good"
  	  	},
  	  	{
  	  	  	"press": false,
  	  	  	"dir": 2,
  	  	  	"time": 116941,
  	  	  	"judgement": null
  	  	},
  	  	{
  	  	  	"press": true,
  	  	  	"dir": 0,
  	  	  	"time": 116991,
  	  	  	"judgement": "sick"
  	  	},
  	  	{
  	  	  	"press": false,
  	  	  	"dir": 3,
  	  	  	"time": 116991,
  	  	  	"judgement": null
  	  	},
  	  	{
  	  	  	"press": false,
  	  	  	"dir": 1,
  	  	  	"time": 117057.666666667,
  	  	  	"judgement": null
  	  	},
  	  	{
  	  	  	"press": true,
  	  	  	"dir": 1,
  	  	  	"time": 117141,
  	  	  	"judgement": "sick"
  	  	},
  	  	{
  	  	  	"press": false,
  	  	  	"dir": 0,
  	  	  	"time": 117157.666666667,
  	  	  	"judgement": null
  	  	},
  	  	{
  	  	  	"press": false,
  	  	  	"dir": 1,
  	  	  	"time": 117207.666666667,
  	  	  	"judgement": null
  	  	},
  	  	{
  	  	  	"press": true,
  	  	  	"dir": 2,
  	  	  	"time": 117224.333333333,
  	  	  	"judgement": "good"
  	  	},
  	  	{
  	  	  	"press": true,
  	  	  	"dir": 0,
  	  	  	"time": 117324.333333333,
  	  	  	"judgement": "good"
  	  	},
  	  	{
  	  	  	"press": false,
  	  	  	"dir": 2,
  	  	  	"time": 117341,
  	  	  	"judgement": null
  	  	},
  	  	{
  	  	  	"press": true,
  	  	  	"dir": 1,
  	  	  	"time": 117407.666666667,
  	  	  	"judgement": "good"
  	  	},
  	  	{
  	  	  	"press": false,
  	  	  	"dir": 0,
  	  	  	"time": 117424.333333333,
  	  	  	"judgement": null
  	  	},
  	  	{
  	  	  	"press": true,
  	  	  	"dir": 3,
  	  	  	"time": 117457.666666667,
  	  	  	"judgement": "good"
  	  	},
  	  	{
  	  	  	"press": false,
  	  	  	"dir": 1,
  	  	  	"time": 117474.333333333,
  	  	  	"judgement": null
  	  	},
  	  	{
  	  	  	"press": true,
  	  	  	"dir": 2,
  	  	  	"time": 117524.333333333,
  	  	  	"judgement": "good"
  	  	},
  	  	{
  	  	  	"press": false,
  	  	  	"dir": 3,
  	  	  	"time": 117557.666666667,
  	  	  	"judgement": null
  	  	},
  	  	{
  	  	  	"press": true,
  	  	  	"dir": 1,
  	  	  	"time": 117591,
  	  	  	"judgement": "sick"
  	  	},
  	  	{
  	  	  	"press": false,
  	  	  	"dir": 2,
  	  	  	"time": 117607.666666667,
  	  	  	"judgement": null
  	  	},
  	  	{
  	  	  	"press": true,
  	  	  	"dir": 0,
  	  	  	"time": 117641,
  	  	  	"judgement": "sick"
  	  	},
  	  	{
  	  	  	"press": false,
  	  	  	"dir": 1,
  	  	  	"time": 117657.666666667,
  	  	  	"judgement": null
  	  	},
  	  	{
  	  	  	"press": true,
  	  	  	"dir": 1,
  	  	  	"time": 117757.666666667,
  	  	  	"judgement": "good"
  	  	},
  	  	{
  	  	  	"press": false,
  	  	  	"dir": 0,
  	  	  	"time": 117774.333333333,
  	  	  	"judgement": null
  	  	},
  	  	{
  	  	  	"press": true,
  	  	  	"dir": 2,
  	  	  	"time": 117791,
  	  	  	"judgement": "sick"
  	  	},
  	  	{
  	  	  	"press": false,
  	  	  	"dir": 1,
  	  	  	"time": 117824.333333333,
  	  	  	"judgement": null
  	  	},
  	  	{
  	  	  	"press": false,
  	  	  	"dir": 2,
  	  	  	"time": 117897.666666667,
  	  	  	"judgement": null
  	  	},
  	  	{
  	  	  	"press": true,
  	  	  	"dir": 0,
  	  	  	"time": 117914.333333333,
  	  	  	"judgement": "good"
  	  	},
  	  	{
  	  	  	"press": true,
  	  	  	"dir": 1,
  	  	  	"time": 117947.666666667,
  	  	  	"judgement": "sick"
  	  	},
  	  	{
  	  	  	"press": false,
  	  	  	"dir": 0,
  	  	  	"time": 118021,
  	  	  	"judgement": null
  	  	},
  	  	{
  	  	  	"press": true,
  	  	  	"dir": 3,
  	  	  	"time": 118037.666666667,
  	  	  	"judgement": "sick"
  	  	},
  	  	{
  	  	  	"press": false,
  	  	  	"dir": 1,
  	  	  	"time": 118087.666666667,
  	  	  	"judgement": null
  	  	},
  	  	{
  	  	  	"press": true,
  	  	  	"dir": 2,
  	  	  	"time": 118121,
  	  	  	"judgement": "good"
  	  	},
  	  	{
  	  	  	"press": false,
  	  	  	"dir": 3,
  	  	  	"time": 118171,
  	  	  	"judgement": null
  	  	},
  	  	{
  	  	  	"press": true,
  	  	  	"dir": 0,
  	  	  	"time": 118187.666666667,
  	  	  	"judgement": "sick"
  	  	},
  	  	{
  	  	  	"press": false,
  	  	  	"dir": 2,
  	  	  	"time": 118204.333333333,
  	  	  	"judgement": null
  	  	},
  	  	{
  	  	  	"press": true,
  	  	  	"dir": 1,
  	  	  	"time": 118287.666666667,
  	  	  	"judgement": "good"
  	  	},
  	  	{
  	  	  	"press": false,
  	  	  	"dir": 0,
  	  	  	"time": 118304.333333333,
  	  	  	"judgement": null
  	  	},
  	  	{
  	  	  	"press": true,
  	  	  	"dir": 2,
  	  	  	"time": 118337.666666667,
  	  	  	"judgement": "sick"
  	  	},
  	  	{
  	  	  	"press": false,
  	  	  	"dir": 1,
  	  	  	"time": 118354.333333333,
  	  	  	"judgement": null
  	  	},
  	  	{
  	  	  	"press": true,
  	  	  	"dir": 3,
  	  	  	"time": 118404.333333333,
  	  	  	"judgement": "sick"
  	  	},
  	  	{
  	  	  	"press": false,
  	  	  	"dir": 2,
  	  	  	"time": 118421,
  	  	  	"judgement": null
  	  	},
  	  	{
  	  	  	"press": true,
  	  	  	"dir": 1,
  	  	  	"time": 118471,
  	  	  	"judgement": "sick"
  	  	},
  	  	{
  	  	  	"press": false,
  	  	  	"dir": 3,
  	  	  	"time": 118487.666666667,
  	  	  	"judgement": null
  	  	},
  	  	{
  	  	  	"press": true,
  	  	  	"dir": 0,
  	  	  	"time": 118521,
  	  	  	"judgement": "sick"
  	  	},
  	  	{
  	  	  	"press": false,
  	  	  	"dir": 1,
  	  	  	"time": 118537.666666667,
  	  	  	"judgement": null
  	  	},
  	  	{
  	  	  	"press": true,
  	  	  	"dir": 2,
  	  	  	"time": 118604.333333334,
  	  	  	"judgement": "sick"
  	  	},
  	  	{
  	  	  	"press": false,
  	  	  	"dir": 0,
  	  	  	"time": 118621,
  	  	  	"judgement": null
  	  	},
  	  	{
  	  	  	"press": true,
  	  	  	"dir": 1,
  	  	  	"time": 118671,
  	  	  	"judgement": "sick"
  	  	},
  	  	{
  	  	  	"press": false,
  	  	  	"dir": 2,
  	  	  	"time": 118671,
  	  	  	"judgement": null
  	  	},
  	  	{
  	  	  	"press": false,
  	  	  	"dir": 1,
  	  	  	"time": 118737.666666667,
  	  	  	"judgement": null
  	  	},
  	  	{
  	  	  	"press": true,
  	  	  	"dir": 2,
  	  	  	"time": 118754.333333334,
  	  	  	"judgement": "sick"
  	  	},
  	  	{
  	  	  	"press": true,
  	  	  	"dir": 3,
  	  	  	"time": 118804.333333334,
  	  	  	"judgement": "sick"
  	  	},
  	  	{
  	  	  	"press": false,
  	  	  	"dir": 2,
  	  	  	"time": 118821,
  	  	  	"judgement": null
  	  	},
  	  	{
  	  	  	"press": true,
  	  	  	"dir": 1,
  	  	  	"time": 118921,
  	  	  	"judgement": "good"
  	  	},
  	  	{
  	  	  	"press": true,
  	  	  	"dir": 2,
  	  	  	"time": 118921,
  	  	  	"judgement": "sick"
  	  	},
  	  	{
  	  	  	"press": false,
  	  	  	"dir": 3,
  	  	  	"time": 118954.333333333,
  	  	  	"judgement": null
  	  	},
  	  	{
  	  	  	"press": false,
  	  	  	"dir": 1,
  	  	  	"time": 119004.333333333,
  	  	  	"judgement": null
  	  	},
  	  	{
  	  	  	"press": false,
  	  	  	"dir": 2,
  	  	  	"time": 119004.333333333,
  	  	  	"judgement": null
  	  	},
  	  	{
  	  	  	"press": true,
  	  	  	"dir": 3,
  	  	  	"time": 119037.666666667,
  	  	  	"judgement": "sick"
  	  	},
  	  	{
  	  	  	"press": true,
  	  	  	"dir": 1,
  	  	  	"time": 119137.666666667,
  	  	  	"judgement": "good"
  	  	},
  	  	{
  	  	  	"press": true,
  	  	  	"dir": 2,
  	  	  	"time": 119137.666666667,
  	  	  	"judgement": "sick"
  	  	},
  	  	{
  	  	  	"press": false,
  	  	  	"dir": 3,
  	  	  	"time": 119171,
  	  	  	"judgement": null
  	  	},
  	  	{
  	  	  	"press": false,
  	  	  	"dir": 1,
  	  	  	"time": 119237.666666667,
  	  	  	"judgement": null
  	  	},
  	  	{
  	  	  	"press": false,
  	  	  	"dir": 2,
  	  	  	"time": 119237.666666667,
  	  	  	"judgement": null
  	  	},
  	  	{
  	  	  	"press": true,
  	  	  	"dir": 0,
  	  	  	"time": 119271,
  	  	  	"judgement": "sick"
  	  	},
  	  	{
  	  	  	"press": true,
  	  	  	"dir": 1,
  	  	  	"time": 119337.666666667,
  	  	  	"judgement": "sick"
  	  	},
  	  	{
  	  	  	"press": false,
  	  	  	"dir": 0,
  	  	  	"time": 119371,
  	  	  	"judgement": null
  	  	},
  	  	{
  	  	  	"press": true,
  	  	  	"dir": 2,
  	  	  	"time": 119404.333333333,
  	  	  	"judgement": "sick"
  	  	},
  	  	{
  	  	  	"press": false,
  	  	  	"dir": 1,
  	  	  	"time": 119421,
  	  	  	"judgement": null
  	  	},
  	  	{
  	  	  	"press": false,
  	  	  	"dir": 2,
  	  	  	"time": 119471,
  	  	  	"judgement": null
  	  	},
  	  	{
  	  	  	"press": true,
  	  	  	"dir": 0,
  	  	  	"time": 119487.666666667,
  	  	  	"judgement": "sick"
  	  	},
  	  	{
  	  	  	"press": true,
  	  	  	"dir": 1,
  	  	  	"time": 119571,
  	  	  	"judgement": "sick"
  	  	},
  	  	{
  	  	  	"press": false,
  	  	  	"dir": 0,
  	  	  	"time": 119587.666666667,
  	  	  	"judgement": null
  	  	},
  	  	{
  	  	  	"press": true,
  	  	  	"dir": 3,
  	  	  	"time": 119604.333333334,
  	  	  	"judgement": "sick"
  	  	},
  	  	{
  	  	  	"press": false,
  	  	  	"dir": 1,
  	  	  	"time": 119637.666666667,
  	  	  	"judgement": null
  	  	},
  	  	{
  	  	  	"press": true,
  	  	  	"dir": 2,
  	  	  	"time": 119687.666666667,
  	  	  	"judgement": "sick"
  	  	},
  	  	{
  	  	  	"press": false,
  	  	  	"dir": 3,
  	  	  	"time": 119757.666666667,
  	  	  	"judgement": null
  	  	},
  	  	{
  	  	  	"press": true,
  	  	  	"dir": 1,
  	  	  	"time": 119791,
  	  	  	"judgement": "sick"
  	  	},
  	  	{
  	  	  	"press": false,
  	  	  	"dir": 2,
  	  	  	"time": 119791,
  	  	  	"judgement": null
  	  	},
  	  	{
  	  	  	"press": true,
  	  	  	"dir": 0,
  	  	  	"time": 119841,
  	  	  	"judgement": "sick"
  	  	},
  	  	{
  	  	  	"press": false,
  	  	  	"dir": 1,
  	  	  	"time": 119901,
  	  	  	"judgement": null
  	  	},
  	  	{
  	  	  	"press": true,
  	  	  	"dir": 2,
  	  	  	"time": 119934.333333333,
  	  	  	"judgement": "sick"
  	  	},
  	  	{
  	  	  	"press": false,
  	  	  	"dir": 0,
  	  	  	"time": 119951,
  	  	  	"judgement": null
  	  	},
  	  	{
  	  	  	"press": true,
  	  	  	"dir": 3,
  	  	  	"time": 119984.333333333,
  	  	  	"judgement": "sick"
  	  	},
  	  	{
  	  	  	"press": false,
  	  	  	"dir": 2,
  	  	  	"time": 119984.333333333,
  	  	  	"judgement": null
  	  	},
  	  	{
  	  	  	"press": true,
  	  	  	"dir": 1,
  	  	  	"time": 120077.666666667,
  	  	  	"judgement": "sick"
  	  	},
  	  	{
  	  	  	"press": true,
  	  	  	"dir": 0,
  	  	  	"time": 120094.333333333,
  	  	  	"judgement": "good"
  	  	},
  	  	{
  	  	  	"press": true,
  	  	  	"dir": 2,
  	  	  	"time": 120094.333333333,
  	  	  	"judgement": null
  	  	},
  	  	{
  	  	  	"press": true,
  	  	  	"dir": 3,
  	  	  	"time": 120094.333333333,
  	  	  	"judgement": "shit"
  	  	},
  	  	{
  	  	  	"press": false,
  	  	  	"dir": 1,
  	  	  	"time": 120094.333333333,
  	  	  	"judgement": null
  	  	},
  	  	{
  	  	  	"press": true,
  	  	  	"dir": 1,
  	  	  	"time": 120111,
  	  	  	"judgement": null
  	  	},
  	  	{
  	  	  	"press": true,
  	  	  	"dir": 0,
  	  	  	"time": 120144.333333333,
  	  	  	"judgement": null
  	  	},
  	  	{
  	  	  	"press": true,
  	  	  	"dir": 3,
  	  	  	"time": 120144.333333333,
  	  	  	"judgement": null
  	  	},
  	  	{
  	  	  	"press": false,
  	  	  	"dir": 1,
  	  	  	"time": 120144.333333333,
  	  	  	"judgement": null
  	  	},
  	  	{
  	  	  	"press": false,
  	  	  	"dir": 2,
  	  	  	"time": 120144.333333333,
  	  	  	"judgement": null
  	  	},
  	  	{
  	  	  	"press": true,
  	  	  	"dir": 2,
  	  	  	"time": 120421,
  	  	  	"judgement": "bad"
  	  	},
  	  	{
  	  	  	"press": true,
  	  	  	"dir": 1,
  	  	  	"time": 120437.666666667,
  	  	  	"judgement": "sick"
  	  	},
  	  	{
  	  	  	"press": false,
  	  	  	"dir": 0,
  	  	  	"time": 120454.333333333,
  	  	  	"judgement": null
  	  	},
  	  	{
  	  	  	"press": false,
  	  	  	"dir": 3,
  	  	  	"time": 120454.333333333,
  	  	  	"judgement": null
  	  	},
  	  	{
  	  	  	"press": true,
  	  	  	"dir": 0,
  	  	  	"time": 120537.666666667,
  	  	  	"judgement": "sick"
  	  	},
  	  	{
  	  	  	"press": false,
  	  	  	"dir": 2,
  	  	  	"time": 120537.666666667,
  	  	  	"judgement": null
  	  	},
  	  	{
  	  	  	"press": false,
  	  	  	"dir": 1,
  	  	  	"time": 120554.333333333,
  	  	  	"judgement": null
  	  	},
  	  	{
  	  	  	"press": true,
  	  	  	"dir": 3,
  	  	  	"time": 120571,
  	  	  	"judgement": null
  	  	},
  	  	{
  	  	  	"press": true,
  	  	  	"dir": 2,
  	  	  	"time": 120621,
  	  	  	"judgement": "shit"
  	  	},
  	  	{
  	  	  	"press": true,
  	  	  	"dir": 1,
  	  	  	"time": 120637.666666667,
  	  	  	"judgement": "sick"
  	  	},
  	  	{
  	  	  	"press": false,
  	  	  	"dir": 0,
  	  	  	"time": 120671,
  	  	  	"judgement": null
  	  	},
  	  	{
  	  	  	"press": false,
  	  	  	"dir": 3,
  	  	  	"time": 120687.666666667,
  	  	  	"judgement": null
  	  	},
  	  	{
  	  	  	"press": false,
  	  	  	"dir": 1,
  	  	  	"time": 120771,
  	  	  	"judgement": null
  	  	},
  	  	{
  	  	  	"press": false,
  	  	  	"dir": 2,
  	  	  	"time": 120771,
  	  	  	"judgement": null
  	  	},
  	  	{
  	  	  	"press": true,
  	  	  	"dir": 3,
  	  	  	"time": 120821,
  	  	  	"judgement": "good"
  	  	},
  	  	{
  	  	  	"press": true,
  	  	  	"dir": 0,
  	  	  	"time": 120854.333333333,
  	  	  	"judgement": "sick"
  	  	},
  	  	{
  	  	  	"press": true,
  	  	  	"dir": 1,
  	  	  	"time": 120921,
  	  	  	"judgement": "sick"
  	  	},
  	  	{
  	  	  	"press": false,
  	  	  	"dir": 3,
  	  	  	"time": 120921,
  	  	  	"judgement": null
  	  	},
  	  	{
  	  	  	"press": false,
  	  	  	"dir": 0,
  	  	  	"time": 120937.666666667,
  	  	  	"judgement": null
  	  	},
  	  	{
  	  	  	"press": true,
  	  	  	"dir": 3,
  	  	  	"time": 120971,
  	  	  	"judgement": "sick"
  	  	},
  	  	{
  	  	  	"press": false,
  	  	  	"dir": 1,
  	  	  	"time": 121021,
  	  	  	"judgement": null
  	  	},
  	  	{
  	  	  	"press": true,
  	  	  	"dir": 2,
  	  	  	"time": 121054.333333333,
  	  	  	"judgement": "sick"
  	  	},
  	  	{
  	  	  	"press": false,
  	  	  	"dir": 3,
  	  	  	"time": 121071,
  	  	  	"judgement": null
  	  	},
  	  	{
  	  	  	"press": true,
  	  	  	"dir": 0,
  	  	  	"time": 121087.666666667,
  	  	  	"judgement": "good"
  	  	},
  	  	{
  	  	  	"press": false,
  	  	  	"dir": 2,
  	  	  	"time": 121104.333333333,
  	  	  	"judgement": null
  	  	},
  	  	{
  	  	  	"press": true,
  	  	  	"dir": 1,
  	  	  	"time": 121121,
  	  	  	"judgement": "bad"
  	  	},
  	  	{
  	  	  	"press": false,
  	  	  	"dir": 0,
  	  	  	"time": 121121,
  	  	  	"judgement": null
  	  	},
  	  	{
  	  	  	"press": true,
  	  	  	"dir": 3,
  	  	  	"time": 121277.666666667,
  	  	  	"judgement": "sick"
  	  	},
  	  	{
  	  	  	"press": false,
  	  	  	"dir": 1,
  	  	  	"time": 121277.666666667,
  	  	  	"judgement": null
  	  	},
  	  	{
  	  	  	"press": true,
  	  	  	"dir": 2,
  	  	  	"time": 121344.333333333,
  	  	  	"judgement": "sick"
  	  	},
  	  	{
  	  	  	"press": false,
  	  	  	"dir": 3,
  	  	  	"time": 121377.666666667,
  	  	  	"judgement": null
  	  	},
  	  	{
  	  	  	"press": true,
  	  	  	"dir": 0,
  	  	  	"time": 121394.333333333,
  	  	  	"judgement": "good"
  	  	},
  	  	{
  	  	  	"press": false,
  	  	  	"dir": 2,
  	  	  	"time": 121411,
  	  	  	"judgement": null
  	  	},
  	  	{
  	  	  	"press": true,
  	  	  	"dir": 1,
  	  	  	"time": 121531,
  	  	  	"judgement": "sick"
  	  	},
  	  	{
  	  	  	"press": false,
  	  	  	"dir": 0,
  	  	  	"time": 121547.666666667,
  	  	  	"judgement": null
  	  	},
  	  	{
  	  	  	"press": true,
  	  	  	"dir": 3,
  	  	  	"time": 121564.333333333,
  	  	  	"judgement": "bad"
  	  	},
  	  	{
  	  	  	"press": false,
  	  	  	"dir": 1,
  	  	  	"time": 121597.666666667,
  	  	  	"judgement": null
  	  	},
  	  	{
  	  	  	"press": true,
  	  	  	"dir": 2,
  	  	  	"time": 121631,
  	  	  	"judgement": "sick"
  	  	},
  	  	{
  	  	  	"press": false,
  	  	  	"dir": 3,
  	  	  	"time": 121681,
  	  	  	"judgement": null
  	  	},
  	  	{
  	  	  	"press": true,
  	  	  	"dir": 0,
  	  	  	"time": 121697.666666667,
  	  	  	"judgement": "good"
  	  	},
  	  	{
  	  	  	"press": false,
  	  	  	"dir": 2,
  	  	  	"time": 121697.666666667,
  	  	  	"judgement": null
  	  	},
  	  	{
  	  	  	"press": true,
  	  	  	"dir": 3,
  	  	  	"time": 121781,
  	  	  	"judgement": "bad"
  	  	},
  	  	{
  	  	  	"press": false,
  	  	  	"dir": 0,
  	  	  	"time": 121781,
  	  	  	"judgement": null
  	  	},
  	  	{
  	  	  	"press": true,
  	  	  	"dir": 1,
  	  	  	"time": 121861,
  	  	  	"judgement": "sick"
  	  	},
  	  	{
  	  	  	"press": false,
  	  	  	"dir": 1,
  	  	  	"time": 121911,
  	  	  	"judgement": null
  	  	},
  	  	{
  	  	  	"press": false,
  	  	  	"dir": 3,
  	  	  	"time": 121911,
  	  	  	"judgement": null
  	  	},
  	  	{
  	  	  	"press": true,
  	  	  	"dir": 2,
  	  	  	"time": 121927.666666667,
  	  	  	"judgement": "good"
  	  	},
  	  	{
  	  	  	"press": true,
  	  	  	"dir": 1,
  	  	  	"time": 122051,
  	  	  	"judgement": "sick"
  	  	},
  	  	{
  	  	  	"press": false,
  	  	  	"dir": 2,
  	  	  	"time": 122051,
  	  	  	"judgement": null
  	  	},
  	  	{
  	  	  	"press": true,
  	  	  	"dir": 0,
  	  	  	"time": 122067.666666667,
  	  	  	"judgement": "good"
  	  	},
  	  	{
  	  	  	"press": false,
  	  	  	"dir": 1,
  	  	  	"time": 122084.333333333,
  	  	  	"judgement": null
  	  	},
  	  	{
  	  	  	"press": true,
  	  	  	"dir": 3,
  	  	  	"time": 122181,
  	  	  	"judgement": "sick"
  	  	},
  	  	{
  	  	  	"press": false,
  	  	  	"dir": 0,
  	  	  	"time": 122214.333333333,
  	  	  	"judgement": null
  	  	},
  	  	{
  	  	  	"press": true,
  	  	  	"dir": 2,
  	  	  	"time": 122247.666666667,
  	  	  	"judgement": "sick"
  	  	},
  	  	{
  	  	  	"press": false,
  	  	  	"dir": 3,
  	  	  	"time": 122247.666666667,
  	  	  	"judgement": null
  	  	},
  	  	{
  	  	  	"press": false,
  	  	  	"dir": 2,
  	  	  	"time": 122337.666666667,
  	  	  	"judgement": null
  	  	},
  	  	{
  	  	  	"press": true,
  	  	  	"dir": 0,
  	  	  	"time": 122371,
  	  	  	"judgement": "sick"
  	  	},
  	  	{
  	  	  	"press": true,
  	  	  	"dir": 3,
  	  	  	"time": 122454.333333333,
  	  	  	"judgement": "sick"
  	  	},
  	  	{
  	  	  	"press": false,
  	  	  	"dir": 0,
  	  	  	"time": 122471,
  	  	  	"judgement": null
  	  	},
  	  	{
  	  	  	"press": true,
  	  	  	"dir": 1,
  	  	  	"time": 122571,
  	  	  	"judgement": "good"
  	  	},
  	  	{
  	  	  	"press": false,
  	  	  	"dir": 3,
  	  	  	"time": 122587.666666667,
  	  	  	"judgement": null
  	  	},
  	  	{
  	  	  	"press": true,
  	  	  	"dir": 0,
  	  	  	"time": 122637.666666667,
  	  	  	"judgement": "good"
  	  	},
  	  	{
  	  	  	"press": false,
  	  	  	"dir": 1,
  	  	  	"time": 122654.333333333,
  	  	  	"judgement": null
  	  	},
  	  	{
  	  	  	"press": true,
  	  	  	"dir": 3,
  	  	  	"time": 122704.333333333,
  	  	  	"judgement": "good"
  	  	},
  	  	{
  	  	  	"press": false,
  	  	  	"dir": 0,
  	  	  	"time": 122721,
  	  	  	"judgement": null
  	  	},
  	  	{
  	  	  	"press": true,
  	  	  	"dir": 2,
  	  	  	"time": 122754.333333333,
  	  	  	"judgement": "sick"
  	  	},
  	  	{
  	  	  	"press": false,
  	  	  	"dir": 3,
  	  	  	"time": 122804.333333333,
  	  	  	"judgement": null
  	  	},
  	  	{
  	  	  	"press": true,
  	  	  	"dir": 0,
  	  	  	"time": 122837.666666667,
  	  	  	"judgement": "sick"
  	  	},
  	  	{
  	  	  	"press": false,
  	  	  	"dir": 2,
  	  	  	"time": 122871,
  	  	  	"judgement": null
  	  	},
  	  	{
  	  	  	"press": true,
  	  	  	"dir": 1,
  	  	  	"time": 122921,
  	  	  	"judgement": "good"
  	  	},
  	  	{
  	  	  	"press": true,
  	  	  	"dir": 3,
  	  	  	"time": 122954.333333333,
  	  	  	"judgement": "sick"
  	  	},
  	  	{
  	  	  	"press": false,
  	  	  	"dir": 0,
  	  	  	"time": 122954.333333333,
  	  	  	"judgement": null
  	  	},
  	  	{
  	  	  	"press": false,
  	  	  	"dir": 1,
  	  	  	"time": 123004.333333333,
  	  	  	"judgement": null
  	  	},
  	  	{
  	  	  	"press": true,
  	  	  	"dir": 2,
  	  	  	"time": 123021,
  	  	  	"judgement": "sick"
  	  	},
  	  	{
  	  	  	"press": false,
  	  	  	"dir": 3,
  	  	  	"time": 123054.333333333,
  	  	  	"judgement": null
  	  	},
  	  	{
  	  	  	"press": true,
  	  	  	"dir": 1,
  	  	  	"time": 123071,
  	  	  	"judgement": "sick"
  	  	},
  	  	{
  	  	  	"press": false,
  	  	  	"dir": 2,
  	  	  	"time": 123071,
  	  	  	"judgement": null
  	  	},
  	  	{
  	  	  	"press": true,
  	  	  	"dir": 0,
  	  	  	"time": 123221,
  	  	  	"judgement": "good"
  	  	},
  	  	{
  	  	  	"press": false,
  	  	  	"dir": 1,
  	  	  	"time": 123237.666666667,
  	  	  	"judgement": null
  	  	},
  	  	{
  	  	  	"press": true,
  	  	  	"dir": 2,
  	  	  	"time": 123271,
  	  	  	"judgement": "sick"
  	  	},
  	  	{
  	  	  	"press": false,
  	  	  	"dir": 0,
  	  	  	"time": 123271,
  	  	  	"judgement": null
  	  	},
  	  	{
  	  	  	"press": false,
  	  	  	"dir": 2,
  	  	  	"time": 123397.666666667,
  	  	  	"judgement": null
  	  	},
  	  	{
  	  	  	"press": true,
  	  	  	"dir": 1,
  	  	  	"time": 123431,
  	  	  	"judgement": "bad"
  	  	},
  	  	{
  	  	  	"press": true,
  	  	  	"dir": 3,
  	  	  	"time": 123481,
  	  	  	"judgement": "good"
  	  	},
  	  	{
  	  	  	"press": false,
  	  	  	"dir": 1,
  	  	  	"time": 123497.666666667,
  	  	  	"judgement": null
  	  	},
  	  	{
  	  	  	"press": true,
  	  	  	"dir": 2,
  	  	  	"time": 123614.333333333,
  	  	  	"judgement": "shit"
  	  	},
  	  	{
  	  	  	"press": false,
  	  	  	"dir": 3,
  	  	  	"time": 123631,
  	  	  	"judgement": null
  	  	},
  	  	{
  	  	  	"press": false,
  	  	  	"dir": 2,
  	  	  	"time": 123697.666666667,
  	  	  	"judgement": null
  	  	},
  	  	{
  	  	  	"press": true,
  	  	  	"dir": 1,
  	  	  	"time": 123714.333333333,
  	  	  	"judgement": "bad"
  	  	},
  	  	{
  	  	  	"press": true,
  	  	  	"dir": 0,
  	  	  	"time": 123747.666666667,
  	  	  	"judgement": "bad"
  	  	},
  	  	{
  	  	  	"press": false,
  	  	  	"dir": 1,
  	  	  	"time": 123747.666666667,
  	  	  	"judgement": null
  	  	},
  	  	{
  	  	  	"press": true,
  	  	  	"dir": 3,
  	  	  	"time": 123841,
  	  	  	"judgement": "shit"
  	  	},
  	  	{
  	  	  	"press": true,
  	  	  	"dir": 2,
  	  	  	"time": 123874.333333333,
  	  	  	"judgement": "bad"
  	  	},
  	  	{
  	  	  	"press": true,
  	  	  	"dir": 1,
  	  	  	"time": 123891,
  	  	  	"judgement": "sick"
  	  	},
  	  	{
  	  	  	"press": false,
  	  	  	"dir": 0,
  	  	  	"time": 123957.666666667,
  	  	  	"judgement": null
  	  	},
  	  	{
  	  	  	"press": false,
  	  	  	"dir": 3,
  	  	  	"time": 123957.666666667,
  	  	  	"judgement": null
  	  	},
  	  	{
  	  	  	"press": false,
  	  	  	"dir": 2,
  	  	  	"time": 124007.666666667,
  	  	  	"judgement": null
  	  	},
  	  	{
  	  	  	"press": false,
  	  	  	"dir": 1,
  	  	  	"time": 124024.333333333,
  	  	  	"judgement": null
  	  	},
  	  	{
  	  	  	"press": true,
  	  	  	"dir": 0,
  	  	  	"time": 124041,
  	  	  	"judgement": "bad"
  	  	},
  	  	{
  	  	  	"press": true,
  	  	  	"dir": 3,
  	  	  	"time": 124137.666666667,
  	  	  	"judgement": "shit"
  	  	},
  	  	{
  	  	  	"press": false,
  	  	  	"dir": 0,
  	  	  	"time": 124154.333333333,
  	  	  	"judgement": null
  	  	},
  	  	{
  	  	  	"press": true,
  	  	  	"dir": 2,
  	  	  	"time": 124171,
  	  	  	"judgement": "bad"
  	  	},
  	  	{
  	  	  	"press": false,
  	  	  	"dir": 3,
  	  	  	"time": 124187.666666667,
  	  	  	"judgement": null
  	  	},
  	  	{
  	  	  	"press": true,
  	  	  	"dir": 1,
  	  	  	"time": 124297.666666667,
  	  	  	"judgement": "good"
  	  	},
  	  	{
  	  	  	"press": false,
  	  	  	"dir": 2,
  	  	  	"time": 124297.666666667,
  	  	  	"judgement": null
  	  	},
  	  	{
  	  	  	"press": true,
  	  	  	"dir": 0,
  	  	  	"time": 124314.333333333,
  	  	  	"judgement": null
  	  	},
  	  	{
  	  	  	"press": false,
  	  	  	"dir": 1,
  	  	  	"time": 124347.666666667,
  	  	  	"judgement": null
  	  	},
  	  	{
  	  	  	"press": true,
  	  	  	"dir": 1,
  	  	  	"time": 124414.333333333,
  	  	  	"judgement": null
  	  	},
  	  	{
  	  	  	"press": true,
  	  	  	"dir": 2,
  	  	  	"time": 124414.333333333,
  	  	  	"judgement": "bad"
  	  	},
  	  	{
  	  	  	"press": false,
  	  	  	"dir": 0,
  	  	  	"time": 124414.333333333,
  	  	  	"judgement": null
  	  	},
  	  	{
  	  	  	"press": false,
  	  	  	"dir": 1,
  	  	  	"time": 124464.333333333,
  	  	  	"judgement": null
  	  	},
  	  	{
  	  	  	"press": true,
  	  	  	"dir": 3,
  	  	  	"time": 124481,
  	  	  	"judgement": "bad"
  	  	},
  	  	{
  	  	  	"press": false,
  	  	  	"dir": 2,
  	  	  	"time": 124514.333333333,
  	  	  	"judgement": null
  	  	},
  	  	{
  	  	  	"press": true,
  	  	  	"dir": 2,
  	  	  	"time": 124581,
  	  	  	"judgement": "bad"
  	  	},
  	  	{
  	  	  	"press": false,
  	  	  	"dir": 3,
  	  	  	"time": 124614.333333333,
  	  	  	"judgement": null
  	  	},
  	  	{
  	  	  	"press": true,
  	  	  	"dir": 0,
  	  	  	"time": 124647.666666667,
  	  	  	"judgement": "bad"
  	  	},
  	  	{
  	  	  	"press": false,
  	  	  	"dir": 2,
  	  	  	"time": 124664.333333333,
  	  	  	"judgement": null
  	  	},
  	  	{
  	  	  	"press": true,
  	  	  	"dir": 1,
  	  	  	"time": 124697.666666667,
  	  	  	"judgement": "bad"
  	  	},
  	  	{
  	  	  	"press": false,
  	  	  	"dir": 0,
  	  	  	"time": 124714.333333333,
  	  	  	"judgement": null
  	  	},
  	  	{
  	  	  	"press": true,
  	  	  	"dir": 3,
  	  	  	"time": 124747.666666667,
  	  	  	"judgement": "good"
  	  	},
  	  	{
  	  	  	"press": false,
  	  	  	"dir": 1,
  	  	  	"time": 124781,
  	  	  	"judgement": null
  	  	},
  	  	{
  	  	  	"press": true,
  	  	  	"dir": 2,
  	  	  	"time": 124797.666666667,
  	  	  	"judgement": "good"
  	  	},
  	  	{
  	  	  	"press": true,
  	  	  	"dir": 0,
  	  	  	"time": 124847.666666667,
  	  	  	"judgement": "good"
  	  	},
  	  	{
  	  	  	"press": false,
  	  	  	"dir": 3,
  	  	  	"time": 124847.666666667,
  	  	  	"judgement": null
  	  	},
  	  	{
  	  	  	"press": false,
  	  	  	"dir": 2,
  	  	  	"time": 124897.666666667,
  	  	  	"judgement": null
  	  	},
  	  	{
  	  	  	"press": false,
  	  	  	"dir": 0,
  	  	  	"time": 126081,
  	  	  	"judgement": null
  	  	}
  	],
  	"mix": "bf",
  	"difficulty": "hard",
  	"song": "newsensical"
}