{
  	"inputs": [
  	  	{
  	  	  	"press": true,
  	  	  	"dir": 0,
  	  	  	"time": 192.333333333333,
  	  	  	"judgement": null
  	  	},
  	  	{
  	  	  	"press": true,
  	  	  	"dir": 1,
  	  	  	"time": 325.666666666667,
  	  	  	"judgement": null
  	  	},
  	  	{
  	  	  	"press": false,
  	  	  	"dir": 0,
  	  	  	"time": 475.666666666667,
  	  	  	"judgement": null
  	  	},
  	  	{
  	  	  	"press": false,
  	  	  	"dir": 1,
  	  	  	"time": 542.333333333333,
  	  	  	"judgement": null
  	  	},
  	  	{
  	  	  	"press": true,
  	  	  	"dir": 0,
  	  	  	"time": 775.666666666666,
  	  	  	"judgement": null
  	  	},
  	  	{
  	  	  	"press": true,
  	  	  	"dir": 1,
  	  	  	"time": 942.333333333333,
  	  	  	"judgement": null
  	  	},
  	  	{
  	  	  	"press": false,
  	  	  	"dir": 0,
  	  	  	"time": 1025.66666666667,
  	  	  	"judgement": null
  	  	},
  	  	{
  	  	  	"press": false,
  	  	  	"dir": 1,
  	  	  	"time": 1142.33333333333,
  	  	  	"judgement": null
  	  	},
  	  	{
  	  	  	"press": true,
  	  	  	"dir": 0,
  	  	  	"time": 1225.66666666667,
  	  	  	"judgement": null
  	  	},
  	  	{
  	  	  	"press": true,
  	  	  	"dir": 1,
  	  	  	"time": 1425.66666666667,
  	  	  	"judgement": null
  	  	},
  	  	{
  	  	  	"press": false,
  	  	  	"dir": 0,
  	  	  	"time": 1442.33333333333,
  	  	  	"judgement": null
  	  	},
  	  	{
  	  	  	"press": false,
  	  	  	"dir": 1,
  	  	  	"time": 1612.33333333333,
  	  	  	"judgement": null
  	  	},
  	  	{
  	  	  	"press": true,
  	  	  	"dir": 0,
  	  	  	"time": 1712.33333333333,
  	  	  	"judgement": null
  	  	},
  	  	{
  	  	  	"press": false,
  	  	  	"dir": 0,
  	  	  	"time": 1879,
  	  	  	"judgement": null
  	  	},
  	  	{
  	  	  	"press": true,
  	  	  	"dir": 1,
  	  	  	"time": 1929,
  	  	  	"judgement": null
  	  	},
  	  	{
  	  	  	"press": false,
  	  	  	"dir": 1,
  	  	  	"time": 2079,
  	  	  	"judgement": null
  	  	},
  	  	{
  	  	  	"press": true,
  	  	  	"dir": 3,
  	  	  	"time": 2295.66666666667,
  	  	  	"judgement": null
  	  	},
  	  	{
  	  	  	"press": true,
  	  	  	"dir": 2,
  	  	  	"time": 2312.33333333333,
  	  	  	"judgement": null
  	  	},
  	  	{
  	  	  	"press": false,
  	  	  	"dir": 2,
  	  	  	"time": 2479,
  	  	  	"judgement": null
  	  	},
  	  	{
  	  	  	"press": false,
  	  	  	"dir": 3,
  	  	  	"time": 2479,
  	  	  	"judgement": null
  	  	},
  	  	{
  	  	  	"press": true,
  	  	  	"dir": 1,
  	  	  	"time": 2545.66666666666,
  	  	  	"judgement": null
  	  	},
  	  	{
  	  	  	"press": true,
  	  	  	"dir": 0,
  	  	  	"time": 2629,
  	  	  	"judgement": null
  	  	},
  	  	{
  	  	  	"press": false,
  	  	  	"dir": 1,
  	  	  	"time": 2679,
  	  	  	"judgement": null
  	  	},
  	  	{
  	  	  	"press": false,
  	  	  	"dir": 0,
  	  	  	"time": 2795.66666666666,
  	  	  	"judgement": null
  	  	},
  	  	{
  	  	  	"press": true,
  	  	  	"dir": 2,
  	  	  	"time": 2845.66666666666,
  	  	  	"judgement": null
  	  	},
  	  	{
  	  	  	"press": true,
  	  	  	"dir": 3,
  	  	  	"time": 2895.66666666666,
  	  	  	"judgement": null
  	  	},
  	  	{
  	  	  	"press": true,
  	  	  	"dir": 1,
  	  	  	"time": 2945.66666666666,
  	  	  	"judgement": null
  	  	},
  	  	{
  	  	  	"press": false,
  	  	  	"dir": 2,
  	  	  	"time": 3028.99999999999,
  	  	  	"judgement": null
  	  	},
  	  	{
  	  	  	"press": false,
  	  	  	"dir": 3,
  	  	  	"time": 3045.66666666666,
  	  	  	"judgement": null
  	  	},
  	  	{
  	  	  	"press": true,
  	  	  	"dir": 0,
  	  	  	"time": 3078.99999999999,
  	  	  	"judgement": null
  	  	},
  	  	{
  	  	  	"press": false,
  	  	  	"dir": 1,
  	  	  	"time": 3145.66666666666,
  	  	  	"judgement": null
  	  	},
  	  	{
  	  	  	"press": false,
  	  	  	"dir": 0,
  	  	  	"time": 3245.66666666666,
  	  	  	"judgement": null
  	  	},
  	  	{
  	  	  	"press": true,
  	  	  	"dir": 2,
  	  	  	"time": 3345.66666666666,
  	  	  	"judgement": null
  	  	},
  	  	{
  	  	  	"press": true,
  	  	  	"dir": 3,
  	  	  	"time": 3412.33333333332,
  	  	  	"judgement": null
  	  	},
  	  	{
  	  	  	"press": false,
  	  	  	"dir": 2,
  	  	  	"time": 3512.33333333332,
  	  	  	"judgement": null
  	  	},
  	  	{
  	  	  	"press": true,
  	  	  	"dir": 1,
  	  	  	"time": 3545.66666666666,
  	  	  	"judgement": null
  	  	},
  	  	{
  	  	  	"press": true,
  	  	  	"dir": 0,
  	  	  	"time": 3595.66666666665,
  	  	  	"judgement": null
  	  	},
  	  	{
  	  	  	"press": false,
  	  	  	"dir": 3,
  	  	  	"time": 3595.66666666665,
  	  	  	"judgement": null
  	  	},
  	  	{
  	  	  	"press": false,
  	  	  	"dir": 1,
  	  	  	"time": 3662.33333333332,
  	  	  	"judgement": null
  	  	},
  	  	{
  	  	  	"press": true,
  	  	  	"dir": 2,
  	  	  	"time": 3745.66666666665,
  	  	  	"judgement": null
  	  	},
  	  	{
  	  	  	"press": false,
  	  	  	"dir": 0,
  	  	  	"time": 3745.66666666665,
  	  	  	"judgement": null
  	  	},
  	  	{
  	  	  	"press": false,
  	  	  	"dir": 2,
  	  	  	"time": 3928.99999999998,
  	  	  	"judgement": null
  	  	},
  	  	{
  	  	  	"press": true,
  	  	  	"dir": 3,
  	  	  	"time": 3945.66666666665,
  	  	  	"judgement": null
  	  	},
  	  	{
  	  	  	"press": true,
  	  	  	"dir": 1,
  	  	  	"time": 4012.33333333332,
  	  	  	"judgement": null
  	  	},
  	  	{
  	  	  	"press": false,
  	  	  	"dir": 3,
  	  	  	"time": 4012.33333333332,
  	  	  	"judgement": null
  	  	},
  	  	{
  	  	  	"press": false,
  	  	  	"dir": 1,
  	  	  	"time": 4145.66666666665,
  	  	  	"judgement": null
  	  	},
  	  	{
  	  	  	"press": true,
  	  	  	"dir": 0,
  	  	  	"time": 4178.99999999998,
  	  	  	"judgement": null
  	  	},
  	  	{
  	  	  	"press": true,
  	  	  	"dir": 2,
  	  	  	"time": 4228.99999999999,
  	  	  	"judgement": null
  	  	},
  	  	{
  	  	  	"press": false,
  	  	  	"dir": 0,
  	  	  	"time": 4312.33333333332,
  	  	  	"judgement": null
  	  	},
  	  	{
  	  	  	"press": true,
  	  	  	"dir": 3,
  	  	  	"time": 4395.66666666666,
  	  	  	"judgement": null
  	  	},
  	  	{
  	  	  	"press": false,
  	  	  	"dir": 2,
  	  	  	"time": 4445.66666666666,
  	  	  	"judgement": null
  	  	},
  	  	{
  	  	  	"press": true,
  	  	  	"dir": 1,
  	  	  	"time": 4495.66666666666,
  	  	  	"judgement": null
  	  	},
  	  	{
  	  	  	"press": false,
  	  	  	"dir": 3,
  	  	  	"time": 4512.33333333332,
  	  	  	"judgement": null
  	  	},
  	  	{
  	  	  	"press": true,
  	  	  	"dir": 0,
  	  	  	"time": 4578.99999999999,
  	  	  	"judgement": null
  	  	},
  	  	{
  	  	  	"press": false,
  	  	  	"dir": 1,
  	  	  	"time": 4645.66666666666,
  	  	  	"judgement": null
  	  	},
  	  	{
  	  	  	"press": true,
  	  	  	"dir": 2,
  	  	  	"time": 4695.66666666666,
  	  	  	"judgement": null
  	  	},
  	  	{
  	  	  	"press": false,
  	  	  	"dir": 0,
  	  	  	"time": 4728.99999999999,
  	  	  	"judgement": null
  	  	},
  	  	{
  	  	  	"press": true,
  	  	  	"dir": 3,
  	  	  	"time": 4812.33333333333,
  	  	  	"judgement": null
  	  	},
  	  	{
  	  	  	"press": false,
  	  	  	"dir": 2,
  	  	  	"time": 4879,
  	  	  	"judgement": null
  	  	},
  	  	{
  	  	  	"press": true,
  	  	  	"dir": 1,
  	  	  	"time": 4929,
  	  	  	"judgement": null
  	  	},
  	  	{
  	  	  	"press": false,
  	  	  	"dir": 3,
  	  	  	"time": 4945.66666666667,
  	  	  	"judgement": null
  	  	},
  	  	{
  	  	  	"press": true,
  	  	  	"dir": 0,
  	  	  	"time": 4995.66666666667,
  	  	  	"judgement": null
  	  	},
  	  	{
  	  	  	"press": false,
  	  	  	"dir": 1,
  	  	  	"time": 5029,
  	  	  	"judgement": null
  	  	},
  	  	{
  	  	  	"press": true,
  	  	  	"dir": 2,
  	  	  	"time": 5129,
  	  	  	"judgement": null
  	  	},
  	  	{
  	  	  	"press": false,
  	  	  	"dir": 0,
  	  	  	"time": 5145.66666666667,
  	  	  	"judgement": null
  	  	},
  	  	{
  	  	  	"press": true,
  	  	  	"dir": 3,
  	  	  	"time": 5262.33333333334,
  	  	  	"judgement": null
  	  	},
  	  	{
  	  	  	"press": false,
  	  	  	"dir": 2,
  	  	  	"time": 5329.00000000001,
  	  	  	"judgement": null
  	  	},
  	  	{
  	  	  	"press": true,
  	  	  	"dir": 1,
  	  	  	"time": 5362.33333333334,
  	  	  	"judgement": null
  	  	},
  	  	{
  	  	  	"press": false,
  	  	  	"dir": 3,
  	  	  	"time": 5379.00000000001,
  	  	  	"judgement": null
  	  	},
  	  	{
  	  	  	"press": true,
  	  	  	"dir": 0,
  	  	  	"time": 5412.33333333334,
  	  	  	"judgement": null
  	  	},
  	  	{
  	  	  	"press": false,
  	  	  	"dir": 1,
  	  	  	"time": 5462.33333333334,
  	  	  	"judgement": null
  	  	},
  	  	{
  	  	  	"press": true,
  	  	  	"dir": 2,
  	  	  	"time": 5562.33333333334,
  	  	  	"judgement": null
  	  	},
  	  	{
  	  	  	"press": false,
  	  	  	"dir": 0,
  	  	  	"time": 5562.33333333334,
  	  	  	"judgement": null
  	  	},
  	  	{
  	  	  	"press": true,
  	  	  	"dir": 3,
  	  	  	"time": 5662.33333333334,
  	  	  	"judgement": null
  	  	},
  	  	{
  	  	  	"press": false,
  	  	  	"dir": 2,
  	  	  	"time": 5712.33333333335,
  	  	  	"judgement": null
  	  	},
  	  	{
  	  	  	"press": true,
  	  	  	"dir": 1,
  	  	  	"time": 5745.66666666668,
  	  	  	"judgement": null
  	  	},
  	  	{
  	  	  	"press": false,
  	  	  	"dir": 3,
  	  	  	"time": 5762.33333333335,
  	  	  	"judgement": null
  	  	},
  	  	{
  	  	  	"press": true,
  	  	  	"dir": 0,
  	  	  	"time": 5779.00000000001,
  	  	  	"judgement": null
  	  	},
  	  	{
  	  	  	"press": false,
  	  	  	"dir": 1,
  	  	  	"time": 5829.00000000001,
  	  	  	"judgement": null
  	  	},
  	  	{
  	  	  	"press": false,
  	  	  	"dir": 0,
  	  	  	"time": 5845.66666666668,
  	  	  	"judgement": null
  	  	},
  	  	{
  	  	  	"press": true,
  	  	  	"dir": 2,
  	  	  	"time": 5962.33333333335,
  	  	  	"judgement": null
  	  	},
  	  	{
  	  	  	"press": true,
  	  	  	"dir": 0,
  	  	  	"time": 5979.00000000002,
  	  	  	"judgement": null
  	  	},
  	  	{
  	  	  	"press": true,
  	  	  	"dir": 1,
  	  	  	"time": 5979.00000000002,
  	  	  	"judgement": null
  	  	},
  	  	{
  	  	  	"press": true,
  	  	  	"dir": 3,
  	  	  	"time": 5995.66666666668,
  	  	  	"judgement": null
  	  	},
  	  	{
  	  	  	"press": false,
  	  	  	"dir": 2,
  	  	  	"time": 6062.33333333335,
  	  	  	"judgement": null
  	  	},
  	  	{
  	  	  	"press": false,
  	  	  	"dir": 3,
  	  	  	"time": 6062.33333333335,
  	  	  	"judgement": null
  	  	},
  	  	{
  	  	  	"press": false,
  	  	  	"dir": 0,
  	  	  	"time": 6095.66666666669,
  	  	  	"judgement": null
  	  	},
  	  	{
  	  	  	"press": false,
  	  	  	"dir": 1,
  	  	  	"time": 6095.66666666669,
  	  	  	"judgement": null
  	  	},
  	  	{
  	  	  	"press": true,
  	  	  	"dir": 2,
  	  	  	"time": 6415.66666666667,
  	  	  	"judgement": null
  	  	},
  	  	{
  	  	  	"press": true,
  	  	  	"dir": 3,
  	  	  	"time": 6415.66666666667,
  	  	  	"judgement": null
  	  	},
  	  	{
  	  	  	"press": false,
  	  	  	"dir": 2,
  	  	  	"time": 6432.33333333333,
  	  	  	"judgement": null
  	  	},
  	  	{
  	  	  	"press": false,
  	  	  	"dir": 3,
  	  	  	"time": 6465.66666666667,
  	  	  	"judgement": null
  	  	},
  	  	{
  	  	  	"press": true,
  	  	  	"dir": 0,
  	  	  	"time": 6565.66666666667,
  	  	  	"judgement": null
  	  	},
  	  	{
  	  	  	"press": true,
  	  	  	"dir": 1,
  	  	  	"time": 6565.66666666667,
  	  	  	"judgement": null
  	  	},
  	  	{
  	  	  	"press": false,
  	  	  	"dir": 1,
  	  	  	"time": 6782.33333333334,
  	  	  	"judgement": null
  	  	},
  	  	{
  	  	  	"press": false,
  	  	  	"dir": 0,
  	  	  	"time": 6799.00000000001,
  	  	  	"judgement": null
  	  	},
  	  	{
  	  	  	"press": true,
  	  	  	"dir": 2,
  	  	  	"time": 6815.66666666667,
  	  	  	"judgement": null
  	  	},
  	  	{
  	  	  	"press": false,
  	  	  	"dir": 2,
  	  	  	"time": 6865.66666666668,
  	  	  	"judgement": null
  	  	},
  	  	{
  	  	  	"press": true,
  	  	  	"dir": 0,
  	  	  	"time": 6965.66666666668,
  	  	  	"judgement": null
  	  	},
  	  	{
  	  	  	"press": true,
  	  	  	"dir": 1,
  	  	  	"time": 6965.66666666668,
  	  	  	"judgement": null
  	  	},
  	  	{
  	  	  	"press": false,
  	  	  	"dir": 0,
  	  	  	"time": 7065.66666666668,
  	  	  	"judgement": null
  	  	},
  	  	{
  	  	  	"press": false,
  	  	  	"dir": 1,
  	  	  	"time": 7065.66666666668,
  	  	  	"judgement": null
  	  	},
  	  	{
  	  	  	"press": true,
  	  	  	"dir": 2,
  	  	  	"time": 7115.66666666668,
  	  	  	"judgement": null
  	  	},
  	  	{
  	  	  	"press": false,
  	  	  	"dir": 2,
  	  	  	"time": 7215.66666666668,
  	  	  	"judgement": null
  	  	},
  	  	{
  	  	  	"press": true,
  	  	  	"dir": 3,
  	  	  	"time": 7332.33333333335,
  	  	  	"judgement": null
  	  	},
  	  	{
  	  	  	"press": false,
  	  	  	"dir": 3,
  	  	  	"time": 7415.66666666669,
  	  	  	"judgement": null
  	  	},
  	  	{
  	  	  	"press": true,
  	  	  	"dir": 1,
  	  	  	"time": 7499.00000000002,
  	  	  	"judgement": null
  	  	},
  	  	{
  	  	  	"press": false,
  	  	  	"dir": 1,
  	  	  	"time": 7565.66666666669,
  	  	  	"judgement": null
  	  	},
  	  	{
  	  	  	"press": true,
  	  	  	"dir": 3,
  	  	  	"time": 7665.66666666669,
  	  	  	"judgement": null
  	  	},
  	  	{
  	  	  	"press": false,
  	  	  	"dir": 3,
  	  	  	"time": 7765.66666666669,
  	  	  	"judgement": null
  	  	},
  	  	{
  	  	  	"press": true,
  	  	  	"dir": 0,
  	  	  	"time": 7799.00000000003,
  	  	  	"judgement": null
  	  	},
  	  	{
  	  	  	"press": false,
  	  	  	"dir": 0,
  	  	  	"time": 7865.66666666669,
  	  	  	"judgement": null
  	  	},
  	  	{
  	  	  	"press": true,
  	  	  	"dir": 0,
  	  	  	"time": 8049.00000000003,
  	  	  	"judgement": null
  	  	},
  	  	{
  	  	  	"press": true,
  	  	  	"dir": 1,
  	  	  	"time": 8049.00000000003,
  	  	  	"judgement": null
  	  	},
  	  	{
  	  	  	"press": true,
  	  	  	"dir": 2,
  	  	  	"time": 8049.00000000003,
  	  	  	"judgement": null
  	  	},
  	  	{
  	  	  	"press": false,
  	  	  	"dir": 3,
  	  	  	"time": 8065.6666666667,
  	  	  	"judgement": null
  	  	},
  	  	{
  	  	  	"press": true,
  	  	  	"dir": 3,
  	  	  	"time": 8115.6666666667,
  	  	  	"judgement": null
  	  	},
  	  	{
  	  	  	"press": false,
  	  	  	"dir": 2,
  	  	  	"time": 8215.6666666667,
  	  	  	"judgement": null
  	  	},
  	  	{
  	  	  	"press": false,
  	  	  	"dir": 0,
  	  	  	"time": 8299.00000000003,
  	  	  	"judgement": null
  	  	},
  	  	{
  	  	  	"press": false,
  	  	  	"dir": 3,
  	  	  	"time": 8299.00000000003,
  	  	  	"judgement": null
  	  	},
  	  	{
  	  	  	"press": true,
  	  	  	"dir": 2,
  	  	  	"time": 8449.00000000002,
  	  	  	"judgement": null
  	  	},
  	  	{
  	  	  	"press": true,
  	  	  	"dir": 3,
  	  	  	"time": 8449.00000000002,
  	  	  	"judgement": null
  	  	},
  	  	{
  	  	  	"press": false,
  	  	  	"dir": 1,
  	  	  	"time": 8549.00000000002,
  	  	  	"judgement": null
  	  	},
  	  	{
  	  	  	"press": false,
  	  	  	"dir": 3,
  	  	  	"time": 8549.00000000002,
  	  	  	"judgement": null
  	  	},
  	  	{
  	  	  	"press": false,
  	  	  	"dir": 2,
  	  	  	"time": 8565.66666666669,
  	  	  	"judgement": null
  	  	},
  	  	{
  	  	  	"press": true,
  	  	  	"dir": 0,
  	  	  	"time": 8765.66666666668,
  	  	  	"judgement": "sick"
  	  	},
  	  	{
  	  	  	"press": false,
  	  	  	"dir": 0,
  	  	  	"time": 8899,
  	  	  	"judgement": null
  	  	},
  	  	{
  	  	  	"press": true,
  	  	  	"dir": 1,
  	  	  	"time": 8982.33333333333,
  	  	  	"judgement": "sick"
  	  	},
  	  	{
  	  	  	"press": false,
  	  	  	"dir": 1,
  	  	  	"time": 9065.66666666666,
  	  	  	"judgement": null
  	  	},
  	  	{
  	  	  	"press": true,
  	  	  	"dir": 3,
  	  	  	"time": 9148.99999999999,
  	  	  	"judgement": "sick"
  	  	},
  	  	{
  	  	  	"press": false,
  	  	  	"dir": 3,
  	  	  	"time": 9215.66666666667,
  	  	  	"judgement": null
  	  	},
  	  	{
  	  	  	"press": true,
  	  	  	"dir": 3,
  	  	  	"time": 9482.33333333332,
  	  	  	"judgement": "sick"
  	  	},
  	  	{
  	  	  	"press": false,
  	  	  	"dir": 3,
  	  	  	"time": 9615.66666666665,
  	  	  	"judgement": null
  	  	},
  	  	{
  	  	  	"press": true,
  	  	  	"dir": 2,
  	  	  	"time": 9848.99999999998,
  	  	  	"judgement": "sick"
  	  	},
  	  	{
  	  	  	"press": false,
  	  	  	"dir": 2,
  	  	  	"time": 9932.33333333331,
  	  	  	"judgement": null
  	  	},
  	  	{
  	  	  	"press": true,
  	  	  	"dir": 3,
  	  	  	"time": 10062.3333333333,
  	  	  	"judgement": "sick"
  	  	},
  	  	{
  	  	  	"press": false,
  	  	  	"dir": 3,
  	  	  	"time": 10162.3333333333,
  	  	  	"judgement": null
  	  	},
  	  	{
  	  	  	"press": true,
  	  	  	"dir": 0,
  	  	  	"time": 10229,
  	  	  	"judgement": "sick"
  	  	},
  	  	{
  	  	  	"press": true,
  	  	  	"dir": 1,
  	  	  	"time": 10279,
  	  	  	"judgement": "sick"
  	  	},
  	  	{
  	  	  	"press": false,
  	  	  	"dir": 0,
  	  	  	"time": 10329,
  	  	  	"judgement": null
  	  	},
  	  	{
  	  	  	"press": true,
  	  	  	"dir": 0,
  	  	  	"time": 10379,
  	  	  	"judgement": null
  	  	},
  	  	{
  	  	  	"press": false,
  	  	  	"dir": 1,
  	  	  	"time": 10379,
  	  	  	"judgement": null
  	  	},
  	  	{
  	  	  	"press": false,
  	  	  	"dir": 3,
  	  	  	"time": 10379,
  	  	  	"judgement": null
  	  	},
  	  	{
  	  	  	"press": false,
  	  	  	"dir": 0,
  	  	  	"time": 10879,
  	  	  	"judgement": null
  	  	},
  	  	{
  	  	  	"press": true,
  	  	  	"dir": 2,
  	  	  	"time": 10912.3333333333,
  	  	  	"judgement": null
  	  	},
  	  	{
  	  	  	"press": true,
  	  	  	"dir": 3,
  	  	  	"time": 10912.3333333333,
  	  	  	"judgement": "sick"
  	  	},
  	  	{
  	  	  	"press": false,
  	  	  	"dir": 3,
  	  	  	"time": 11039,
  	  	  	"judgement": null
  	  	},
  	  	{
  	  	  	"press": false,
  	  	  	"dir": 2,
  	  	  	"time": 11072.3333333333,
  	  	  	"judgement": null
  	  	},
  	  	{
  	  	  	"press": true,
  	  	  	"dir": 0,
  	  	  	"time": 11105.6666666667,
  	  	  	"judgement": null
  	  	},
  	  	{
  	  	  	"press": true,
  	  	  	"dir": 1,
  	  	  	"time": 11122.3333333333,
  	  	  	"judgement": "sick"
  	  	},
  	  	{
  	  	  	"press": false,
  	  	  	"dir": 0,
  	  	  	"time": 11239,
  	  	  	"judgement": null
  	  	},
  	  	{
  	  	  	"press": false,
  	  	  	"dir": 1,
  	  	  	"time": 11255.6666666667,
  	  	  	"judgement": null
  	  	},
  	  	{
  	  	  	"press": true,
  	  	  	"dir": 2,
  	  	  	"time": 11339,
  	  	  	"judgement": null
  	  	},
  	  	{
  	  	  	"press": true,
  	  	  	"dir": 3,
  	  	  	"time": 11339,
  	  	  	"judgement": "sick"
  	  	},
  	  	{
  	  	  	"press": false,
  	  	  	"dir": 3,
  	  	  	"time": 11372.3333333333,
  	  	  	"judgement": null
  	  	},
  	  	{
  	  	  	"press": false,
  	  	  	"dir": 2,
  	  	  	"time": 11439,
  	  	  	"judgement": null
  	  	},
  	  	{
  	  	  	"press": true,
  	  	  	"dir": 0,
  	  	  	"time": 11505.6666666666,
  	  	  	"judgement": "sick"
  	  	},
  	  	{
  	  	  	"press": false,
  	  	  	"dir": 0,
  	  	  	"time": 11589,
  	  	  	"judgement": null
  	  	},
  	  	{
  	  	  	"press": true,
  	  	  	"dir": 2,
  	  	  	"time": 11639,
  	  	  	"judgement": "sick"
  	  	},
  	  	{
  	  	  	"press": true,
  	  	  	"dir": 0,
  	  	  	"time": 12405.6666666666,
  	  	  	"judgement": null
  	  	},
  	  	{
  	  	  	"press": true,
  	  	  	"dir": 1,
  	  	  	"time": 12422.3333333333,
  	  	  	"judgement": null
  	  	},
  	  	{
  	  	  	"press": false,
  	  	  	"dir": 0,
  	  	  	"time": 12755.6666666666,
  	  	  	"judgement": null
  	  	},
  	  	{
  	  	  	"press": false,
  	  	  	"dir": 2,
  	  	  	"time": 12805.6666666666,
  	  	  	"judgement": null
  	  	},
  	  	{
  	  	  	"press": false,
  	  	  	"dir": 1,
  	  	  	"time": 12822.3333333333,
  	  	  	"judgement": null
  	  	},
  	  	{
  	  	  	"press": true,
  	  	  	"dir": 0,
  	  	  	"time": 13122.3333333333,
  	  	  	"judgement": null
  	  	},
  	  	{
  	  	  	"press": true,
  	  	  	"dir": 1,
  	  	  	"time": 13122.3333333333,
  	  	  	"judgement": "sick"
  	  	},
  	  	{
  	  	  	"press": true,
  	  	  	"dir": 2,
  	  	  	"time": 13122.3333333333,
  	  	  	"judgement": null
  	  	},
  	  	{
  	  	  	"press": true,
  	  	  	"dir": 3,
  	  	  	"time": 13155.6666666666,
  	  	  	"judgement": null
  	  	},
  	  	{
  	  	  	"press": false,
  	  	  	"dir": 0,
  	  	  	"time": 13672.3333333332,
  	  	  	"judgement": null
  	  	},
  	  	{
  	  	  	"press": false,
  	  	  	"dir": 1,
  	  	  	"time": 13672.3333333332,
  	  	  	"judgement": null
  	  	},
  	  	{
  	  	  	"press": false,
  	  	  	"dir": 2,
  	  	  	"time": 13672.3333333332,
  	  	  	"judgement": null
  	  	},
  	  	{
  	  	  	"press": false,
  	  	  	"dir": 3,
  	  	  	"time": 13688.9999999999,
  	  	  	"judgement": null
  	  	},
  	  	{
  	  	  	"press": true,
  	  	  	"dir": 2,
  	  	  	"time": 13838.9999999999,
  	  	  	"judgement": null
  	  	},
  	  	{
  	  	  	"press": true,
  	  	  	"dir": 0,
  	  	  	"time": 13855.6666666666,
  	  	  	"judgement": null
  	  	},
  	  	{
  	  	  	"press": true,
  	  	  	"dir": 1,
  	  	  	"time": 13855.6666666666,
  	  	  	"judgement": null
  	  	},
  	  	{
  	  	  	"press": true,
  	  	  	"dir": 3,
  	  	  	"time": 13855.6666666666,
  	  	  	"judgement": "sick"
  	  	},
  	  	{
  	  	  	"press": false,
  	  	  	"dir": 0,
  	  	  	"time": 14072.3333333332,
  	  	  	"judgement": null
  	  	},
  	  	{
  	  	  	"press": false,
  	  	  	"dir": 1,
  	  	  	"time": 14088.9999999999,
  	  	  	"judgement": null
  	  	},
  	  	{
  	  	  	"press": true,
  	  	  	"dir": 0,
  	  	  	"time": 14222.3333333332,
  	  	  	"judgement": "sick"
  	  	},
  	  	{
  	  	  	"press": false,
  	  	  	"dir": 3,
  	  	  	"time": 14305.6666666665,
  	  	  	"judgement": null
  	  	},
  	  	{
  	  	  	"press": false,
  	  	  	"dir": 2,
  	  	  	"time": 14322.3333333332,
  	  	  	"judgement": null
  	  	},
  	  	{
  	  	  	"press": true,
  	  	  	"dir": 3,
  	  	  	"time": 14555.6666666665,
  	  	  	"judgement": "sick"
  	  	},
  	  	{
  	  	  	"press": false,
  	  	  	"dir": 0,
  	  	  	"time": 14605.6666666665,
  	  	  	"judgement": null
  	  	},
  	  	{
  	  	  	"press": true,
  	  	  	"dir": 2,
  	  	  	"time": 14738.9999999999,
  	  	  	"judgement": "sick"
  	  	},
  	  	{
  	  	  	"press": false,
  	  	  	"dir": 3,
  	  	  	"time": 14738.9999999999,
  	  	  	"judgement": null
  	  	},
  	  	{
  	  	  	"press": true,
  	  	  	"dir": 3,
  	  	  	"time": 14922.3333333332,
  	  	  	"judgement": "sick"
  	  	},
  	  	{
  	  	  	"press": false,
  	  	  	"dir": 2,
  	  	  	"time": 14922.3333333332,
  	  	  	"judgement": null
  	  	},
  	  	{
  	  	  	"press": false,
  	  	  	"dir": 3,
  	  	  	"time": 15038.9999999999,
  	  	  	"judgement": null
  	  	},
  	  	{
  	  	  	"press": true,
  	  	  	"dir": 1,
  	  	  	"time": 15072.3333333332,
  	  	  	"judgement": "sick"
  	  	},
  	  	{
  	  	  	"press": false,
  	  	  	"dir": 1,
  	  	  	"time": 15205.6666666665,
  	  	  	"judgement": null
  	  	},
  	  	{
  	  	  	"press": true,
  	  	  	"dir": 0,
  	  	  	"time": 15272.3333333332,
  	  	  	"judgement": "sick"
  	  	},
  	  	{
  	  	  	"press": false,
  	  	  	"dir": 0,
  	  	  	"time": 15388.9999999998,
  	  	  	"judgement": null
  	  	},
  	  	{
  	  	  	"press": true,
  	  	  	"dir": 3,
  	  	  	"time": 15472.3333333332,
  	  	  	"judgement": "sick"
  	  	},
  	  	{
  	  	  	"press": false,
  	  	  	"dir": 3,
  	  	  	"time": 15555.6666666665,
  	  	  	"judgement": null
  	  	},
  	  	{
  	  	  	"press": true,
  	  	  	"dir": 0,
  	  	  	"time": 15622.3333333332,
  	  	  	"judgement": "sick"
  	  	},
  	  	{
  	  	  	"press": false,
  	  	  	"dir": 0,
  	  	  	"time": 15755.6666666665,
  	  	  	"judgement": null
  	  	},
  	  	{
  	  	  	"press": true,
  	  	  	"dir": 2,
  	  	  	"time": 15822.3333333332,
  	  	  	"judgement": "sick"
  	  	},
  	  	{
  	  	  	"press": false,
  	  	  	"dir": 2,
  	  	  	"time": 15888.9999999998,
  	  	  	"judgement": null
  	  	},
  	  	{
  	  	  	"press": true,
  	  	  	"dir": 1,
  	  	  	"time": 15905.6666666665,
  	  	  	"judgement": "sick"
  	  	},
  	  	{
  	  	  	"press": false,
  	  	  	"dir": 1,
  	  	  	"time": 15955.6666666665,
  	  	  	"judgement": null
  	  	},
  	  	{
  	  	  	"press": true,
  	  	  	"dir": 3,
  	  	  	"time": 16005.6666666665,
  	  	  	"judgement": "sick"
  	  	},
  	  	{
  	  	  	"press": false,
  	  	  	"dir": 3,
  	  	  	"time": 16072.3333333332,
  	  	  	"judgement": null
  	  	},
  	  	{
  	  	  	"press": true,
  	  	  	"dir": 1,
  	  	  	"time": 16105.6666666665,
  	  	  	"judgement": "sick"
  	  	},
  	  	{
  	  	  	"press": false,
  	  	  	"dir": 1,
  	  	  	"time": 16155.6666666665,
  	  	  	"judgement": null
  	  	},
  	  	{
  	  	  	"press": true,
  	  	  	"dir": 3,
  	  	  	"time": 16172.3333333331,
  	  	  	"judgement": "sick"
  	  	},
  	  	{
  	  	  	"press": true,
  	  	  	"dir": 0,
  	  	  	"time": 16272.3333333331,
  	  	  	"judgement": "sick"
  	  	},
  	  	{
  	  	  	"press": false,
  	  	  	"dir": 3,
  	  	  	"time": 16272.3333333331,
  	  	  	"judgement": null
  	  	},
  	  	{
  	  	  	"press": true,
  	  	  	"dir": 3,
  	  	  	"time": 16338.9999999998,
  	  	  	"judgement": "sick"
  	  	},
  	  	{
  	  	  	"press": false,
  	  	  	"dir": 0,
  	  	  	"time": 16338.9999999998,
  	  	  	"judgement": null
  	  	},
  	  	{
  	  	  	"press": true,
  	  	  	"dir": 1,
  	  	  	"time": 16455.6666666665,
  	  	  	"judgement": "sick"
  	  	},
  	  	{
  	  	  	"press": false,
  	  	  	"dir": 3,
  	  	  	"time": 16455.6666666665,
  	  	  	"judgement": null
  	  	},
  	  	{
  	  	  	"press": false,
  	  	  	"dir": 1,
  	  	  	"time": 16522.3333333332,
  	  	  	"judgement": null
  	  	},
  	  	{
  	  	  	"press": true,
  	  	  	"dir": 3,
  	  	  	"time": 16538.9999999998,
  	  	  	"judgement": "sick"
  	  	},
  	  	{
  	  	  	"press": true,
  	  	  	"dir": 0,
  	  	  	"time": 16622.3333333332,
  	  	  	"judgement": "sick"
  	  	},
  	  	{
  	  	  	"press": false,
  	  	  	"dir": 3,
  	  	  	"time": 16655.6666666665,
  	  	  	"judgement": null
  	  	},
  	  	{
  	  	  	"press": true,
  	  	  	"dir": 2,
  	  	  	"time": 16722.3333333332,
  	  	  	"judgement": "sick"
  	  	},
  	  	{
  	  	  	"press": false,
  	  	  	"dir": 0,
  	  	  	"time": 16738.9999999998,
  	  	  	"judgement": null
  	  	},
  	  	{
  	  	  	"press": true,
  	  	  	"dir": 1,
  	  	  	"time": 16922.3333333332,
  	  	  	"judgement": "sick"
  	  	},
  	  	{
  	  	  	"press": false,
  	  	  	"dir": 2,
  	  	  	"time": 16922.3333333332,
  	  	  	"judgement": null
  	  	},
  	  	{
  	  	  	"press": true,
  	  	  	"dir": 3,
  	  	  	"time": 17088.9999999999,
  	  	  	"judgement": "sick"
  	  	},
  	  	{
  	  	  	"press": false,
  	  	  	"dir": 1,
  	  	  	"time": 17088.9999999999,
  	  	  	"judgement": null
  	  	},
  	  	{
  	  	  	"press": true,
  	  	  	"dir": 0,
  	  	  	"time": 17272.3333333332,
  	  	  	"judgement": "sick"
  	  	},
  	  	{
  	  	  	"press": false,
  	  	  	"dir": 3,
  	  	  	"time": 17288.9999999999,
  	  	  	"judgement": null
  	  	},
  	  	{
  	  	  	"press": false,
  	  	  	"dir": 0,
  	  	  	"time": 17455.6666666666,
  	  	  	"judgement": null
  	  	},
  	  	{
  	  	  	"press": true,
  	  	  	"dir": 3,
  	  	  	"time": 17472.3333333332,
  	  	  	"judgement": "sick"
  	  	},
  	  	{
  	  	  	"press": false,
  	  	  	"dir": 3,
  	  	  	"time": 17588.9999999999,
  	  	  	"judgement": null
  	  	},
  	  	{
  	  	  	"press": true,
  	  	  	"dir": 0,
  	  	  	"time": 17622.3333333332,
  	  	  	"judgement": "sick"
  	  	},
  	  	{
  	  	  	"press": false,
  	  	  	"dir": 0,
  	  	  	"time": 17738.9999999999,
  	  	  	"judgement": null
  	  	},
  	  	{
  	  	  	"press": true,
  	  	  	"dir": 2,
  	  	  	"time": 17822.3333333332,
  	  	  	"judgement": "sick"
  	  	},
  	  	{
  	  	  	"press": false,
  	  	  	"dir": 2,
  	  	  	"time": 17938.9999999999,
  	  	  	"judgement": null
  	  	},
  	  	{
  	  	  	"press": true,
  	  	  	"dir": 0,
  	  	  	"time": 17972.3333333333,
  	  	  	"judgement": "sick"
  	  	},
  	  	{
  	  	  	"press": false,
  	  	  	"dir": 0,
  	  	  	"time": 18122.3333333333,
  	  	  	"judgement": null
  	  	},
  	  	{
  	  	  	"press": true,
  	  	  	"dir": 3,
  	  	  	"time": 18188.9999999999,
  	  	  	"judgement": "sick"
  	  	},
  	  	{
  	  	  	"press": false,
  	  	  	"dir": 3,
  	  	  	"time": 18288.9999999999,
  	  	  	"judgement": null
  	  	},
  	  	{
  	  	  	"press": true,
  	  	  	"dir": 2,
  	  	  	"time": 18355.6666666666,
  	  	  	"judgement": "sick"
  	  	},
  	  	{
  	  	  	"press": false,
  	  	  	"dir": 2,
  	  	  	"time": 18472.3333333333,
  	  	  	"judgement": null
  	  	},
  	  	{
  	  	  	"press": true,
  	  	  	"dir": 1,
  	  	  	"time": 18555.6666666666,
  	  	  	"judgement": "sick"
  	  	},
  	  	{
  	  	  	"press": false,
  	  	  	"dir": 1,
  	  	  	"time": 18655.6666666666,
  	  	  	"judgement": null
  	  	},
  	  	{
  	  	  	"press": true,
  	  	  	"dir": 3,
  	  	  	"time": 18722.3333333333,
  	  	  	"judgement": "sick"
  	  	},
  	  	{
  	  	  	"press": false,
  	  	  	"dir": 3,
  	  	  	"time": 18822.3333333333,
  	  	  	"judgement": null
  	  	},
  	  	{
  	  	  	"press": true,
  	  	  	"dir": 1,
  	  	  	"time": 18905.6666666667,
  	  	  	"judgement": "sick"
  	  	},
  	  	{
  	  	  	"press": true,
  	  	  	"dir": 0,
  	  	  	"time": 19022.3333333333,
  	  	  	"judgement": "good"
  	  	},
  	  	{
  	  	  	"press": false,
  	  	  	"dir": 1,
  	  	  	"time": 19089,
  	  	  	"judgement": null
  	  	},
  	  	{
  	  	  	"press": false,
  	  	  	"dir": 0,
  	  	  	"time": 19189,
  	  	  	"judgement": null
  	  	},
  	  	{
  	  	  	"press": true,
  	  	  	"dir": 2,
  	  	  	"time": 19222.3333333333,
  	  	  	"judgement": "sick"
  	  	},
  	  	{
  	  	  	"press": false,
  	  	  	"dir": 2,
  	  	  	"time": 19372.3333333334,
  	  	  	"judgement": null
  	  	},
  	  	{
  	  	  	"press": true,
  	  	  	"dir": 1,
  	  	  	"time": 19439,
  	  	  	"judgement": "sick"
  	  	},
  	  	{
  	  	  	"press": false,
  	  	  	"dir": 1,
  	  	  	"time": 19522.3333333334,
  	  	  	"judgement": null
  	  	},
  	  	{
  	  	  	"press": true,
  	  	  	"dir": 3,
  	  	  	"time": 19605.6666666667,
  	  	  	"judgement": "sick"
  	  	},
  	  	{
  	  	  	"press": false,
  	  	  	"dir": 3,
  	  	  	"time": 19955.6666666667,
  	  	  	"judgement": null
  	  	},
  	  	{
  	  	  	"press": true,
  	  	  	"dir": 0,
  	  	  	"time": 19989.0000000001,
  	  	  	"judgement": "sick"
  	  	},
  	  	{
  	  	  	"press": true,
  	  	  	"dir": 3,
  	  	  	"time": 20072.3333333334,
  	  	  	"judgement": "sick"
  	  	},
  	  	{
  	  	  	"press": false,
  	  	  	"dir": 0,
  	  	  	"time": 20089.0000000001,
  	  	  	"judgement": null
  	  	},
  	  	{
  	  	  	"press": true,
  	  	  	"dir": 2,
  	  	  	"time": 20139.0000000001,
  	  	  	"judgement": "sick"
  	  	},
  	  	{
  	  	  	"press": false,
  	  	  	"dir": 3,
  	  	  	"time": 20172.3333333334,
  	  	  	"judgement": null
  	  	},
  	  	{
  	  	  	"press": true,
  	  	  	"dir": 3,
  	  	  	"time": 20272.3333333334,
  	  	  	"judgement": "sick"
  	  	},
  	  	{
  	  	  	"press": false,
  	  	  	"dir": 2,
  	  	  	"time": 20289.0000000001,
  	  	  	"judgement": null
  	  	},
  	  	{
  	  	  	"press": true,
  	  	  	"dir": 0,
  	  	  	"time": 20355.6666666668,
  	  	  	"judgement": "sick"
  	  	},
  	  	{
  	  	  	"press": false,
  	  	  	"dir": 3,
  	  	  	"time": 20389.0000000001,
  	  	  	"judgement": null
  	  	},
  	  	{
  	  	  	"press": true,
  	  	  	"dir": 3,
  	  	  	"time": 20872.3333333335,
  	  	  	"judgement": "sick"
  	  	},
  	  	{
  	  	  	"press": false,
  	  	  	"dir": 0,
  	  	  	"time": 20889.0000000001,
  	  	  	"judgement": null
  	  	},
  	  	{
  	  	  	"press": false,
  	  	  	"dir": 3,
  	  	  	"time": 21055.6666666668,
  	  	  	"judgement": null
  	  	},
  	  	{
  	  	  	"press": true,
  	  	  	"dir": 2,
  	  	  	"time": 21072.3333333335,
  	  	  	"judgement": "sick"
  	  	},
  	  	{
  	  	  	"press": false,
  	  	  	"dir": 2,
  	  	  	"time": 21239.0000000002,
  	  	  	"judgement": null
  	  	},
  	  	{
  	  	  	"press": true,
  	  	  	"dir": 3,
  	  	  	"time": 21272.3333333335,
  	  	  	"judgement": "sick"
  	  	},
  	  	{
  	  	  	"press": false,
  	  	  	"dir": 3,
  	  	  	"time": 21372.3333333335,
  	  	  	"judgement": null
  	  	},
  	  	{
  	  	  	"press": true,
  	  	  	"dir": 0,
  	  	  	"time": 21405.6666666668,
  	  	  	"judgement": "sick"
  	  	},
  	  	{
  	  	  	"press": false,
  	  	  	"dir": 0,
  	  	  	"time": 21555.6666666668,
  	  	  	"judgement": null
  	  	},
  	  	{
  	  	  	"press": true,
  	  	  	"dir": 3,
  	  	  	"time": 21639.0000000002,
  	  	  	"judgement": "sick"
  	  	},
  	  	{
  	  	  	"press": false,
  	  	  	"dir": 3,
  	  	  	"time": 21739.0000000002,
  	  	  	"judgement": null
  	  	},
  	  	{
  	  	  	"press": true,
  	  	  	"dir": 1,
  	  	  	"time": 21789.0000000002,
  	  	  	"judgement": "sick"
  	  	},
  	  	{
  	  	  	"press": false,
  	  	  	"dir": 1,
  	  	  	"time": 21939.0000000002,
  	  	  	"judgement": null
  	  	},
  	  	{
  	  	  	"press": true,
  	  	  	"dir": 0,
  	  	  	"time": 21989.0000000002,
  	  	  	"judgement": "sick"
  	  	},
  	  	{
  	  	  	"press": false,
  	  	  	"dir": 0,
  	  	  	"time": 22122.3333333336,
  	  	  	"judgement": null
  	  	},
  	  	{
  	  	  	"press": true,
  	  	  	"dir": 3,
  	  	  	"time": 22155.6666666669,
  	  	  	"judgement": "sick"
  	  	},
  	  	{
  	  	  	"press": false,
  	  	  	"dir": 3,
  	  	  	"time": 22289.0000000002,
  	  	  	"judgement": null
  	  	},
  	  	{
  	  	  	"press": true,
  	  	  	"dir": 0,
  	  	  	"time": 22339.0000000002,
  	  	  	"judgement": "sick"
  	  	},
  	  	{
  	  	  	"press": false,
  	  	  	"dir": 0,
  	  	  	"time": 22505.6666666669,
  	  	  	"judgement": null
  	  	},
  	  	{
  	  	  	"press": true,
  	  	  	"dir": 2,
  	  	  	"time": 22522.3333333336,
  	  	  	"judgement": "sick"
  	  	},
  	  	{
  	  	  	"press": true,
  	  	  	"dir": 1,
  	  	  	"time": 22855.6666666669,
  	  	  	"judgement": "sick"
  	  	},
  	  	{
  	  	  	"press": false,
  	  	  	"dir": 2,
  	  	  	"time": 23072.3333333336,
  	  	  	"judgement": null
  	  	},
  	  	{
  	  	  	"press": true,
  	  	  	"dir": 3,
  	  	  	"time": 23222.3333333336,
  	  	  	"judgement": "sick"
  	  	},
  	  	{
  	  	  	"press": false,
  	  	  	"dir": 1,
  	  	  	"time": 23255.666666667,
  	  	  	"judgement": null
  	  	},
  	  	{
  	  	  	"press": false,
  	  	  	"dir": 3,
  	  	  	"time": 23355.666666667,
  	  	  	"judgement": null
  	  	},
  	  	{
  	  	  	"press": true,
  	  	  	"dir": 1,
  	  	  	"time": 23405.666666667,
  	  	  	"judgement": "sick"
  	  	},
  	  	{
  	  	  	"press": false,
  	  	  	"dir": 1,
  	  	  	"time": 23472.3333333337,
  	  	  	"judgement": null
  	  	},
  	  	{
  	  	  	"press": true,
  	  	  	"dir": 3,
  	  	  	"time": 23522.3333333337,
  	  	  	"judgement": "sick"
  	  	},
  	  	{
  	  	  	"press": true,
  	  	  	"dir": 1,
  	  	  	"time": 23589.0000000003,
  	  	  	"judgement": "sick"
  	  	},
  	  	{
  	  	  	"press": false,
  	  	  	"dir": 3,
  	  	  	"time": 23622.3333333337,
  	  	  	"judgement": null
  	  	},
  	  	{
  	  	  	"press": true,
  	  	  	"dir": 0,
  	  	  	"time": 23689.0000000003,
  	  	  	"judgement": "sick"
  	  	},
  	  	{
  	  	  	"press": false,
  	  	  	"dir": 1,
  	  	  	"time": 23689.0000000003,
  	  	  	"judgement": null
  	  	},
  	  	{
  	  	  	"press": true,
  	  	  	"dir": 1,
  	  	  	"time": 23789.0000000003,
  	  	  	"judgement": "sick"
  	  	},
  	  	{
  	  	  	"press": false,
  	  	  	"dir": 0,
  	  	  	"time": 23805.666666667,
  	  	  	"judgement": null
  	  	},
  	  	{
  	  	  	"press": true,
  	  	  	"dir": 3,
  	  	  	"time": 23872.3333333337,
  	  	  	"judgement": "sick"
  	  	},
  	  	{
  	  	  	"press": false,
  	  	  	"dir": 1,
  	  	  	"time": 23872.3333333337,
  	  	  	"judgement": null
  	  	},
  	  	{
  	  	  	"press": true,
  	  	  	"dir": 1,
  	  	  	"time": 23955.666666667,
  	  	  	"judgement": "sick"
  	  	},
  	  	{
  	  	  	"press": false,
  	  	  	"dir": 3,
  	  	  	"time": 23955.666666667,
  	  	  	"judgement": null
  	  	},
  	  	{
  	  	  	"press": true,
  	  	  	"dir": 0,
  	  	  	"time": 24039.0000000004,
  	  	  	"judgement": "sick"
  	  	},
  	  	{
  	  	  	"press": false,
  	  	  	"dir": 1,
  	  	  	"time": 24055.666666667,
  	  	  	"judgement": null
  	  	},
  	  	{
  	  	  	"press": true,
  	  	  	"dir": 1,
  	  	  	"time": 24122.3333333337,
  	  	  	"judgement": "sick"
  	  	},
  	  	{
  	  	  	"press": false,
  	  	  	"dir": 0,
  	  	  	"time": 24155.666666667,
  	  	  	"judgement": null
  	  	},
  	  	{
  	  	  	"press": true,
  	  	  	"dir": 3,
  	  	  	"time": 24222.3333333337,
  	  	  	"judgement": "sick"
  	  	},
  	  	{
  	  	  	"press": false,
  	  	  	"dir": 1,
  	  	  	"time": 24222.3333333337,
  	  	  	"judgement": null
  	  	},
  	  	{
  	  	  	"press": true,
  	  	  	"dir": 1,
  	  	  	"time": 24305.666666667,
  	  	  	"judgement": "sick"
  	  	},
  	  	{
  	  	  	"press": false,
  	  	  	"dir": 3,
  	  	  	"time": 24322.3333333337,
  	  	  	"judgement": null
  	  	},
  	  	{
  	  	  	"press": true,
  	  	  	"dir": 0,
  	  	  	"time": 24405.6666666671,
  	  	  	"judgement": "sick"
  	  	},
  	  	{
  	  	  	"press": false,
  	  	  	"dir": 1,
  	  	  	"time": 24422.3333333337,
  	  	  	"judgement": null
  	  	},
  	  	{
  	  	  	"press": false,
  	  	  	"dir": 0,
  	  	  	"time": 24489.0000000004,
  	  	  	"judgement": null
  	  	},
  	  	{
  	  	  	"press": true,
  	  	  	"dir": 2,
  	  	  	"time": 24505.6666666671,
  	  	  	"judgement": "sick"
  	  	},
  	  	{
  	  	  	"press": true,
  	  	  	"dir": 3,
  	  	  	"time": 24622.3333333337,
  	  	  	"judgement": "sick"
  	  	},
  	  	{
  	  	  	"press": false,
  	  	  	"dir": 2,
  	  	  	"time": 24639.0000000004,
  	  	  	"judgement": null
  	  	},
  	  	{
  	  	  	"press": true,
  	  	  	"dir": 0,
  	  	  	"time": 24689.0000000004,
  	  	  	"judgement": "sick"
  	  	},
  	  	{
  	  	  	"press": false,
  	  	  	"dir": 3,
  	  	  	"time": 24705.6666666671,
  	  	  	"judgement": null
  	  	},
  	  	{
  	  	  	"press": false,
  	  	  	"dir": 0,
  	  	  	"time": 24789.0000000004,
  	  	  	"judgement": null
  	  	},
  	  	{
  	  	  	"press": true,
  	  	  	"dir": 2,
  	  	  	"time": 24855.6666666671,
  	  	  	"judgement": "sick"
  	  	},
  	  	{
  	  	  	"press": false,
  	  	  	"dir": 2,
  	  	  	"time": 24955.6666666671,
  	  	  	"judgement": null
  	  	},
  	  	{
  	  	  	"press": true,
  	  	  	"dir": 0,
  	  	  	"time": 25039.0000000004,
  	  	  	"judgement": "sick"
  	  	},
  	  	{
  	  	  	"press": false,
  	  	  	"dir": 0,
  	  	  	"time": 25122.3333333338,
  	  	  	"judgement": null
  	  	},
  	  	{
  	  	  	"press": true,
  	  	  	"dir": 1,
  	  	  	"time": 25205.6666666671,
  	  	  	"judgement": "sick"
  	  	},
  	  	{
  	  	  	"press": false,
  	  	  	"dir": 1,
  	  	  	"time": 25289.0000000005,
  	  	  	"judgement": null
  	  	},
  	  	{
  	  	  	"press": true,
  	  	  	"dir": 3,
  	  	  	"time": 25405.6666666671,
  	  	  	"judgement": "sick"
  	  	},
  	  	{
  	  	  	"press": false,
  	  	  	"dir": 3,
  	  	  	"time": 25522.3333333338,
  	  	  	"judgement": null
  	  	},
  	  	{
  	  	  	"press": true,
  	  	  	"dir": 2,
  	  	  	"time": 25589.0000000005,
  	  	  	"judgement": "sick"
  	  	},
  	  	{
  	  	  	"press": false,
  	  	  	"dir": 2,
  	  	  	"time": 25672.3333333338,
  	  	  	"judgement": null
  	  	},
  	  	{
  	  	  	"press": true,
  	  	  	"dir": 3,
  	  	  	"time": 25789.0000000005,
  	  	  	"judgement": "sick"
  	  	},
  	  	{
  	  	  	"press": true,
  	  	  	"dir": 0,
  	  	  	"time": 25872.3333333338,
  	  	  	"judgement": "good"
  	  	},
  	  	{
  	  	  	"press": false,
  	  	  	"dir": 3,
  	  	  	"time": 25872.3333333338,
  	  	  	"judgement": null
  	  	},
  	  	{
  	  	  	"press": false,
  	  	  	"dir": 0,
  	  	  	"time": 26014.6666666667,
  	  	  	"judgement": null
  	  	},
  	  	{
  	  	  	"press": true,
  	  	  	"dir": 1,
  	  	  	"time": 26131.3333333333,
  	  	  	"judgement": "sick"
  	  	},
  	  	{
  	  	  	"press": true,
  	  	  	"dir": 3,
  	  	  	"time": 26498,
  	  	  	"judgement": "sick"
  	  	},
  	  	{
  	  	  	"press": false,
  	  	  	"dir": 1,
  	  	  	"time": 26548,
  	  	  	"judgement": null
  	  	},
  	  	{
  	  	  	"press": true,
  	  	  	"dir": 0,
  	  	  	"time": 26864.6666666667,
  	  	  	"judgement": "sick"
  	  	},
  	  	{
  	  	  	"press": false,
  	  	  	"dir": 3,
  	  	  	"time": 26931.3333333334,
  	  	  	"judgement": null
  	  	},
  	  	{
  	  	  	"press": true,
  	  	  	"dir": 2,
  	  	  	"time": 27198.0000000001,
  	  	  	"judgement": "sick"
  	  	},
  	  	{
  	  	  	"press": false,
  	  	  	"dir": 0,
  	  	  	"time": 27231.3333333334,
  	  	  	"judgement": null
  	  	},
  	  	{
  	  	  	"press": true,
  	  	  	"dir": 1,
  	  	  	"time": 27564.6666666668,
  	  	  	"judgement": "sick"
  	  	},
  	  	{
  	  	  	"press": false,
  	  	  	"dir": 2,
  	  	  	"time": 27581.3333333334,
  	  	  	"judgement": null
  	  	},
  	  	{
  	  	  	"press": true,
  	  	  	"dir": 0,
  	  	  	"time": 27931.3333333335,
  	  	  	"judgement": "sick"
  	  	},
  	  	{
  	  	  	"press": false,
  	  	  	"dir": 1,
  	  	  	"time": 27964.6666666668,
  	  	  	"judgement": null
  	  	},
  	  	{
  	  	  	"press": true,
  	  	  	"dir": 1,
  	  	  	"time": 28264.6666666668,
  	  	  	"judgement": "sick"
  	  	},
  	  	{
  	  	  	"press": false,
  	  	  	"dir": 0,
  	  	  	"time": 28281.3333333335,
  	  	  	"judgement": null
  	  	},
  	  	{
  	  	  	"press": false,
  	  	  	"dir": 1,
  	  	  	"time": 28581.3333333335,
  	  	  	"judgement": null
  	  	},
  	  	{
  	  	  	"press": true,
  	  	  	"dir": 3,
  	  	  	"time": 28631.3333333335,
  	  	  	"judgement": "sick"
  	  	},
  	  	{
  	  	  	"press": true,
  	  	  	"dir": 1,
  	  	  	"time": 28731.3333333335,
  	  	  	"judgement": "sick"
  	  	},
  	  	{
  	  	  	"press": false,
  	  	  	"dir": 3,
  	  	  	"time": 28731.3333333335,
  	  	  	"judgement": null
  	  	},
  	  	{
  	  	  	"press": true,
  	  	  	"dir": 0,
  	  	  	"time": 28798.0000000002,
  	  	  	"judgement": "sick"
  	  	},
  	  	{
  	  	  	"press": false,
  	  	  	"dir": 1,
  	  	  	"time": 28848.0000000002,
  	  	  	"judgement": null
  	  	},
  	  	{
  	  	  	"press": true,
  	  	  	"dir": 2,
  	  	  	"time": 28914.6666666669,
  	  	  	"judgement": "sick"
  	  	},
  	  	{
  	  	  	"press": false,
  	  	  	"dir": 0,
  	  	  	"time": 28914.6666666669,
  	  	  	"judgement": null
  	  	},
  	  	{
  	  	  	"press": true,
  	  	  	"dir": 3,
  	  	  	"time": 29014.6666666669,
  	  	  	"judgement": "sick"
  	  	},
  	  	{
  	  	  	"press": false,
  	  	  	"dir": 2,
  	  	  	"time": 29064.6666666669,
  	  	  	"judgement": null
  	  	},
  	  	{
  	  	  	"press": false,
  	  	  	"dir": 3,
  	  	  	"time": 29114.6666666669,
  	  	  	"judgement": null
  	  	},
  	  	{
  	  	  	"press": true,
  	  	  	"dir": 0,
  	  	  	"time": 29181.3333333336,
  	  	  	"judgement": "sick"
  	  	},
  	  	{
  	  	  	"press": false,
  	  	  	"dir": 0,
  	  	  	"time": 29264.6666666669,
  	  	  	"judgement": null
  	  	},
  	  	{
  	  	  	"press": true,
  	  	  	"dir": 2,
  	  	  	"time": 29348.0000000002,
  	  	  	"judgement": "sick"
  	  	},
  	  	{
  	  	  	"press": false,
  	  	  	"dir": 2,
  	  	  	"time": 29464.6666666669,
  	  	  	"judgement": null
  	  	},
  	  	{
  	  	  	"press": true,
  	  	  	"dir": 1,
  	  	  	"time": 29548.0000000003,
  	  	  	"judgement": "sick"
  	  	},
  	  	{
  	  	  	"press": false,
  	  	  	"dir": 1,
  	  	  	"time": 29631.3333333336,
  	  	  	"judgement": null
  	  	},
  	  	{
  	  	  	"press": true,
  	  	  	"dir": 1,
  	  	  	"time": 29714.6666666669,
  	  	  	"judgement": "sick"
  	  	},
  	  	{
  	  	  	"press": false,
  	  	  	"dir": 1,
  	  	  	"time": 29814.6666666669,
  	  	  	"judgement": null
  	  	},
  	  	{
  	  	  	"press": true,
  	  	  	"dir": 3,
  	  	  	"time": 29914.666666667,
  	  	  	"judgement": "sick"
  	  	},
  	  	{
  	  	  	"press": false,
  	  	  	"dir": 3,
  	  	  	"time": 30014.666666667,
  	  	  	"judgement": null
  	  	},
  	  	{
  	  	  	"press": true,
  	  	  	"dir": 2,
  	  	  	"time": 30098.0000000003,
  	  	  	"judgement": "sick"
  	  	},
  	  	{
  	  	  	"press": false,
  	  	  	"dir": 2,
  	  	  	"time": 30231.3333333336,
  	  	  	"judgement": null
  	  	},
  	  	{
  	  	  	"press": true,
  	  	  	"dir": 0,
  	  	  	"time": 30264.666666667,
  	  	  	"judgement": "sick"
  	  	},
  	  	{
  	  	  	"press": false,
  	  	  	"dir": 0,
  	  	  	"time": 30381.3333333337,
  	  	  	"judgement": null
  	  	},
  	  	{
  	  	  	"press": true,
  	  	  	"dir": 3,
  	  	  	"time": 30514.6666666667,
  	  	  	"judgement": "good"
  	  	},
  	  	{
  	  	  	"press": false,
  	  	  	"dir": 3,
  	  	  	"time": 30614.6666666667,
  	  	  	"judgement": null
  	  	},
  	  	{
  	  	  	"press": true,
  	  	  	"dir": 2,
  	  	  	"time": 30714.6666666667,
  	  	  	"judgement": "good"
  	  	},
  	  	{
  	  	  	"press": false,
  	  	  	"dir": 2,
  	  	  	"time": 30798,
  	  	  	"judgement": null
  	  	},
  	  	{
  	  	  	"press": true,
  	  	  	"dir": 0,
  	  	  	"time": 30881.3333333334,
  	  	  	"judgement": "good"
  	  	},
  	  	{
  	  	  	"press": false,
  	  	  	"dir": 0,
  	  	  	"time": 30948,
  	  	  	"judgement": null
  	  	},
  	  	{
  	  	  	"press": true,
  	  	  	"dir": 2,
  	  	  	"time": 31014.6666666667,
  	  	  	"judgement": "sick"
  	  	},
  	  	{
  	  	  	"press": false,
  	  	  	"dir": 2,
  	  	  	"time": 31131.3333333334,
  	  	  	"judgement": null
  	  	},
  	  	{
  	  	  	"press": true,
  	  	  	"dir": 3,
  	  	  	"time": 31214.6666666667,
  	  	  	"judgement": "sick"
  	  	},
  	  	{
  	  	  	"press": false,
  	  	  	"dir": 3,
  	  	  	"time": 31281.3333333334,
  	  	  	"judgement": null
  	  	},
  	  	{
  	  	  	"press": true,
  	  	  	"dir": 1,
  	  	  	"time": 31314.6666666667,
  	  	  	"judgement": "good"
  	  	},
  	  	{
  	  	  	"press": false,
  	  	  	"dir": 1,
  	  	  	"time": 31398.0000000001,
  	  	  	"judgement": null
  	  	},
  	  	{
  	  	  	"press": true,
  	  	  	"dir": 0,
  	  	  	"time": 31548.0000000001,
  	  	  	"judgement": "sick"
  	  	},
  	  	{
  	  	  	"press": false,
  	  	  	"dir": 0,
  	  	  	"time": 31614.6666666667,
  	  	  	"judgement": null
  	  	},
  	  	{
  	  	  	"press": true,
  	  	  	"dir": 1,
  	  	  	"time": 31731.3333333334,
  	  	  	"judgement": "sick"
  	  	},
  	  	{
  	  	  	"press": false,
  	  	  	"dir": 1,
  	  	  	"time": 31848.0000000001,
  	  	  	"judgement": null
  	  	},
  	  	{
  	  	  	"press": true,
  	  	  	"dir": 2,
  	  	  	"time": 31948.0000000001,
  	  	  	"judgement": "sick"
  	  	},
  	  	{
  	  	  	"press": true,
  	  	  	"dir": 0,
  	  	  	"time": 32248.0000000001,
  	  	  	"judgement": "sick"
  	  	},
  	  	{
  	  	  	"press": false,
  	  	  	"dir": 2,
  	  	  	"time": 32331.3333333335,
  	  	  	"judgement": null
  	  	},
  	  	{
  	  	  	"press": true,
  	  	  	"dir": 1,
  	  	  	"time": 32464.6666666668,
  	  	  	"judgement": "sick"
  	  	},
  	  	{
  	  	  	"press": false,
  	  	  	"dir": 0,
  	  	  	"time": 32481.3333333335,
  	  	  	"judgement": null
  	  	},
  	  	{
  	  	  	"press": false,
  	  	  	"dir": 1,
  	  	  	"time": 32581.3333333335,
  	  	  	"judgement": null
  	  	},
  	  	{
  	  	  	"press": true,
  	  	  	"dir": 3,
  	  	  	"time": 32631.3333333335,
  	  	  	"judgement": "sick"
  	  	},
  	  	{
  	  	  	"press": true,
  	  	  	"dir": 0,
  	  	  	"time": 33014.6666666668,
  	  	  	"judgement": "sick"
  	  	},
  	  	{
  	  	  	"press": false,
  	  	  	"dir": 3,
  	  	  	"time": 33031.3333333335,
  	  	  	"judgement": null
  	  	},
  	  	{
  	  	  	"press": false,
  	  	  	"dir": 0,
  	  	  	"time": 33098.0000000001,
  	  	  	"judgement": null
  	  	},
  	  	{
  	  	  	"press": true,
  	  	  	"dir": 2,
  	  	  	"time": 33148.0000000001,
  	  	  	"judgement": "sick"
  	  	},
  	  	{
  	  	  	"press": false,
  	  	  	"dir": 2,
  	  	  	"time": 33281.3333333334,
  	  	  	"judgement": null
  	  	},
  	  	{
  	  	  	"press": true,
  	  	  	"dir": 0,
  	  	  	"time": 33364.6666666667,
  	  	  	"judgement": "sick"
  	  	},
  	  	{
  	  	  	"press": true,
  	  	  	"dir": 1,
  	  	  	"time": 33448.0000000001,
  	  	  	"judgement": "sick"
  	  	},
  	  	{
  	  	  	"press": false,
  	  	  	"dir": 0,
  	  	  	"time": 33464.6666666667,
  	  	  	"judgement": null
  	  	},
  	  	{
  	  	  	"press": true,
  	  	  	"dir": 3,
  	  	  	"time": 33531.3333333334,
  	  	  	"judgement": "sick"
  	  	},
  	  	{
  	  	  	"press": false,
  	  	  	"dir": 1,
  	  	  	"time": 33564.6666666667,
  	  	  	"judgement": null
  	  	},
  	  	{
  	  	  	"press": true,
  	  	  	"dir": 2,
  	  	  	"time": 33614.6666666667,
  	  	  	"judgement": "sick"
  	  	},
  	  	{
  	  	  	"press": false,
  	  	  	"dir": 3,
  	  	  	"time": 33648,
  	  	  	"judgement": null
  	  	},
  	  	{
  	  	  	"press": true,
  	  	  	"dir": 0,
  	  	  	"time": 33681.3333333334,
  	  	  	"judgement": "sick"
  	  	},
  	  	{
  	  	  	"press": false,
  	  	  	"dir": 2,
  	  	  	"time": 33731.3333333334,
  	  	  	"judgement": null
  	  	},
  	  	{
  	  	  	"press": true,
  	  	  	"dir": 1,
  	  	  	"time": 33798,
  	  	  	"judgement": "sick"
  	  	},
  	  	{
  	  	  	"press": false,
  	  	  	"dir": 0,
  	  	  	"time": 33798,
  	  	  	"judgement": null
  	  	},
  	  	{
  	  	  	"press": false,
  	  	  	"dir": 1,
  	  	  	"time": 33864.6666666667,
  	  	  	"judgement": null
  	  	},
  	  	{
  	  	  	"press": true,
  	  	  	"dir": 3,
  	  	  	"time": 33881.3333333333,
  	  	  	"judgement": "sick"
  	  	},
  	  	{
  	  	  	"press": true,
  	  	  	"dir": 2,
  	  	  	"time": 33931.3333333333,
  	  	  	"judgement": "good"
  	  	},
  	  	{
  	  	  	"press": false,
  	  	  	"dir": 3,
  	  	  	"time": 33981.3333333333,
  	  	  	"judgement": null
  	  	},
  	  	{
  	  	  	"press": true,
  	  	  	"dir": 0,
  	  	  	"time": 34048,
  	  	  	"judgement": "sick"
  	  	},
  	  	{
  	  	  	"press": false,
  	  	  	"dir": 2,
  	  	  	"time": 34081.3333333333,
  	  	  	"judgement": null
  	  	},
  	  	{
  	  	  	"press": true,
  	  	  	"dir": 1,
  	  	  	"time": 34264.6666666666,
  	  	  	"judgement": "sick"
  	  	},
  	  	{
  	  	  	"press": false,
  	  	  	"dir": 0,
  	  	  	"time": 34264.6666666666,
  	  	  	"judgement": null
  	  	},
  	  	{
  	  	  	"press": true,
  	  	  	"dir": 3,
  	  	  	"time": 34447.9999999999,
  	  	  	"judgement": "sick"
  	  	},
  	  	{
  	  	  	"press": false,
  	  	  	"dir": 1,
  	  	  	"time": 34497.9999999999,
  	  	  	"judgement": null
  	  	},
  	  	{
  	  	  	"press": true,
  	  	  	"dir": 0,
  	  	  	"time": 34797.9999999999,
  	  	  	"judgement": "sick"
  	  	},
  	  	{
  	  	  	"press": false,
  	  	  	"dir": 3,
  	  	  	"time": 34814.6666666665,
  	  	  	"judgement": null
  	  	},
  	  	{
  	  	  	"press": false,
  	  	  	"dir": 0,
  	  	  	"time": 34931.3333333332,
  	  	  	"judgement": null
  	  	},
  	  	{
  	  	  	"press": true,
  	  	  	"dir": 2,
  	  	  	"time": 34997.9999999998,
  	  	  	"judgement": "sick"
  	  	},
  	  	{
  	  	  	"press": false,
  	  	  	"dir": 2,
  	  	  	"time": 35081.3333333332,
  	  	  	"judgement": null
  	  	},
  	  	{
  	  	  	"press": true,
  	  	  	"dir": 3,
  	  	  	"time": 35181.3333333331,
  	  	  	"judgement": "sick"
  	  	},
  	  	{
  	  	  	"press": false,
  	  	  	"dir": 3,
  	  	  	"time": 35264.6666666665,
  	  	  	"judgement": null
  	  	},
  	  	{
  	  	  	"press": true,
  	  	  	"dir": 0,
  	  	  	"time": 35364.6666666665,
  	  	  	"judgement": "sick"
  	  	},
  	  	{
  	  	  	"press": false,
  	  	  	"dir": 0,
  	  	  	"time": 35447.9999999998,
  	  	  	"judgement": null
  	  	},
  	  	{
  	  	  	"press": true,
  	  	  	"dir": 2,
  	  	  	"time": 35531.3333333331,
  	  	  	"judgement": "sick"
  	  	},
  	  	{
  	  	  	"press": false,
  	  	  	"dir": 2,
  	  	  	"time": 35647.9999999997,
  	  	  	"judgement": null
  	  	},
  	  	{
  	  	  	"press": true,
  	  	  	"dir": 0,
  	  	  	"time": 35731.3333333331,
  	  	  	"judgement": "sick"
  	  	},
  	  	{
  	  	  	"press": false,
  	  	  	"dir": 0,
  	  	  	"time": 35831.3333333331,
  	  	  	"judgement": null
  	  	},
  	  	{
  	  	  	"press": true,
  	  	  	"dir": 3,
  	  	  	"time": 35897.9999999997,
  	  	  	"judgement": "sick"
  	  	},
  	  	{
  	  	  	"press": true,
  	  	  	"dir": 2,
  	  	  	"time": 35914.6666666664,
  	  	  	"judgement": "shit"
  	  	},
  	  	{
  	  	  	"press": false,
  	  	  	"dir": 2,
  	  	  	"time": 35997.9999999997,
  	  	  	"judgement": null
  	  	},
  	  	{
  	  	  	"press": false,
  	  	  	"dir": 3,
  	  	  	"time": 36014.6666666664,
  	  	  	"judgement": null
  	  	},
  	  	{
  	  	  	"press": true,
  	  	  	"dir": 0,
  	  	  	"time": 36081.333333333,
  	  	  	"judgement": null
  	  	},
  	  	{
  	  	  	"press": true,
  	  	  	"dir": 1,
  	  	  	"time": 36081.333333333,
  	  	  	"judgement": null
  	  	},
  	  	{
  	  	  	"press": false,
  	  	  	"dir": 0,
  	  	  	"time": 36164.6666666663,
  	  	  	"judgement": null
  	  	},
  	  	{
  	  	  	"press": false,
  	  	  	"dir": 1,
  	  	  	"time": 36164.6666666663,
  	  	  	"judgement": null
  	  	},
  	  	{
  	  	  	"press": true,
  	  	  	"dir": 2,
  	  	  	"time": 36264.6666666663,
  	  	  	"judgement": null
  	  	},
  	  	{
  	  	  	"press": true,
  	  	  	"dir": 3,
  	  	  	"time": 36264.6666666663,
  	  	  	"judgement": "sick"
  	  	},
  	  	{
  	  	  	"press": false,
  	  	  	"dir": 2,
  	  	  	"time": 36364.6666666663,
  	  	  	"judgement": null
  	  	},
  	  	{
  	  	  	"press": false,
  	  	  	"dir": 3,
  	  	  	"time": 36364.6666666663,
  	  	  	"judgement": null
  	  	},
  	  	{
  	  	  	"press": true,
  	  	  	"dir": 0,
  	  	  	"time": 36414.6666666663,
  	  	  	"judgement": null
  	  	},
  	  	{
  	  	  	"press": true,
  	  	  	"dir": 1,
  	  	  	"time": 36431.333333333,
  	  	  	"judgement": "sick"
  	  	},
  	  	{
  	  	  	"press": false,
  	  	  	"dir": 1,
  	  	  	"time": 36497.9999999996,
  	  	  	"judgement": null
  	  	},
  	  	{
  	  	  	"press": false,
  	  	  	"dir": 0,
  	  	  	"time": 36514.6666666663,
  	  	  	"judgement": null
  	  	},
  	  	{
  	  	  	"press": true,
  	  	  	"dir": 2,
  	  	  	"time": 36581.3333333329,
  	  	  	"judgement": null
  	  	},
  	  	{
  	  	  	"press": true,
  	  	  	"dir": 3,
  	  	  	"time": 36597.9999999996,
  	  	  	"judgement": null
  	  	},
  	  	{
  	  	  	"press": false,
  	  	  	"dir": 3,
  	  	  	"time": 36697.9999999996,
  	  	  	"judgement": null
  	  	},
  	  	{
  	  	  	"press": false,
  	  	  	"dir": 2,
  	  	  	"time": 36714.6666666663,
  	  	  	"judgement": null
  	  	},
  	  	{
  	  	  	"press": true,
  	  	  	"dir": 0,
  	  	  	"time": 36764.6666666662,
  	  	  	"judgement": "miss"
  	  	},
  	  	{
  	  	  	"press": false,
  	  	  	"dir": 0,
  	  	  	"time": 36864.6666666662,
  	  	  	"judgement": null
  	  	},
  	  	{
  	  	  	"press": true,
  	  	  	"dir": 2,
  	  	  	"time": 36914.6666666662,
  	  	  	"judgement": "bad"
  	  	},
  	  	{
  	  	  	"press": false,
  	  	  	"dir": 2,
  	  	  	"time": 37014.6666666662,
  	  	  	"judgement": null
  	  	},
  	  	{
  	  	  	"press": true,
  	  	  	"dir": 3,
  	  	  	"time": 37031.3333333329,
  	  	  	"judgement": "good"
  	  	},
  	  	{
  	  	  	"press": false,
  	  	  	"dir": 3,
  	  	  	"time": 37131.3333333329,
  	  	  	"judgement": null
  	  	},
  	  	{
  	  	  	"press": true,
  	  	  	"dir": 0,
  	  	  	"time": 37147.9999999995,
  	  	  	"judgement": "sick"
  	  	},
  	  	{
  	  	  	"press": false,
  	  	  	"dir": 0,
  	  	  	"time": 37231.3333333328,
  	  	  	"judgement": null
  	  	},
  	  	{
  	  	  	"press": true,
  	  	  	"dir": 3,
  	  	  	"time": 37314.6666666662,
  	  	  	"judgement": "sick"
  	  	},
  	  	{
  	  	  	"press": false,
  	  	  	"dir": 3,
  	  	  	"time": 37464.6666666661,
  	  	  	"judgement": null
  	  	},
  	  	{
  	  	  	"press": true,
  	  	  	"dir": 1,
  	  	  	"time": 37514.6666666661,
  	  	  	"judgement": "sick"
  	  	},
  	  	{
  	  	  	"press": false,
  	  	  	"dir": 1,
  	  	  	"time": 37614.6666666661,
  	  	  	"judgement": null
  	  	},
  	  	{
  	  	  	"press": true,
  	  	  	"dir": 0,
  	  	  	"time": 37647.9999999995,
  	  	  	"judgement": "sick"
  	  	},
  	  	{
  	  	  	"press": true,
  	  	  	"dir": 2,
  	  	  	"time": 38033.6666666666,
  	  	  	"judgement": "sick"
  	  	},
  	  	{
  	  	  	"press": false,
  	  	  	"dir": 0,
  	  	  	"time": 38033.6666666666,
  	  	  	"judgement": null
  	  	},
  	  	{
  	  	  	"press": true,
  	  	  	"dir": 3,
  	  	  	"time": 38050.3333333333,
  	  	  	"judgement": "sick"
  	  	},
  	  	{
  	  	  	"press": false,
  	  	  	"dir": 2,
  	  	  	"time": 38150.3333333333,
  	  	  	"judgement": null
  	  	},
  	  	{
  	  	  	"press": false,
  	  	  	"dir": 3,
  	  	  	"time": 38183.6666666666,
  	  	  	"judgement": null
  	  	},
  	  	{
  	  	  	"press": true,
  	  	  	"dir": 0,
  	  	  	"time": 38233.6666666666,
  	  	  	"judgement": "sick"
  	  	},
  	  	{
  	  	  	"press": false,
  	  	  	"dir": 0,
  	  	  	"time": 38300.3333333332,
  	  	  	"judgement": null
  	  	},
  	  	{
  	  	  	"press": true,
  	  	  	"dir": 3,
  	  	  	"time": 38333.6666666666,
  	  	  	"judgement": "sick"
  	  	},
  	  	{
  	  	  	"press": true,
  	  	  	"dir": 1,
  	  	  	"time": 38400.3333333332,
  	  	  	"judgement": "sick"
  	  	},
  	  	{
  	  	  	"press": false,
  	  	  	"dir": 3,
  	  	  	"time": 38400.3333333332,
  	  	  	"judgement": null
  	  	},
  	  	{
  	  	  	"press": false,
  	  	  	"dir": 1,
  	  	  	"time": 38483.6666666666,
  	  	  	"judgement": null
  	  	},
  	  	{
  	  	  	"press": true,
  	  	  	"dir": 2,
  	  	  	"time": 38600.3333333332,
  	  	  	"judgement": "sick"
  	  	},
  	  	{
  	  	  	"press": false,
  	  	  	"dir": 2,
  	  	  	"time": 38716.9999999999,
  	  	  	"judgement": null
  	  	},
  	  	{
  	  	  	"press": true,
  	  	  	"dir": 0,
  	  	  	"time": 38766.9999999998,
  	  	  	"judgement": "sick"
  	  	},
  	  	{
  	  	  	"press": false,
  	  	  	"dir": 0,
  	  	  	"time": 38850.3333333332,
  	  	  	"judgement": null
  	  	},
  	  	{
  	  	  	"press": true,
  	  	  	"dir": 1,
  	  	  	"time": 38950.3333333332,
  	  	  	"judgement": "sick"
  	  	},
  	  	{
  	  	  	"press": false,
  	  	  	"dir": 1,
  	  	  	"time": 39033.6666666665,
  	  	  	"judgement": null
  	  	},
  	  	{
  	  	  	"press": true,
  	  	  	"dir": 0,
  	  	  	"time": 39116.9999999998,
  	  	  	"judgement": "sick"
  	  	},
  	  	{
  	  	  	"press": true,
  	  	  	"dir": 1,
  	  	  	"time": 39483.6666666664,
  	  	  	"judgement": "sick"
  	  	},
  	  	{
  	  	  	"press": false,
  	  	  	"dir": 0,
  	  	  	"time": 39583.6666666664,
  	  	  	"judgement": null
  	  	},
  	  	{
  	  	  	"press": true,
  	  	  	"dir": 3,
  	  	  	"time": 39866.9999999997,
  	  	  	"judgement": "sick"
  	  	},
  	  	{
  	  	  	"press": false,
  	  	  	"dir": 1,
  	  	  	"time": 39883.6666666664,
  	  	  	"judgement": null
  	  	},
  	  	{
  	  	  	"press": true,
  	  	  	"dir": 1,
  	  	  	"time": 40216.9999999996,
  	  	  	"judgement": "sick"
  	  	},
  	  	{
  	  	  	"press": false,
  	  	  	"dir": 3,
  	  	  	"time": 40450.3333333329,
  	  	  	"judgement": null
  	  	},
  	  	{
  	  	  	"press": false,
  	  	  	"dir": 1,
  	  	  	"time": 40550.3333333329,
  	  	  	"judgement": null
  	  	},
  	  	{
  	  	  	"press": true,
  	  	  	"dir": 0,
  	  	  	"time": 40566.9999999996,
  	  	  	"judgement": "sick"
  	  	},
  	  	{
  	  	  	"press": true,
  	  	  	"dir": 1,
  	  	  	"time": 40733.6666666662,
  	  	  	"judgement": "sick"
  	  	},
  	  	{
  	  	  	"press": false,
  	  	  	"dir": 0,
  	  	  	"time": 40750.3333333329,
  	  	  	"judgement": null
  	  	},
  	  	{
  	  	  	"press": false,
  	  	  	"dir": 1,
  	  	  	"time": 40850.3333333329,
  	  	  	"judgement": null
  	  	},
  	  	{
  	  	  	"press": true,
  	  	  	"dir": 0,
  	  	  	"time": 40933.6666666662,
  	  	  	"judgement": "sick"
  	  	},
  	  	{
  	  	  	"press": false,
  	  	  	"dir": 0,
  	  	  	"time": 41083.6666666662,
  	  	  	"judgement": null
  	  	},
  	  	{
  	  	  	"press": true,
  	  	  	"dir": 1,
  	  	  	"time": 41116.9999999995,
  	  	  	"judgement": "sick"
  	  	},
  	  	{
  	  	  	"press": false,
  	  	  	"dir": 1,
  	  	  	"time": 41216.9999999995,
  	  	  	"judgement": null
  	  	},
  	  	{
  	  	  	"press": true,
  	  	  	"dir": 2,
  	  	  	"time": 41250.3333333328,
  	  	  	"judgement": "good"
  	  	},
  	  	{
  	  	  	"press": false,
  	  	  	"dir": 2,
  	  	  	"time": 41400.3333333328,
  	  	  	"judgement": null
  	  	},
  	  	{
  	  	  	"press": true,
  	  	  	"dir": 0,
  	  	  	"time": 41483.6666666661,
  	  	  	"judgement": "sick"
  	  	},
  	  	{
  	  	  	"press": true,
  	  	  	"dir": 1,
  	  	  	"time": 41583.6666666661,
  	  	  	"judgement": "sick"
  	  	},
  	  	{
  	  	  	"press": false,
  	  	  	"dir": 0,
  	  	  	"time": 41583.6666666661,
  	  	  	"judgement": null
  	  	},
  	  	{
  	  	  	"press": true,
  	  	  	"dir": 3,
  	  	  	"time": 41600.3333333328,
  	  	  	"judgement": "good"
  	  	},
  	  	{
  	  	  	"press": false,
  	  	  	"dir": 1,
  	  	  	"time": 41650.3333333328,
  	  	  	"judgement": null
  	  	},
  	  	{
  	  	  	"press": false,
  	  	  	"dir": 3,
  	  	  	"time": 41716.9999999994,
  	  	  	"judgement": null
  	  	},
  	  	{
  	  	  	"press": true,
  	  	  	"dir": 2,
  	  	  	"time": 41783.6666666661,
  	  	  	"judgement": "good"
  	  	},
  	  	{
  	  	  	"press": true,
  	  	  	"dir": 3,
  	  	  	"time": 41916.9999999994,
  	  	  	"judgement": "bad"
  	  	},
  	  	{
  	  	  	"press": true,
  	  	  	"dir": 1,
  	  	  	"time": 41950.3333333327,
  	  	  	"judgement": "sick"
  	  	},
  	  	{
  	  	  	"press": false,
  	  	  	"dir": 2,
  	  	  	"time": 41950.3333333327,
  	  	  	"judgement": null
  	  	},
  	  	{
  	  	  	"press": true,
  	  	  	"dir": 0,
  	  	  	"time": 41983.666666666,
  	  	  	"judgement": null
  	  	},
  	  	{
  	  	  	"press": false,
  	  	  	"dir": 1,
  	  	  	"time": 41983.666666666,
  	  	  	"judgement": null
  	  	},
  	  	{
  	  	  	"press": false,
  	  	  	"dir": 3,
  	  	  	"time": 41983.666666666,
  	  	  	"judgement": null
  	  	},
  	  	{
  	  	  	"press": true,
  	  	  	"dir": 1,
  	  	  	"time": 42000.3333333327,
  	  	  	"judgement": null
  	  	},
  	  	{
  	  	  	"press": false,
  	  	  	"dir": 0,
  	  	  	"time": 42557,
  	  	  	"judgement": null
  	  	},
  	  	{
  	  	  	"press": true,
  	  	  	"dir": 2,
  	  	  	"time": 42573.6666666667,
  	  	  	"judgement": "good"
  	  	},
  	  	{
  	  	  	"press": true,
  	  	  	"dir": 3,
  	  	  	"time": 42590.3333333333,
  	  	  	"judgement": null
  	  	},
  	  	{
  	  	  	"press": false,
  	  	  	"dir": 1,
  	  	  	"time": 42590.3333333333,
  	  	  	"judgement": null
  	  	},
  	  	{
  	  	  	"press": false,
  	  	  	"dir": 2,
  	  	  	"time": 42607,
  	  	  	"judgement": null
  	  	},
  	  	{
  	  	  	"press": false,
  	  	  	"dir": 3,
  	  	  	"time": 42623.6666666667,
  	  	  	"judgement": null
  	  	},
  	  	{
  	  	  	"press": true,
  	  	  	"dir": 0,
  	  	  	"time": 42640.3333333333,
  	  	  	"judgement": "good"
  	  	},
  	  	{
  	  	  	"press": true,
  	  	  	"dir": 1,
  	  	  	"time": 42640.3333333333,
  	  	  	"judgement": "bad"
  	  	},
  	  	{
  	  	  	"press": false,
  	  	  	"dir": 0,
  	  	  	"time": 42783.6666666667,
  	  	  	"judgement": null
  	  	},
  	  	{
  	  	  	"press": true,
  	  	  	"dir": 2,
  	  	  	"time": 42800.3333333333,
  	  	  	"judgement": "bad"
  	  	},
  	  	{
  	  	  	"press": true,
  	  	  	"dir": 3,
  	  	  	"time": 42800.3333333333,
  	  	  	"judgement": null
  	  	},
  	  	{
  	  	  	"press": false,
  	  	  	"dir": 1,
  	  	  	"time": 42800.3333333333,
  	  	  	"judgement": null
  	  	},
  	  	{
  	  	  	"press": false,
  	  	  	"dir": 2,
  	  	  	"time": 42867,
  	  	  	"judgement": null
  	  	},
  	  	{
  	  	  	"press": false,
  	  	  	"dir": 3,
  	  	  	"time": 42883.6666666666,
  	  	  	"judgement": null
  	  	},
  	  	{
  	  	  	"press": true,
  	  	  	"dir": 1,
  	  	  	"time": 42967,
  	  	  	"judgement": "good"
  	  	},
  	  	{
  	  	  	"press": false,
  	  	  	"dir": 1,
  	  	  	"time": 43050.3333333333,
  	  	  	"judgement": null
  	  	},
  	  	{
  	  	  	"press": true,
  	  	  	"dir": 3,
  	  	  	"time": 43066.9999999999,
  	  	  	"judgement": "sick"
  	  	},
  	  	{
  	  	  	"press": true,
  	  	  	"dir": 2,
  	  	  	"time": 43083.6666666666,
  	  	  	"judgement": null
  	  	},
  	  	{
  	  	  	"press": false,
  	  	  	"dir": 3,
  	  	  	"time": 43166.9999999999,
  	  	  	"judgement": null
  	  	},
  	  	{
  	  	  	"press": true,
  	  	  	"dir": 1,
  	  	  	"time": 43183.6666666666,
  	  	  	"judgement": "bad"
  	  	},
  	  	{
  	  	  	"press": false,
  	  	  	"dir": 2,
  	  	  	"time": 43183.6666666666,
  	  	  	"judgement": null
  	  	},
  	  	{
  	  	  	"press": false,
  	  	  	"dir": 1,
  	  	  	"time": 43283.6666666666,
  	  	  	"judgement": null
  	  	},
  	  	{
  	  	  	"press": true,
  	  	  	"dir": 0,
  	  	  	"time": 43416.9999999999,
  	  	  	"judgement": "good"
  	  	},
  	  	{
  	  	  	"press": false,
  	  	  	"dir": 0,
  	  	  	"time": 43466.9999999999,
  	  	  	"judgement": null
  	  	},
  	  	{
  	  	  	"press": true,
  	  	  	"dir": 1,
  	  	  	"time": 43600.3333333332,
  	  	  	"judgement": "good"
  	  	},
  	  	{
  	  	  	"press": false,
  	  	  	"dir": 1,
  	  	  	"time": 43700.3333333332,
  	  	  	"judgement": null
  	  	},
  	  	{
  	  	  	"press": true,
  	  	  	"dir": 0,
  	  	  	"time": 43833.6666666665,
  	  	  	"judgement": "sick"
  	  	},
  	  	{
  	  	  	"press": false,
  	  	  	"dir": 0,
  	  	  	"time": 43916.9999999998,
  	  	  	"judgement": null
  	  	},
  	  	{
  	  	  	"press": true,
  	  	  	"dir": 1,
  	  	  	"time": 44000.3333333331,
  	  	  	"judgement": "sick"
  	  	},
  	  	{
  	  	  	"press": false,
  	  	  	"dir": 1,
  	  	  	"time": 44100.3333333331,
  	  	  	"judgement": null
  	  	},
  	  	{
  	  	  	"press": true,
  	  	  	"dir": 2,
  	  	  	"time": 44150.3333333331,
  	  	  	"judgement": "sick"
  	  	},
  	  	{
  	  	  	"press": true,
  	  	  	"dir": 3,
  	  	  	"time": 44200.3333333331,
  	  	  	"judgement": "sick"
  	  	},
  	  	{
  	  	  	"press": false,
  	  	  	"dir": 2,
  	  	  	"time": 44266.9999999998,
  	  	  	"judgement": null
  	  	},
  	  	{
  	  	  	"press": false,
  	  	  	"dir": 3,
  	  	  	"time": 44350.3333333331,
  	  	  	"judgement": null
  	  	},
  	  	{
  	  	  	"press": true,
  	  	  	"dir": 0,
  	  	  	"time": 44383.6666666664,
  	  	  	"judgement": "sick"
  	  	},
  	  	{
  	  	  	"press": true,
  	  	  	"dir": 1,
  	  	  	"time": 44466.9999999997,
  	  	  	"judgement": "sick"
  	  	},
  	  	{
  	  	  	"press": false,
  	  	  	"dir": 0,
  	  	  	"time": 44483.6666666664,
  	  	  	"judgement": null
  	  	},
  	  	{
  	  	  	"press": true,
  	  	  	"dir": 3,
  	  	  	"time": 44533.6666666664,
  	  	  	"judgement": "sick"
  	  	},
  	  	{
  	  	  	"press": false,
  	  	  	"dir": 1,
  	  	  	"time": 44533.6666666664,
  	  	  	"judgement": null
  	  	},
  	  	{
  	  	  	"press": false,
  	  	  	"dir": 3,
  	  	  	"time": 44633.6666666664,
  	  	  	"judgement": null
  	  	},
  	  	{
  	  	  	"press": true,
  	  	  	"dir": 0,
  	  	  	"time": 44683.6666666664,
  	  	  	"judgement": "good"
  	  	},
  	  	{
  	  	  	"press": true,
  	  	  	"dir": 1,
  	  	  	"time": 44800.333333333,
  	  	  	"judgement": "sick"
  	  	},
  	  	{
  	  	  	"press": false,
  	  	  	"dir": 0,
  	  	  	"time": 44833.6666666664,
  	  	  	"judgement": null
  	  	},
  	  	{
  	  	  	"press": true,
  	  	  	"dir": 2,
  	  	  	"time": 44866.9999999997,
  	  	  	"judgement": "good"
  	  	},
  	  	{
  	  	  	"press": false,
  	  	  	"dir": 1,
  	  	  	"time": 44883.6666666664,
  	  	  	"judgement": null
  	  	},
  	  	{
  	  	  	"press": true,
  	  	  	"dir": 3,
  	  	  	"time": 44990.3333333333,
  	  	  	"judgement": "bad"
  	  	},
  	  	{
  	  	  	"press": false,
  	  	  	"dir": 2,
  	  	  	"time": 45023.6666666667,
  	  	  	"judgement": null
  	  	},
  	  	{
  	  	  	"press": false,
  	  	  	"dir": 3,
  	  	  	"time": 45090.3333333333,
  	  	  	"judgement": null
  	  	},
  	  	{
  	  	  	"press": true,
  	  	  	"dir": 0,
  	  	  	"time": 45140.3333333333,
  	  	  	"judgement": "good"
  	  	},
  	  	{
  	  	  	"press": true,
  	  	  	"dir": 1,
  	  	  	"time": 45240.3333333333,
  	  	  	"judgement": "sick"
  	  	},
  	  	{
  	  	  	"press": false,
  	  	  	"dir": 0,
  	  	  	"time": 45273.6666666666,
  	  	  	"judgement": null
  	  	},
  	  	{
  	  	  	"press": false,
  	  	  	"dir": 1,
  	  	  	"time": 45340.3333333333,
  	  	  	"judgement": null
  	  	},
  	  	{
  	  	  	"press": true,
  	  	  	"dir": 0,
  	  	  	"time": 45440.3333333333,
  	  	  	"judgement": "sick"
  	  	},
  	  	{
  	  	  	"press": true,
  	  	  	"dir": 3,
  	  	  	"time": 45523.6666666666,
  	  	  	"judgement": "sick"
  	  	},
  	  	{
  	  	  	"press": false,
  	  	  	"dir": 0,
  	  	  	"time": 45523.6666666666,
  	  	  	"judgement": null
  	  	},
  	  	{
  	  	  	"press": true,
  	  	  	"dir": 2,
  	  	  	"time": 45640.3333333332,
  	  	  	"judgement": "sick"
  	  	},
  	  	{
  	  	  	"press": false,
  	  	  	"dir": 3,
  	  	  	"time": 45656.9999999999,
  	  	  	"judgement": null
  	  	},
  	  	{
  	  	  	"press": false,
  	  	  	"dir": 2,
  	  	  	"time": 45740.3333333332,
  	  	  	"judgement": null
  	  	},
  	  	{
  	  	  	"press": true,
  	  	  	"dir": 2,
  	  	  	"time": 45806.9999999999,
  	  	  	"judgement": "sick"
  	  	},
  	  	{
  	  	  	"press": true,
  	  	  	"dir": 1,
  	  	  	"time": 45906.9999999999,
  	  	  	"judgement": "sick"
  	  	},
  	  	{
  	  	  	"press": false,
  	  	  	"dir": 2,
  	  	  	"time": 45940.3333333332,
  	  	  	"judgement": null
  	  	},
  	  	{
  	  	  	"press": true,
  	  	  	"dir": 0,
  	  	  	"time": 45990.3333333332,
  	  	  	"judgement": "sick"
  	  	},
  	  	{
  	  	  	"press": false,
  	  	  	"dir": 1,
  	  	  	"time": 46040.3333333332,
  	  	  	"judgement": null
  	  	},
  	  	{
  	  	  	"press": false,
  	  	  	"dir": 0,
  	  	  	"time": 46090.3333333332,
  	  	  	"judgement": null
  	  	},
  	  	{
  	  	  	"press": true,
  	  	  	"dir": 3,
  	  	  	"time": 46206.9999999998,
  	  	  	"judgement": "sick"
  	  	},
  	  	{
  	  	  	"press": false,
  	  	  	"dir": 3,
  	  	  	"time": 46306.9999999998,
  	  	  	"judgement": null
  	  	},
  	  	{
  	  	  	"press": true,
  	  	  	"dir": 0,
  	  	  	"time": 46356.9999999998,
  	  	  	"judgement": "sick"
  	  	},
  	  	{
  	  	  	"press": false,
  	  	  	"dir": 0,
  	  	  	"time": 46423.6666666665,
  	  	  	"judgement": null
  	  	},
  	  	{
  	  	  	"press": true,
  	  	  	"dir": 0,
  	  	  	"time": 46556.9999999998,
  	  	  	"judgement": "sick"
  	  	},
  	  	{
  	  	  	"press": false,
  	  	  	"dir": 0,
  	  	  	"time": 46640.3333333331,
  	  	  	"judgement": null
  	  	},
  	  	{
  	  	  	"press": true,
  	  	  	"dir": 0,
  	  	  	"time": 46756.9999999997,
  	  	  	"judgement": "sick"
  	  	},
  	  	{
  	  	  	"press": false,
  	  	  	"dir": 0,
  	  	  	"time": 46806.9999999997,
  	  	  	"judgement": null
  	  	},
  	  	{
  	  	  	"press": true,
  	  	  	"dir": 0,
  	  	  	"time": 46906.9999999997,
  	  	  	"judgement": "sick"
  	  	},
  	  	{
  	  	  	"press": false,
  	  	  	"dir": 0,
  	  	  	"time": 47006.9999999997,
  	  	  	"judgement": null
  	  	},
  	  	{
  	  	  	"press": true,
  	  	  	"dir": 3,
  	  	  	"time": 47073.6666666664,
  	  	  	"judgement": "sick"
  	  	},
  	  	{
  	  	  	"press": false,
  	  	  	"dir": 3,
  	  	  	"time": 47223.6666666663,
  	  	  	"judgement": null
  	  	},
  	  	{
  	  	  	"press": true,
  	  	  	"dir": 2,
  	  	  	"time": 47273.6666666663,
  	  	  	"judgement": "sick"
  	  	},
  	  	{
  	  	  	"press": false,
  	  	  	"dir": 2,
  	  	  	"time": 47356.9999999997,
  	  	  	"judgement": null
  	  	},
  	  	{
  	  	  	"press": true,
  	  	  	"dir": 1,
  	  	  	"time": 47373.6666666663,
  	  	  	"judgement": "sick"
  	  	},
  	  	{
  	  	  	"press": false,
  	  	  	"dir": 1,
  	  	  	"time": 47456.9999999996,
  	  	  	"judgement": null
  	  	},
  	  	{
  	  	  	"press": true,
  	  	  	"dir": 3,
  	  	  	"time": 47473.6666666663,
  	  	  	"judgement": "sick"
  	  	},
  	  	{
  	  	  	"press": false,
  	  	  	"dir": 3,
  	  	  	"time": 47573.6666666663,
  	  	  	"judgement": null
  	  	},
  	  	{
  	  	  	"press": true,
  	  	  	"dir": 2,
  	  	  	"time": 47606.9999999996,
  	  	  	"judgement": "sick"
  	  	},
  	  	{
  	  	  	"press": true,
  	  	  	"dir": 0,
  	  	  	"time": 47723.6666666663,
  	  	  	"judgement": "sick"
  	  	},
  	  	{
  	  	  	"press": false,
  	  	  	"dir": 2,
  	  	  	"time": 47756.9999999996,
  	  	  	"judgement": null
  	  	},
  	  	{
  	  	  	"press": true,
  	  	  	"dir": 1,
  	  	  	"time": 47823.6666666662,
  	  	  	"judgement": "sick"
  	  	},
  	  	{
  	  	  	"press": false,
  	  	  	"dir": 0,
  	  	  	"time": 47840.3333333329,
  	  	  	"judgement": null
  	  	},
  	  	{
  	  	  	"press": false,
  	  	  	"dir": 1,
  	  	  	"time": 47923.6666666662,
  	  	  	"judgement": null
  	  	},
  	  	{
  	  	  	"press": true,
  	  	  	"dir": 2,
  	  	  	"time": 47990.3333333329,
  	  	  	"judgement": "sick"
  	  	},
  	  	{
  	  	  	"press": true,
  	  	  	"dir": 3,
  	  	  	"time": 48106.9999999995,
  	  	  	"judgement": "sick"
  	  	},
  	  	{
  	  	  	"press": false,
  	  	  	"dir": 2,
  	  	  	"time": 48140.3333333329,
  	  	  	"judgement": null
  	  	},
  	  	{
  	  	  	"press": true,
  	  	  	"dir": 1,
  	  	  	"time": 48173.6666666662,
  	  	  	"judgement": "sick"
  	  	},
  	  	{
  	  	  	"press": false,
  	  	  	"dir": 3,
  	  	  	"time": 48223.6666666662,
  	  	  	"judgement": null
  	  	},
  	  	{
  	  	  	"press": false,
  	  	  	"dir": 1,
  	  	  	"time": 48273.6666666662,
  	  	  	"judgement": null
  	  	},
  	  	{
  	  	  	"press": true,
  	  	  	"dir": 2,
  	  	  	"time": 48340.3333333328,
  	  	  	"judgement": "sick"
  	  	},
  	  	{
  	  	  	"press": false,
  	  	  	"dir": 2,
  	  	  	"time": 48440.3333333328,
  	  	  	"judgement": null
  	  	},
  	  	{
  	  	  	"press": true,
  	  	  	"dir": 0,
  	  	  	"time": 48456.9999999995,
  	  	  	"judgement": "sick"
  	  	},
  	  	{
  	  	  	"press": true,
  	  	  	"dir": 1,
  	  	  	"time": 48540.3333333328,
  	  	  	"judgement": "sick"
  	  	},
  	  	{
  	  	  	"press": false,
  	  	  	"dir": 0,
  	  	  	"time": 48556.9999999995,
  	  	  	"judgement": null
  	  	},
  	  	{
  	  	  	"press": false,
  	  	  	"dir": 1,
  	  	  	"time": 48640.3333333328,
  	  	  	"judgement": null
  	  	},
  	  	{
  	  	  	"press": true,
  	  	  	"dir": 0,
  	  	  	"time": 48740.3333333328,
  	  	  	"judgement": "sick"
  	  	},
  	  	{
  	  	  	"press": false,
  	  	  	"dir": 0,
  	  	  	"time": 48823.6666666661,
  	  	  	"judgement": null
  	  	},
  	  	{
  	  	  	"press": true,
  	  	  	"dir": 3,
  	  	  	"time": 48873.6666666661,
  	  	  	"judgement": "sick"
  	  	},
  	  	{
  	  	  	"press": true,
  	  	  	"dir": 1,
  	  	  	"time": 49006.9999999994,
  	  	  	"judgement": "good"
  	  	},
  	  	{
  	  	  	"press": false,
  	  	  	"dir": 3,
  	  	  	"time": 49006.9999999994,
  	  	  	"judgement": null
  	  	},
  	  	{
  	  	  	"press": true,
  	  	  	"dir": 0,
  	  	  	"time": 49220.3333333333,
  	  	  	"judgement": "sick"
  	  	},
  	  	{
  	  	  	"press": false,
  	  	  	"dir": 1,
  	  	  	"time": 49220.3333333333,
  	  	  	"judgement": null
  	  	},
  	  	{
  	  	  	"press": true,
  	  	  	"dir": 1,
  	  	  	"time": 49387,
  	  	  	"judgement": "sick"
  	  	},
  	  	{
  	  	  	"press": false,
  	  	  	"dir": 0,
  	  	  	"time": 49403.6666666666,
  	  	  	"judgement": null
  	  	},
  	  	{
  	  	  	"press": true,
  	  	  	"dir": 3,
  	  	  	"time": 49453.6666666666,
  	  	  	"judgement": "sick"
  	  	},
  	  	{
  	  	  	"press": false,
  	  	  	"dir": 1,
  	  	  	"time": 49470.3333333333,
  	  	  	"judgement": null
  	  	},
  	  	{
  	  	  	"press": true,
  	  	  	"dir": 1,
  	  	  	"time": 49803.6666666666,
  	  	  	"judgement": "sick"
  	  	},
  	  	{
  	  	  	"press": false,
  	  	  	"dir": 3,
  	  	  	"time": 49820.3333333332,
  	  	  	"judgement": null
  	  	},
  	  	{
  	  	  	"press": true,
  	  	  	"dir": 0,
  	  	  	"time": 49870.3333333332,
  	  	  	"judgement": "sick"
  	  	},
  	  	{
  	  	  	"press": false,
  	  	  	"dir": 1,
  	  	  	"time": 49903.6666666666,
  	  	  	"judgement": null
  	  	},
  	  	{
  	  	  	"press": true,
  	  	  	"dir": 2,
  	  	  	"time": 49953.6666666665,
  	  	  	"judgement": "sick"
  	  	},
  	  	{
  	  	  	"press": false,
  	  	  	"dir": 0,
  	  	  	"time": 49953.6666666665,
  	  	  	"judgement": null
  	  	},
  	  	{
  	  	  	"press": false,
  	  	  	"dir": 2,
  	  	  	"time": 50086.9999999999,
  	  	  	"judgement": null
  	  	},
  	  	{
  	  	  	"press": true,
  	  	  	"dir": 1,
  	  	  	"time": 50153.6666666665,
  	  	  	"judgement": "sick"
  	  	},
  	  	{
  	  	  	"press": false,
  	  	  	"dir": 1,
  	  	  	"time": 50203.6666666665,
  	  	  	"judgement": null
  	  	},
  	  	{
  	  	  	"press": true,
  	  	  	"dir": 3,
  	  	  	"time": 50270.3333333332,
  	  	  	"judgement": "sick"
  	  	},
  	  	{
  	  	  	"press": true,
  	  	  	"dir": 1,
  	  	  	"time": 50303.6666666665,
  	  	  	"judgement": "sick"
  	  	},
  	  	{
  	  	  	"press": false,
  	  	  	"dir": 3,
  	  	  	"time": 50336.9999999998,
  	  	  	"judgement": null
  	  	},
  	  	{
  	  	  	"press": false,
  	  	  	"dir": 1,
  	  	  	"time": 50420.3333333331,
  	  	  	"judgement": null
  	  	},
  	  	{
  	  	  	"press": true,
  	  	  	"dir": 0,
  	  	  	"time": 50536.9999999998,
  	  	  	"judgement": "sick"
  	  	},
  	  	{
  	  	  	"press": false,
  	  	  	"dir": 0,
  	  	  	"time": 50603.6666666665,
  	  	  	"judgement": null
  	  	},
  	  	{
  	  	  	"press": true,
  	  	  	"dir": 3,
  	  	  	"time": 50653.6666666664,
  	  	  	"judgement": "sick"
  	  	},
  	  	{
  	  	  	"press": true,
  	  	  	"dir": 1,
  	  	  	"time": 50720.3333333331,
  	  	  	"judgement": "sick"
  	  	},
  	  	{
  	  	  	"press": false,
  	  	  	"dir": 3,
  	  	  	"time": 50720.3333333331,
  	  	  	"judgement": null
  	  	},
  	  	{
  	  	  	"press": false,
  	  	  	"dir": 1,
  	  	  	"time": 50786.9999999998,
  	  	  	"judgement": null
  	  	},
  	  	{
  	  	  	"press": true,
  	  	  	"dir": 3,
  	  	  	"time": 50803.6666666664,
  	  	  	"judgement": "sick"
  	  	},
  	  	{
  	  	  	"press": true,
  	  	  	"dir": 2,
  	  	  	"time": 50903.6666666664,
  	  	  	"judgement": "sick"
  	  	},
  	  	{
  	  	  	"press": false,
  	  	  	"dir": 3,
  	  	  	"time": 50936.9999999997,
  	  	  	"judgement": null
  	  	},
  	  	{
  	  	  	"press": true,
  	  	  	"dir": 0,
  	  	  	"time": 50953.6666666664,
  	  	  	"judgement": "sick"
  	  	},
  	  	{
  	  	  	"press": false,
  	  	  	"dir": 2,
  	  	  	"time": 51036.9999999997,
  	  	  	"judgement": null
  	  	},
  	  	{
  	  	  	"press": true,
  	  	  	"dir": 1,
  	  	  	"time": 51070.3333333331,
  	  	  	"judgement": "sick"
  	  	},
  	  	{
  	  	  	"press": false,
  	  	  	"dir": 0,
  	  	  	"time": 51086.9999999997,
  	  	  	"judgement": null
  	  	},
  	  	{
  	  	  	"press": true,
  	  	  	"dir": 3,
  	  	  	"time": 51153.6666666664,
  	  	  	"judgement": "sick"
  	  	},
  	  	{
  	  	  	"press": false,
  	  	  	"dir": 1,
  	  	  	"time": 51153.6666666664,
  	  	  	"judgement": null
  	  	},
  	  	{
  	  	  	"press": true,
  	  	  	"dir": 2,
  	  	  	"time": 51236.9999999997,
  	  	  	"judgement": "sick"
  	  	},
  	  	{
  	  	  	"press": false,
  	  	  	"dir": 3,
  	  	  	"time": 51286.9999999997,
  	  	  	"judgement": null
  	  	},
  	  	{
  	  	  	"press": true,
  	  	  	"dir": 0,
  	  	  	"time": 51336.9999999997,
  	  	  	"judgement": "sick"
  	  	},
  	  	{
  	  	  	"press": false,
  	  	  	"dir": 2,
  	  	  	"time": 51403.6666666663,
  	  	  	"judgement": null
  	  	},
  	  	{
  	  	  	"press": true,
  	  	  	"dir": 1,
  	  	  	"time": 51436.9999999997,
  	  	  	"judgement": "sick"
  	  	},
  	  	{
  	  	  	"press": false,
  	  	  	"dir": 0,
  	  	  	"time": 51453.6666666663,
  	  	  	"judgement": null
  	  	},
  	  	{
  	  	  	"press": false,
  	  	  	"dir": 1,
  	  	  	"time": 51520.333333333,
  	  	  	"judgement": null
  	  	},
  	  	{
  	  	  	"press": true,
  	  	  	"dir": 3,
  	  	  	"time": 51553.6666666663,
  	  	  	"judgement": "sick"
  	  	},
  	  	{
  	  	  	"press": true,
  	  	  	"dir": 2,
  	  	  	"time": 51636.9999999996,
  	  	  	"judgement": "sick"
  	  	},
  	  	{
  	  	  	"press": false,
  	  	  	"dir": 3,
  	  	  	"time": 51653.6666666663,
  	  	  	"judgement": null
  	  	},
  	  	{
  	  	  	"press": true,
  	  	  	"dir": 0,
  	  	  	"time": 51703.6666666663,
  	  	  	"judgement": "sick"
  	  	},
  	  	{
  	  	  	"press": false,
  	  	  	"dir": 2,
  	  	  	"time": 51770.333333333,
  	  	  	"judgement": null
  	  	},
  	  	{
  	  	  	"press": true,
  	  	  	"dir": 1,
  	  	  	"time": 51803.6666666663,
  	  	  	"judgement": "sick"
  	  	},
  	  	{
  	  	  	"press": false,
  	  	  	"dir": 0,
  	  	  	"time": 51820.3333333329,
  	  	  	"judgement": null
  	  	},
  	  	{
  	  	  	"press": true,
  	  	  	"dir": 3,
  	  	  	"time": 51870.3333333329,
  	  	  	"judgement": "sick"
  	  	},
  	  	{
  	  	  	"press": false,
  	  	  	"dir": 1,
  	  	  	"time": 51886.9999999996,
  	  	  	"judgement": null
  	  	},
  	  	{
  	  	  	"press": false,
  	  	  	"dir": 3,
  	  	  	"time": 51970.3333333329,
  	  	  	"judgement": null
  	  	},
  	  	{
  	  	  	"press": true,
  	  	  	"dir": 0,
  	  	  	"time": 51986.9999999996,
  	  	  	"judgement": "sick"
  	  	},
  	  	{
  	  	  	"press": false,
  	  	  	"dir": 0,
  	  	  	"time": 52053.6666666662,
  	  	  	"judgement": null
  	  	},
  	  	{
  	  	  	"press": true,
  	  	  	"dir": 3,
  	  	  	"time": 52070.3333333329,
  	  	  	"judgement": "good"
  	  	},
  	  	{
  	  	  	"press": true,
  	  	  	"dir": 1,
  	  	  	"time": 52136.9999999996,
  	  	  	"judgement": "good"
  	  	},
  	  	{
  	  	  	"press": false,
  	  	  	"dir": 3,
  	  	  	"time": 52170.3333333329,
  	  	  	"judgement": null
  	  	},
  	  	{
  	  	  	"press": false,
  	  	  	"dir": 1,
  	  	  	"time": 52203.6666666662,
  	  	  	"judgement": null
  	  	},
  	  	{
  	  	  	"press": true,
  	  	  	"dir": 3,
  	  	  	"time": 52236.9999999995,
  	  	  	"judgement": "good"
  	  	},
  	  	{
  	  	  	"press": true,
  	  	  	"dir": 1,
  	  	  	"time": 52286.9999999995,
  	  	  	"judgement": "good"
  	  	},
  	  	{
  	  	  	"press": false,
  	  	  	"dir": 3,
  	  	  	"time": 52320.3333333329,
  	  	  	"judgement": null
  	  	},
  	  	{
  	  	  	"press": false,
  	  	  	"dir": 1,
  	  	  	"time": 52370.3333333329,
  	  	  	"judgement": null
  	  	},
  	  	{
  	  	  	"press": true,
  	  	  	"dir": 3,
  	  	  	"time": 52403.6666666662,
  	  	  	"judgement": "bad"
  	  	},
  	  	{
  	  	  	"press": true,
  	  	  	"dir": 0,
  	  	  	"time": 52470.3333333328,
  	  	  	"judgement": "good"
  	  	},
  	  	{
  	  	  	"press": false,
  	  	  	"dir": 3,
  	  	  	"time": 52486.9999999995,
  	  	  	"judgement": null
  	  	},
  	  	{
  	  	  	"press": false,
  	  	  	"dir": 0,
  	  	  	"time": 52536.9999999995,
  	  	  	"judgement": null
  	  	},
  	  	{
  	  	  	"press": true,
  	  	  	"dir": 3,
  	  	  	"time": 52603.6666666662,
  	  	  	"judgement": "good"
  	  	},
  	  	{
  	  	  	"press": true,
  	  	  	"dir": 1,
  	  	  	"time": 52636.9999999995,
  	  	  	"judgement": "sick"
  	  	},
  	  	{
  	  	  	"press": false,
  	  	  	"dir": 3,
  	  	  	"time": 52686.9999999995,
  	  	  	"judgement": null
  	  	},
  	  	{
  	  	  	"press": false,
  	  	  	"dir": 1,
  	  	  	"time": 52703.6666666661,
  	  	  	"judgement": null
  	  	},
  	  	{
  	  	  	"press": true,
  	  	  	"dir": 3,
  	  	  	"time": 52770.3333333328,
  	  	  	"judgement": "bad"
  	  	},
  	  	{
  	  	  	"press": true,
  	  	  	"dir": 0,
  	  	  	"time": 52853.6666666661,
  	  	  	"judgement": "good"
  	  	},
  	  	{
  	  	  	"press": false,
  	  	  	"dir": 3,
  	  	  	"time": 52853.6666666661,
  	  	  	"judgement": null
  	  	},
  	  	{
  	  	  	"press": false,
  	  	  	"dir": 0,
  	  	  	"time": 52920.3333333328,
  	  	  	"judgement": null
  	  	},
  	  	{
  	  	  	"press": true,
  	  	  	"dir": 3,
  	  	  	"time": 52970.3333333328,
  	  	  	"judgement": "good"
  	  	},
  	  	{
  	  	  	"press": true,
  	  	  	"dir": 1,
  	  	  	"time": 53036.9999999994,
  	  	  	"judgement": "good"
  	  	},
  	  	{
  	  	  	"press": false,
  	  	  	"dir": 3,
  	  	  	"time": 53053.6666666661,
  	  	  	"judgement": null
  	  	},
  	  	{
  	  	  	"press": false,
  	  	  	"dir": 1,
  	  	  	"time": 53103.6666666661,
  	  	  	"judgement": null
  	  	},
  	  	{
  	  	  	"press": true,
  	  	  	"dir": 2,
  	  	  	"time": 53170.3333333327,
  	  	  	"judgement": "good"
  	  	},
  	  	{
  	  	  	"press": true,
  	  	  	"dir": 0,
  	  	  	"time": 53203.6666666661,
  	  	  	"judgement": "good"
  	  	},
  	  	{
  	  	  	"press": false,
  	  	  	"dir": 2,
  	  	  	"time": 53253.6666666661,
  	  	  	"judgement": null
  	  	},
  	  	{
  	  	  	"press": false,
  	  	  	"dir": 0,
  	  	  	"time": 53286.9999999994,
  	  	  	"judgement": null
  	  	},
  	  	{
  	  	  	"press": true,
  	  	  	"dir": 0,
  	  	  	"time": 53353.6666666661,
  	  	  	"judgement": "sick"
  	  	},
  	  	{
  	  	  	"press": true,
  	  	  	"dir": 3,
  	  	  	"time": 53370.3333333327,
  	  	  	"judgement": "sick"
  	  	},
  	  	{
  	  	  	"press": false,
  	  	  	"dir": 0,
  	  	  	"time": 53436.9999999994,
  	  	  	"judgement": null
  	  	},
  	  	{
  	  	  	"press": false,
  	  	  	"dir": 3,
  	  	  	"time": 53436.9999999994,
  	  	  	"judgement": null
  	  	},
  	  	{
  	  	  	"press": true,
  	  	  	"dir": 0,
  	  	  	"time": 53520.3333333327,
  	  	  	"judgement": "sick"
  	  	},
  	  	{
  	  	  	"press": true,
  	  	  	"dir": 3,
  	  	  	"time": 53586.9999999994,
  	  	  	"judgement": "sick"
  	  	},
  	  	{
  	  	  	"press": false,
  	  	  	"dir": 0,
  	  	  	"time": 53586.9999999994,
  	  	  	"judgement": null
  	  	},
  	  	{
  	  	  	"press": false,
  	  	  	"dir": 3,
  	  	  	"time": 53653.666666666,
  	  	  	"judgement": null
  	  	},
  	  	{
  	  	  	"press": true,
  	  	  	"dir": 1,
  	  	  	"time": 53686.9999999993,
  	  	  	"judgement": "sick"
  	  	},
  	  	{
  	  	  	"press": false,
  	  	  	"dir": 1,
  	  	  	"time": 53736.9999999993,
  	  	  	"judgement": null
  	  	},
  	  	{
  	  	  	"press": true,
  	  	  	"dir": 3,
  	  	  	"time": 53770.3333333327,
  	  	  	"judgement": "sick"
  	  	},
  	  	{
  	  	  	"press": true,
  	  	  	"dir": 0,
  	  	  	"time": 53870.3333333326,
  	  	  	"judgement": "sick"
  	  	},
  	  	{
  	  	  	"press": false,
  	  	  	"dir": 3,
  	  	  	"time": 53870.3333333326,
  	  	  	"judgement": null
  	  	},
  	  	{
  	  	  	"press": false,
  	  	  	"dir": 0,
  	  	  	"time": 53936.9999999993,
  	  	  	"judgement": null
  	  	},
  	  	{
  	  	  	"press": true,
  	  	  	"dir": 3,
  	  	  	"time": 53970.3333333326,
  	  	  	"judgement": "sick"
  	  	},
  	  	{
  	  	  	"press": false,
  	  	  	"dir": 3,
  	  	  	"time": 54053.666666666,
  	  	  	"judgement": null
  	  	},
  	  	{
  	  	  	"press": true,
  	  	  	"dir": 1,
  	  	  	"time": 54070.3333333326,
  	  	  	"judgement": "sick"
  	  	},
  	  	{
  	  	  	"press": false,
  	  	  	"dir": 1,
  	  	  	"time": 54136.9999999993,
  	  	  	"judgement": null
  	  	},
  	  	{
  	  	  	"press": true,
  	  	  	"dir": 3,
  	  	  	"time": 54153.6666666659,
  	  	  	"judgement": "sick"
  	  	},
  	  	{
  	  	  	"press": false,
  	  	  	"dir": 3,
  	  	  	"time": 54220.3333333326,
  	  	  	"judgement": null
  	  	},
  	  	{
  	  	  	"press": true,
  	  	  	"dir": 0,
  	  	  	"time": 54236.9999999993,
  	  	  	"judgement": "sick"
  	  	},
  	  	{
  	  	  	"press": false,
  	  	  	"dir": 0,
  	  	  	"time": 54286.9999999993,
  	  	  	"judgement": null
  	  	},
  	  	{
  	  	  	"press": true,
  	  	  	"dir": 3,
  	  	  	"time": 54303.6666666659,
  	  	  	"judgement": "sick"
  	  	},
  	  	{
  	  	  	"press": false,
  	  	  	"dir": 3,
  	  	  	"time": 54403.6666666659,
  	  	  	"judgement": null
  	  	},
  	  	{
  	  	  	"press": true,
  	  	  	"dir": 1,
  	  	  	"time": 54420.3333333326,
  	  	  	"judgement": "sick"
  	  	},
  	  	{
  	  	  	"press": false,
  	  	  	"dir": 1,
  	  	  	"time": 54486.9999999992,
  	  	  	"judgement": null
  	  	},
  	  	{
  	  	  	"press": true,
  	  	  	"dir": 3,
  	  	  	"time": 54503.6666666659,
  	  	  	"judgement": "sick"
  	  	},
  	  	{
  	  	  	"press": false,
  	  	  	"dir": 3,
  	  	  	"time": 54570.3333333325,
  	  	  	"judgement": null
  	  	},
  	  	{
  	  	  	"press": true,
  	  	  	"dir": 0,
  	  	  	"time": 54586.9999999992,
  	  	  	"judgement": "sick"
  	  	},
  	  	{
  	  	  	"press": false,
  	  	  	"dir": 0,
  	  	  	"time": 54653.6666666659,
  	  	  	"judgement": null
  	  	},
  	  	{
  	  	  	"press": true,
  	  	  	"dir": 2,
  	  	  	"time": 54670.3333333325,
  	  	  	"judgement": "sick"
  	  	},
  	  	{
  	  	  	"press": false,
  	  	  	"dir": 2,
  	  	  	"time": 54753.6666666658,
  	  	  	"judgement": null
  	  	},
  	  	{
  	  	  	"press": true,
  	  	  	"dir": 0,
  	  	  	"time": 54770.3333333325,
  	  	  	"judgement": "sick"
  	  	},
  	  	{
  	  	  	"press": false,
  	  	  	"dir": 0,
  	  	  	"time": 54836.9999999992,
  	  	  	"judgement": null
  	  	},
  	  	{
  	  	  	"press": true,
  	  	  	"dir": 3,
  	  	  	"time": 54870.3333333325,
  	  	  	"judgement": "sick"
  	  	},
  	  	{
  	  	  	"press": true,
  	  	  	"dir": 0,
  	  	  	"time": 54936.9999999992,
  	  	  	"judgement": "sick"
  	  	},
  	  	{
  	  	  	"press": false,
  	  	  	"dir": 3,
  	  	  	"time": 54936.9999999992,
  	  	  	"judgement": null
  	  	},
  	  	{
  	  	  	"press": false,
  	  	  	"dir": 0,
  	  	  	"time": 55003.6666666658,
  	  	  	"judgement": null
  	  	},
  	  	{
  	  	  	"press": true,
  	  	  	"dir": 3,
  	  	  	"time": 55036.9999999991,
  	  	  	"judgement": "sick"
  	  	},
  	  	{
  	  	  	"press": true,
  	  	  	"dir": 1,
  	  	  	"time": 55136.9999999991,
  	  	  	"judgement": "sick"
  	  	},
  	  	{
  	  	  	"press": false,
  	  	  	"dir": 3,
  	  	  	"time": 55136.9999999991,
  	  	  	"judgement": null
  	  	},
  	  	{
  	  	  	"press": false,
  	  	  	"dir": 1,
  	  	  	"time": 55203.6666666658,
  	  	  	"judgement": null
  	  	},
  	  	{
  	  	  	"press": true,
  	  	  	"dir": 3,
  	  	  	"time": 55236.9999999991,
  	  	  	"judgement": "sick"
  	  	},
  	  	{
  	  	  	"press": true,
  	  	  	"dir": 0,
  	  	  	"time": 55320.3333333324,
  	  	  	"judgement": "sick"
  	  	},
  	  	{
  	  	  	"press": false,
  	  	  	"dir": 3,
  	  	  	"time": 55320.3333333324,
  	  	  	"judgement": null
  	  	},
  	  	{
  	  	  	"press": false,
  	  	  	"dir": 0,
  	  	  	"time": 55386.9999999991,
  	  	  	"judgement": null
  	  	},
  	  	{
  	  	  	"press": true,
  	  	  	"dir": 3,
  	  	  	"time": 55403.6666666658,
  	  	  	"judgement": "sick"
  	  	},
  	  	{
  	  	  	"press": false,
  	  	  	"dir": 3,
  	  	  	"time": 55486.9999999991,
  	  	  	"judgement": null
  	  	},
  	  	{
  	  	  	"press": true,
  	  	  	"dir": 1,
  	  	  	"time": 55503.6666666657,
  	  	  	"judgement": "sick"
  	  	},
  	  	{
  	  	  	"press": false,
  	  	  	"dir": 1,
  	  	  	"time": 55570.3333333324,
  	  	  	"judgement": null
  	  	},
  	  	{
  	  	  	"press": true,
  	  	  	"dir": 3,
  	  	  	"time": 55603.6666666657,
  	  	  	"judgement": "sick"
  	  	},
  	  	{
  	  	  	"press": true,
  	  	  	"dir": 0,
  	  	  	"time": 55670.3333333324,
  	  	  	"judgement": "sick"
  	  	},
  	  	{
  	  	  	"press": false,
  	  	  	"dir": 3,
  	  	  	"time": 55670.3333333324,
  	  	  	"judgement": null
  	  	},
  	  	{
  	  	  	"press": false,
  	  	  	"dir": 0,
  	  	  	"time": 55720.3333333324,
  	  	  	"judgement": null
  	  	},
  	  	{
  	  	  	"press": true,
  	  	  	"dir": 3,
  	  	  	"time": 55753.6666666657,
  	  	  	"judgement": "sick"
  	  	},
  	  	{
  	  	  	"press": false,
  	  	  	"dir": 3,
  	  	  	"time": 55853.6666666657,
  	  	  	"judgement": null
  	  	},
  	  	{
  	  	  	"press": true,
  	  	  	"dir": 1,
  	  	  	"time": 55870.3333333324,
  	  	  	"judgement": "sick"
  	  	},
  	  	{
  	  	  	"press": false,
  	  	  	"dir": 1,
  	  	  	"time": 55920.3333333323,
  	  	  	"judgement": null
  	  	},
  	  	{
  	  	  	"press": true,
  	  	  	"dir": 3,
  	  	  	"time": 55953.6666666657,
  	  	  	"judgement": "sick"
  	  	},
  	  	{
  	  	  	"press": true,
  	  	  	"dir": 0,
  	  	  	"time": 56020.3333333323,
  	  	  	"judgement": "sick"
  	  	},
  	  	{
  	  	  	"press": false,
  	  	  	"dir": 3,
  	  	  	"time": 56020.3333333323,
  	  	  	"judgement": null
  	  	},
  	  	{
  	  	  	"press": false,
  	  	  	"dir": 0,
  	  	  	"time": 56086.999999999,
  	  	  	"judgement": null
  	  	},
  	  	{
  	  	  	"press": true,
  	  	  	"dir": 2,
  	  	  	"time": 56103.6666666657,
  	  	  	"judgement": "sick"
  	  	},
  	  	{
  	  	  	"press": false,
  	  	  	"dir": 2,
  	  	  	"time": 56186.999999999,
  	  	  	"judgement": null
  	  	},
  	  	{
  	  	  	"press": true,
  	  	  	"dir": 0,
  	  	  	"time": 56220.3333333323,
  	  	  	"judgement": "sick"
  	  	},
  	  	{
  	  	  	"press": false,
  	  	  	"dir": 0,
  	  	  	"time": 56286.999999999,
  	  	  	"judgement": null
  	  	},
  	  	{
  	  	  	"press": true,
  	  	  	"dir": 3,
  	  	  	"time": 56336.999999999,
  	  	  	"judgement": "sick"
  	  	},
  	  	{
  	  	  	"press": true,
  	  	  	"dir": 0,
  	  	  	"time": 56370.3333333323,
  	  	  	"judgement": "sick"
  	  	},
  	  	{
  	  	  	"press": false,
  	  	  	"dir": 3,
  	  	  	"time": 56370.3333333323,
  	  	  	"judgement": null
  	  	},
  	  	{
  	  	  	"press": false,
  	  	  	"dir": 0,
  	  	  	"time": 56420.3333333323,
  	  	  	"judgement": null
  	  	},
  	  	{
  	  	  	"press": true,
  	  	  	"dir": 3,
  	  	  	"time": 56486.9999999989,
  	  	  	"judgement": "sick"
  	  	},
  	  	{
  	  	  	"press": true,
  	  	  	"dir": 1,
  	  	  	"time": 56553.6666666656,
  	  	  	"judgement": "sick"
  	  	},
  	  	{
  	  	  	"press": false,
  	  	  	"dir": 3,
  	  	  	"time": 56553.6666666656,
  	  	  	"judgement": null
  	  	},
  	  	{
  	  	  	"press": false,
  	  	  	"dir": 1,
  	  	  	"time": 56620.3333333322,
  	  	  	"judgement": null
  	  	},
  	  	{
  	  	  	"press": true,
  	  	  	"dir": 3,
  	  	  	"time": 56686.9999999989,
  	  	  	"judgement": "sick"
  	  	},
  	  	{
  	  	  	"press": true,
  	  	  	"dir": 0,
  	  	  	"time": 56753.6666666656,
  	  	  	"judgement": "sick"
  	  	},
  	  	{
  	  	  	"press": false,
  	  	  	"dir": 3,
  	  	  	"time": 56753.6666666656,
  	  	  	"judgement": null
  	  	},
  	  	{
  	  	  	"press": false,
  	  	  	"dir": 0,
  	  	  	"time": 56786.9999999989,
  	  	  	"judgement": null
  	  	},
  	  	{
  	  	  	"press": true,
  	  	  	"dir": 3,
  	  	  	"time": 56853.6666666655,
  	  	  	"judgement": "sick"
  	  	},
  	  	{
  	  	  	"press": true,
  	  	  	"dir": 1,
  	  	  	"time": 56903.6666666655,
  	  	  	"judgement": "sick"
  	  	},
  	  	{
  	  	  	"press": false,
  	  	  	"dir": 3,
  	  	  	"time": 56936.9999999989,
  	  	  	"judgement": null
  	  	},
  	  	{
  	  	  	"press": false,
  	  	  	"dir": 1,
  	  	  	"time": 56986.9999999989,
  	  	  	"judgement": null
  	  	},
  	  	{
  	  	  	"press": true,
  	  	  	"dir": 3,
  	  	  	"time": 57020.3333333322,
  	  	  	"judgement": "sick"
  	  	},
  	  	{
  	  	  	"press": true,
  	  	  	"dir": 0,
  	  	  	"time": 57103.6666666655,
  	  	  	"judgement": "sick"
  	  	},
  	  	{
  	  	  	"press": false,
  	  	  	"dir": 3,
  	  	  	"time": 57103.6666666655,
  	  	  	"judgement": null
  	  	},
  	  	{
  	  	  	"press": false,
  	  	  	"dir": 0,
  	  	  	"time": 57153.6666666655,
  	  	  	"judgement": null
  	  	},
  	  	{
  	  	  	"press": true,
  	  	  	"dir": 2,
  	  	  	"time": 57186.9999999988,
  	  	  	"judgement": "sick"
  	  	},
  	  	{
  	  	  	"press": true,
  	  	  	"dir": 3,
  	  	  	"time": 57553.6666666654,
  	  	  	"judgement": "sick"
  	  	},
  	  	{
  	  	  	"press": false,
  	  	  	"dir": 2,
  	  	  	"time": 57586.9999999988,
  	  	  	"judgement": null
  	  	},
  	  	{
  	  	  	"press": true,
  	  	  	"dir": 2,
  	  	  	"time": 57870.3333333321,
  	  	  	"judgement": "good"
  	  	},
  	  	{
  	  	  	"press": false,
  	  	  	"dir": 3,
  	  	  	"time": 57936.9999999987,
  	  	  	"judgement": null
  	  	},
  	  	{
  	  	  	"press": false,
  	  	  	"dir": 2,
  	  	  	"time": 57970.333333332,
  	  	  	"judgement": null
  	  	},
  	  	{
  	  	  	"press": true,
  	  	  	"dir": 0,
  	  	  	"time": 57986.9999999987,
  	  	  	"judgement": "sick"
  	  	},
  	  	{
  	  	  	"press": false,
  	  	  	"dir": 0,
  	  	  	"time": 58053.6666666654,
  	  	  	"judgement": null
  	  	},
  	  	{
  	  	  	"press": true,
  	  	  	"dir": 3,
  	  	  	"time": 58103.6666666654,
  	  	  	"judgement": "sick"
  	  	},
  	  	{
  	  	  	"press": true,
  	  	  	"dir": 0,
  	  	  	"time": 58153.6666666654,
  	  	  	"judgement": "good"
  	  	},
  	  	{
  	  	  	"press": false,
  	  	  	"dir": 3,
  	  	  	"time": 58186.9999999987,
  	  	  	"judgement": null
  	  	},
  	  	{
  	  	  	"press": false,
  	  	  	"dir": 0,
  	  	  	"time": 58236.9999999987,
  	  	  	"judgement": null
  	  	},
  	  	{
  	  	  	"press": true,
  	  	  	"dir": 2,
  	  	  	"time": 58270.333333332,
  	  	  	"judgement": "sick"
  	  	},
  	  	{
  	  	  	"press": true,
  	  	  	"dir": 0,
  	  	  	"time": 58353.6666666653,
  	  	  	"judgement": "sick"
  	  	},
  	  	{
  	  	  	"press": false,
  	  	  	"dir": 2,
  	  	  	"time": 58353.6666666653,
  	  	  	"judgement": null
  	  	},
  	  	{
  	  	  	"press": false,
  	  	  	"dir": 0,
  	  	  	"time": 58420.333333332,
  	  	  	"judgement": null
  	  	},
  	  	{
  	  	  	"press": true,
  	  	  	"dir": 3,
  	  	  	"time": 58486.9999999986,
  	  	  	"judgement": "sick"
  	  	},
  	  	{
  	  	  	"press": true,
  	  	  	"dir": 0,
  	  	  	"time": 58503.6666666653,
  	  	  	"judgement": "good"
  	  	},
  	  	{
  	  	  	"press": false,
  	  	  	"dir": 3,
  	  	  	"time": 58553.6666666653,
  	  	  	"judgement": null
  	  	},
  	  	{
  	  	  	"press": false,
  	  	  	"dir": 0,
  	  	  	"time": 58570.333333332,
  	  	  	"judgement": null
  	  	},
  	  	{
  	  	  	"press": true,
  	  	  	"dir": 3,
  	  	  	"time": 58620.333333332,
  	  	  	"judgement": "sick"
  	  	},
  	  	{
  	  	  	"press": true,
  	  	  	"dir": 1,
  	  	  	"time": 58703.6666666653,
  	  	  	"judgement": "sick"
  	  	},
  	  	{
  	  	  	"press": false,
  	  	  	"dir": 3,
  	  	  	"time": 58703.6666666653,
  	  	  	"judgement": null
  	  	},
  	  	{
  	  	  	"press": false,
  	  	  	"dir": 1,
  	  	  	"time": 58786.9999999986,
  	  	  	"judgement": null
  	  	},
  	  	{
  	  	  	"press": true,
  	  	  	"dir": 3,
  	  	  	"time": 58820.3333333319,
  	  	  	"judgement": "sick"
  	  	},
  	  	{
  	  	  	"press": true,
  	  	  	"dir": 0,
  	  	  	"time": 58920.3333333319,
  	  	  	"judgement": "sick"
  	  	},
  	  	{
  	  	  	"press": false,
  	  	  	"dir": 3,
  	  	  	"time": 58920.3333333319,
  	  	  	"judgement": null
  	  	},
  	  	{
  	  	  	"press": false,
  	  	  	"dir": 0,
  	  	  	"time": 58953.6666666652,
  	  	  	"judgement": null
  	  	},
  	  	{
  	  	  	"press": true,
  	  	  	"dir": 3,
  	  	  	"time": 59003.6666666652,
  	  	  	"judgement": "sick"
  	  	},
  	  	{
  	  	  	"press": true,
  	  	  	"dir": 1,
  	  	  	"time": 59106,
  	  	  	"judgement": "sick"
  	  	},
  	  	{
  	  	  	"press": false,
  	  	  	"dir": 3,
  	  	  	"time": 59122.6666666667,
  	  	  	"judgement": null
  	  	},
  	  	{
  	  	  	"press": false,
  	  	  	"dir": 1,
  	  	  	"time": 59172.6666666666,
  	  	  	"judgement": null
  	  	},
  	  	{
  	  	  	"press": true,
  	  	  	"dir": 3,
  	  	  	"time": 59222.6666666666,
  	  	  	"judgement": "sick"
  	  	},
  	  	{
  	  	  	"press": true,
  	  	  	"dir": 0,
  	  	  	"time": 59306,
  	  	  	"judgement": "sick"
  	  	},
  	  	{
  	  	  	"press": false,
  	  	  	"dir": 3,
  	  	  	"time": 59306,
  	  	  	"judgement": null
  	  	},
  	  	{
  	  	  	"press": false,
  	  	  	"dir": 0,
  	  	  	"time": 59356,
  	  	  	"judgement": null
  	  	},
  	  	{
  	  	  	"press": true,
  	  	  	"dir": 2,
  	  	  	"time": 59405.9999999999,
  	  	  	"judgement": "sick"
  	  	},
  	  	{
  	  	  	"press": false,
  	  	  	"dir": 2,
  	  	  	"time": 59472.6666666666,
  	  	  	"judgement": null
  	  	},
  	  	{
  	  	  	"press": true,
  	  	  	"dir": 0,
  	  	  	"time": 59489.3333333333,
  	  	  	"judgement": "sick"
  	  	},
  	  	{
  	  	  	"press": false,
  	  	  	"dir": 0,
  	  	  	"time": 59555.9999999999,
  	  	  	"judgement": null
  	  	},
  	  	{
  	  	  	"press": true,
  	  	  	"dir": 3,
  	  	  	"time": 59605.9999999999,
  	  	  	"judgement": "good"
  	  	},
  	  	{
  	  	  	"press": true,
  	  	  	"dir": 0,
  	  	  	"time": 59655.9999999999,
  	  	  	"judgement": "sick"
  	  	},
  	  	{
  	  	  	"press": false,
  	  	  	"dir": 3,
  	  	  	"time": 59655.9999999999,
  	  	  	"judgement": null
  	  	},
  	  	{
  	  	  	"press": false,
  	  	  	"dir": 0,
  	  	  	"time": 59722.6666666666,
  	  	  	"judgement": null
  	  	},
  	  	{
  	  	  	"press": true,
  	  	  	"dir": 3,
  	  	  	"time": 59755.9999999999,
  	  	  	"judgement": "miss"
  	  	},
  	  	{
  	  	  	"press": true,
  	  	  	"dir": 0,
  	  	  	"time": 59822.6666666666,
  	  	  	"judgement": "sick"
  	  	},
  	  	{
  	  	  	"press": false,
  	  	  	"dir": 3,
  	  	  	"time": 59822.6666666666,
  	  	  	"judgement": null
  	  	},
  	  	{
  	  	  	"press": false,
  	  	  	"dir": 0,
  	  	  	"time": 59905.9999999999,
  	  	  	"judgement": null
  	  	},
  	  	{
  	  	  	"press": true,
  	  	  	"dir": 2,
  	  	  	"time": 59922.6666666665,
  	  	  	"judgement": null
  	  	},
  	  	{
  	  	  	"press": true,
  	  	  	"dir": 0,
  	  	  	"time": 60005.9999999999,
  	  	  	"judgement": "sick"
  	  	},
  	  	{
  	  	  	"press": false,
  	  	  	"dir": 2,
  	  	  	"time": 60005.9999999999,
  	  	  	"judgement": null
  	  	},
  	  	{
  	  	  	"press": false,
  	  	  	"dir": 0,
  	  	  	"time": 60072.6666666665,
  	  	  	"judgement": null
  	  	},
  	  	{
  	  	  	"press": true,
  	  	  	"dir": 3,
  	  	  	"time": 60089.3333333332,
  	  	  	"judgement": "sick"
  	  	},
  	  	{
  	  	  	"press": true,
  	  	  	"dir": 1,
  	  	  	"time": 60189.3333333332,
  	  	  	"judgement": "sick"
  	  	},
  	  	{
  	  	  	"press": false,
  	  	  	"dir": 3,
  	  	  	"time": 60189.3333333332,
  	  	  	"judgement": null
  	  	},
  	  	{
  	  	  	"press": false,
  	  	  	"dir": 1,
  	  	  	"time": 60239.3333333332,
  	  	  	"judgement": null
  	  	},
  	  	{
  	  	  	"press": true,
  	  	  	"dir": 3,
  	  	  	"time": 60305.9999999998,
  	  	  	"judgement": "sick"
  	  	},
  	  	{
  	  	  	"press": false,
  	  	  	"dir": 3,
  	  	  	"time": 60389.3333333331,
  	  	  	"judgement": null
  	  	},
  	  	{
  	  	  	"press": true,
  	  	  	"dir": 0,
  	  	  	"time": 60405.9999999998,
  	  	  	"judgement": "sick"
  	  	},
  	  	{
  	  	  	"press": false,
  	  	  	"dir": 0,
  	  	  	"time": 60455.9999999998,
  	  	  	"judgement": null
  	  	},
  	  	{
  	  	  	"press": true,
  	  	  	"dir": 3,
  	  	  	"time": 60489.3333333331,
  	  	  	"judgement": "sick"
  	  	},
  	  	{
  	  	  	"press": true,
  	  	  	"dir": 1,
  	  	  	"time": 60572.6666666664,
  	  	  	"judgement": "sick"
  	  	},
  	  	{
  	  	  	"press": false,
  	  	  	"dir": 3,
  	  	  	"time": 60572.6666666664,
  	  	  	"judgement": null
  	  	},
  	  	{
  	  	  	"press": false,
  	  	  	"dir": 1,
  	  	  	"time": 60639.3333333331,
  	  	  	"judgement": null
  	  	},
  	  	{
  	  	  	"press": true,
  	  	  	"dir": 3,
  	  	  	"time": 60672.6666666664,
  	  	  	"judgement": "sick"
  	  	},
  	  	{
  	  	  	"press": true,
  	  	  	"dir": 0,
  	  	  	"time": 60755.9999999998,
  	  	  	"judgement": "sick"
  	  	},
  	  	{
  	  	  	"press": false,
  	  	  	"dir": 3,
  	  	  	"time": 60755.9999999998,
  	  	  	"judgement": null
  	  	},
  	  	{
  	  	  	"press": false,
  	  	  	"dir": 0,
  	  	  	"time": 60822.6666666664,
  	  	  	"judgement": null
  	  	},
  	  	{
  	  	  	"press": true,
  	  	  	"dir": 2,
  	  	  	"time": 60855.9999999997,
  	  	  	"judgement": "sick"
  	  	},
  	  	{
  	  	  	"press": true,
  	  	  	"dir": 3,
  	  	  	"time": 60855.9999999997,
  	  	  	"judgement": "good"
  	  	},
  	  	{
  	  	  	"press": false,
  	  	  	"dir": 2,
  	  	  	"time": 60922.6666666664,
  	  	  	"judgement": null
  	  	},
  	  	{
  	  	  	"press": false,
  	  	  	"dir": 3,
  	  	  	"time": 60922.6666666664,
  	  	  	"judgement": null
  	  	},
  	  	{
  	  	  	"press": true,
  	  	  	"dir": 0,
  	  	  	"time": 60939.3333333331,
  	  	  	"judgement": "shit"
  	  	},
  	  	{
  	  	  	"press": false,
  	  	  	"dir": 0,
  	  	  	"time": 60989.3333333331,
  	  	  	"judgement": null
  	  	},
  	  	{
  	  	  	"press": true,
  	  	  	"dir": 1,
  	  	  	"time": 61005.9999999997,
  	  	  	"judgement": "sick"
  	  	},
  	  	{
  	  	  	"press": false,
  	  	  	"dir": 1,
  	  	  	"time": 61122.6666666664,
  	  	  	"judgement": null
  	  	},
  	  	{
  	  	  	"press": true,
  	  	  	"dir": 0,
  	  	  	"time": 61139.333333333,
  	  	  	"judgement": null
  	  	},
  	  	{
  	  	  	"press": true,
  	  	  	"dir": 2,
  	  	  	"time": 61172.6666666664,
  	  	  	"judgement": "sick"
  	  	},
  	  	{
  	  	  	"press": true,
  	  	  	"dir": 3,
  	  	  	"time": 61172.6666666664,
  	  	  	"judgement": "bad"
  	  	},
  	  	{
  	  	  	"press": false,
  	  	  	"dir": 0,
  	  	  	"time": 61189.333333333,
  	  	  	"judgement": null
  	  	},
  	  	{
  	  	  	"press": false,
  	  	  	"dir": 2,
  	  	  	"time": 61272.6666666663,
  	  	  	"judgement": null
  	  	},
  	  	{
  	  	  	"press": false,
  	  	  	"dir": 3,
  	  	  	"time": 61272.6666666663,
  	  	  	"judgement": null
  	  	},
  	  	{
  	  	  	"press": true,
  	  	  	"dir": 1,
  	  	  	"time": 61322.6666666663,
  	  	  	"judgement": "sick"
  	  	},
  	  	{
  	  	  	"press": true,
  	  	  	"dir": 0,
  	  	  	"time": 61422.6666666663,
  	  	  	"judgement": "sick"
  	  	},
  	  	{
  	  	  	"press": false,
  	  	  	"dir": 1,
  	  	  	"time": 61439.333333333,
  	  	  	"judgement": null
  	  	},
  	  	{
  	  	  	"press": false,
  	  	  	"dir": 0,
  	  	  	"time": 61489.333333333,
  	  	  	"judgement": null
  	  	},
  	  	{
  	  	  	"press": true,
  	  	  	"dir": 3,
  	  	  	"time": 61522.6666666663,
  	  	  	"judgement": "sick"
  	  	},
  	  	{
  	  	  	"press": true,
  	  	  	"dir": 2,
  	  	  	"time": 61622.6666666663,
  	  	  	"judgement": "sick"
  	  	},
  	  	{
  	  	  	"press": false,
  	  	  	"dir": 3,
  	  	  	"time": 61639.333333333,
  	  	  	"judgement": null
  	  	},
  	  	{
  	  	  	"press": true,
  	  	  	"dir": 0,
  	  	  	"time": 61689.333333333,
  	  	  	"judgement": "sick"
  	  	},
  	  	{
  	  	  	"press": false,
  	  	  	"dir": 2,
  	  	  	"time": 61755.9999999996,
  	  	  	"judgement": null
  	  	},
  	  	{
  	  	  	"press": true,
  	  	  	"dir": 1,
  	  	  	"time": 61772.6666666663,
  	  	  	"judgement": "sick"
  	  	},
  	  	{
  	  	  	"press": false,
  	  	  	"dir": 0,
  	  	  	"time": 61805.9999999996,
  	  	  	"judgement": null
  	  	},
  	  	{
  	  	  	"press": false,
  	  	  	"dir": 1,
  	  	  	"time": 61872.6666666663,
  	  	  	"judgement": null
  	  	},
  	  	{
  	  	  	"press": true,
  	  	  	"dir": 3,
  	  	  	"time": 61922.6666666662,
  	  	  	"judgement": "sick"
  	  	},
  	  	{
  	  	  	"press": true,
  	  	  	"dir": 2,
  	  	  	"time": 62039.3333333329,
  	  	  	"judgement": "sick"
  	  	},
  	  	{
  	  	  	"press": true,
  	  	  	"dir": 0,
  	  	  	"time": 62055.9999999996,
  	  	  	"judgement": "sick"
  	  	},
  	  	{
  	  	  	"press": false,
  	  	  	"dir": 3,
  	  	  	"time": 62055.9999999996,
  	  	  	"judgement": null
  	  	},
  	  	{
  	  	  	"press": false,
  	  	  	"dir": 2,
  	  	  	"time": 62155.9999999995,
  	  	  	"judgement": null
  	  	},
  	  	{
  	  	  	"press": true,
  	  	  	"dir": 1,
  	  	  	"time": 62172.6666666662,
  	  	  	"judgement": "sick"
  	  	},
  	  	{
  	  	  	"press": false,
  	  	  	"dir": 0,
  	  	  	"time": 62222.6666666662,
  	  	  	"judgement": null
  	  	},
  	  	{
  	  	  	"press": true,
  	  	  	"dir": 3,
  	  	  	"time": 62272.6666666662,
  	  	  	"judgement": "sick"
  	  	},
  	  	{
  	  	  	"press": false,
  	  	  	"dir": 1,
  	  	  	"time": 62272.6666666662,
  	  	  	"judgement": null
  	  	},
  	  	{
  	  	  	"press": true,
  	  	  	"dir": 1,
  	  	  	"time": 62372.6666666662,
  	  	  	"judgement": "sick"
  	  	},
  	  	{
  	  	  	"press": false,
  	  	  	"dir": 3,
  	  	  	"time": 62389.3333333328,
  	  	  	"judgement": null
  	  	},
  	  	{
  	  	  	"press": true,
  	  	  	"dir": 0,
  	  	  	"time": 62455.9999999995,
  	  	  	"judgement": "sick"
  	  	},
  	  	{
  	  	  	"press": false,
  	  	  	"dir": 1,
  	  	  	"time": 62455.9999999995,
  	  	  	"judgement": null
  	  	},
  	  	{
  	  	  	"press": true,
  	  	  	"dir": 1,
  	  	  	"time": 62539.3333333328,
  	  	  	"judgement": "sick"
  	  	},
  	  	{
  	  	  	"press": false,
  	  	  	"dir": 0,
  	  	  	"time": 62572.6666666662,
  	  	  	"judgement": null
  	  	},
  	  	{
  	  	  	"press": false,
  	  	  	"dir": 1,
  	  	  	"time": 62622.6666666661,
  	  	  	"judgement": null
  	  	},
  	  	{
  	  	  	"press": true,
  	  	  	"dir": 3,
  	  	  	"time": 62655.9999999995,
  	  	  	"judgement": "sick"
  	  	},
  	  	{
  	  	  	"press": true,
  	  	  	"dir": 1,
  	  	  	"time": 62739.3333333328,
  	  	  	"judgement": "sick"
  	  	},
  	  	{
  	  	  	"press": false,
  	  	  	"dir": 3,
  	  	  	"time": 62755.9999999995,
  	  	  	"judgement": null
  	  	},
  	  	{
  	  	  	"press": true,
  	  	  	"dir": 0,
  	  	  	"time": 62822.6666666661,
  	  	  	"judgement": "sick"
  	  	},
  	  	{
  	  	  	"press": false,
  	  	  	"dir": 1,
  	  	  	"time": 62822.6666666661,
  	  	  	"judgement": null
  	  	},
  	  	{
  	  	  	"press": true,
  	  	  	"dir": 1,
  	  	  	"time": 62939.3333333328,
  	  	  	"judgement": "sick"
  	  	},
  	  	{
  	  	  	"press": false,
  	  	  	"dir": 0,
  	  	  	"time": 62939.3333333328,
  	  	  	"judgement": null
  	  	},
  	  	{
  	  	  	"press": true,
  	  	  	"dir": 3,
  	  	  	"time": 62989.3333333328,
  	  	  	"judgement": "sick"
  	  	},
  	  	{
  	  	  	"press": false,
  	  	  	"dir": 1,
  	  	  	"time": 63022.6666666661,
  	  	  	"judgement": null
  	  	},
  	  	{
  	  	  	"press": true,
  	  	  	"dir": 0,
  	  	  	"time": 63339.3333333327,
  	  	  	"judgement": "sick"
  	  	},
  	  	{
  	  	  	"press": false,
  	  	  	"dir": 3,
  	  	  	"time": 63389.3333333327,
  	  	  	"judgement": null
  	  	},
  	  	{
  	  	  	"press": true,
  	  	  	"dir": 2,
  	  	  	"time": 63739.3333333327,
  	  	  	"judgement": "sick"
  	  	},
  	  	{
  	  	  	"press": false,
  	  	  	"dir": 0,
  	  	  	"time": 63772.666666666,
  	  	  	"judgement": null
  	  	},
  	  	{
  	  	  	"press": true,
  	  	  	"dir": 1,
  	  	  	"time": 64705.9999999992,
  	  	  	"judgement": null
  	  	},
  	  	{
  	  	  	"press": false,
  	  	  	"dir": 1,
  	  	  	"time": 64822.6666666658,
  	  	  	"judgement": null
  	  	},
  	  	{
  	  	  	"press": false,
  	  	  	"dir": 2,
  	  	  	"time": 65139.3333333324,
  	  	  	"judgement": null
  	  	},
  	  	{
  	  	  	"press": true,
  	  	  	"dir": 0,
  	  	  	"time": 65889.3333333325,
  	  	  	"judgement": null
  	  	},
  	  	{
  	  	  	"press": true,
  	  	  	"dir": 1,
  	  	  	"time": 65889.3333333325,
  	  	  	"judgement": null
  	  	},
  	  	{
  	  	  	"press": true,
  	  	  	"dir": 2,
  	  	  	"time": 65889.3333333325,
  	  	  	"judgement": null
  	  	},
  	  	{
  	  	  	"press": true,
  	  	  	"dir": 3,
  	  	  	"time": 65889.3333333325,
  	  	  	"judgement": null
  	  	},
  	  	{
  	  	  	"press": false,
  	  	  	"dir": 0,
  	  	  	"time": 66239.3333333326,
  	  	  	"judgement": null
  	  	},
  	  	{
  	  	  	"press": false,
  	  	  	"dir": 1,
  	  	  	"time": 66322.666666666,
  	  	  	"judgement": null
  	  	},
  	  	{
  	  	  	"press": false,
  	  	  	"dir": 2,
  	  	  	"time": 66372.666666666,
  	  	  	"judgement": null
  	  	},
  	  	{
  	  	  	"press": false,
  	  	  	"dir": 3,
  	  	  	"time": 66372.666666666,
  	  	  	"judgement": null
  	  	},
  	  	{
  	  	  	"press": true,
  	  	  	"dir": 3,
  	  	  	"time": 66605.9999999994,
  	  	  	"judgement": "sick"
  	  	},
  	  	{
  	  	  	"press": false,
  	  	  	"dir": 3,
  	  	  	"time": 66755.9999999994,
  	  	  	"judgement": null
  	  	},
  	  	{
  	  	  	"press": true,
  	  	  	"dir": 2,
  	  	  	"time": 66772.6666666661,
  	  	  	"judgement": "sick"
  	  	},
  	  	{
  	  	  	"press": true,
  	  	  	"dir": 0,
  	  	  	"time": 66872.6666666661,
  	  	  	"judgement": "sick"
  	  	},
  	  	{
  	  	  	"press": false,
  	  	  	"dir": 2,
  	  	  	"time": 66872.6666666661,
  	  	  	"judgement": null
  	  	},
  	  	{
  	  	  	"press": true,
  	  	  	"dir": 1,
  	  	  	"time": 66939.3333333328,
  	  	  	"judgement": "sick"
  	  	},
  	  	{
  	  	  	"press": false,
  	  	  	"dir": 0,
  	  	  	"time": 67005.9999999995,
  	  	  	"judgement": null
  	  	},
  	  	{
  	  	  	"press": true,
  	  	  	"dir": 3,
  	  	  	"time": 67155.9999999995,
  	  	  	"judgement": "sick"
  	  	},
  	  	{
  	  	  	"press": false,
  	  	  	"dir": 1,
  	  	  	"time": 67172.6666666662,
  	  	  	"judgement": null
  	  	},
  	  	{
  	  	  	"press": false,
  	  	  	"dir": 3,
  	  	  	"time": 67289.3333333329,
  	  	  	"judgement": null
  	  	},
  	  	{
  	  	  	"press": true,
  	  	  	"dir": 1,
  	  	  	"time": 67355.9999999996,
  	  	  	"judgement": "sick"
  	  	},
  	  	{
  	  	  	"press": true,
  	  	  	"dir": 2,
  	  	  	"time": 67705.9999999997,
  	  	  	"judgement": "sick"
  	  	},
  	  	{
  	  	  	"press": false,
  	  	  	"dir": 1,
  	  	  	"time": 67772.6666666664,
  	  	  	"judgement": null
  	  	},
  	  	{
  	  	  	"press": false,
  	  	  	"dir": 2,
  	  	  	"time": 67805.9999999997,
  	  	  	"judgement": null
  	  	},
  	  	{
  	  	  	"press": true,
  	  	  	"dir": 3,
  	  	  	"time": 67855.9999999997,
  	  	  	"judgement": "sick"
  	  	},
  	  	{
  	  	  	"press": true,
  	  	  	"dir": 0,
  	  	  	"time": 67972.6666666664,
  	  	  	"judgement": "good"
  	  	},
  	  	{
  	  	  	"press": false,
  	  	  	"dir": 3,
  	  	  	"time": 67972.6666666664,
  	  	  	"judgement": null
  	  	},
  	  	{
  	  	  	"press": true,
  	  	  	"dir": 1,
  	  	  	"time": 68022.6666666665,
  	  	  	"judgement": "good"
  	  	},
  	  	{
  	  	  	"press": false,
  	  	  	"dir": 0,
  	  	  	"time": 68072.6666666665,
  	  	  	"judgement": null
  	  	},
  	  	{
  	  	  	"press": false,
  	  	  	"dir": 1,
  	  	  	"time": 68155.9999999998,
  	  	  	"judgement": null
  	  	},
  	  	{
  	  	  	"press": true,
  	  	  	"dir": 3,
  	  	  	"time": 68189.3333333332,
  	  	  	"judgement": "sick"
  	  	},
  	  	{
  	  	  	"press": true,
  	  	  	"dir": 2,
  	  	  	"time": 68322.6666666665,
  	  	  	"judgement": "sick"
  	  	},
  	  	{
  	  	  	"press": false,
  	  	  	"dir": 3,
  	  	  	"time": 68322.6666666665,
  	  	  	"judgement": null
  	  	},
  	  	{
  	  	  	"press": true,
  	  	  	"dir": 0,
  	  	  	"time": 68389.3333333332,
  	  	  	"judgement": "sick"
  	  	},
  	  	{
  	  	  	"press": false,
  	  	  	"dir": 2,
  	  	  	"time": 68389.3333333332,
  	  	  	"judgement": null
  	  	},
  	  	{
  	  	  	"press": true,
  	  	  	"dir": 3,
  	  	  	"time": 68606,
  	  	  	"judgement": "sick"
  	  	},
  	  	{
  	  	  	"press": false,
  	  	  	"dir": 0,
  	  	  	"time": 68606,
  	  	  	"judgement": null
  	  	},
  	  	{
  	  	  	"press": false,
  	  	  	"dir": 3,
  	  	  	"time": 68689.3333333333,
  	  	  	"judgement": null
  	  	},
  	  	{
  	  	  	"press": true,
  	  	  	"dir": 1,
  	  	  	"time": 68706,
  	  	  	"judgement": "sick"
  	  	},
  	  	{
  	  	  	"press": true,
  	  	  	"dir": 2,
  	  	  	"time": 68756,
  	  	  	"judgement": "sick"
  	  	},
  	  	{
  	  	  	"press": false,
  	  	  	"dir": 1,
  	  	  	"time": 68756,
  	  	  	"judgement": null
  	  	},
  	  	{
  	  	  	"press": false,
  	  	  	"dir": 2,
  	  	  	"time": 68856,
  	  	  	"judgement": null
  	  	},
  	  	{
  	  	  	"press": true,
  	  	  	"dir": 0,
  	  	  	"time": 68939.3333333334,
  	  	  	"judgement": "sick"
  	  	},
  	  	{
  	  	  	"press": false,
  	  	  	"dir": 0,
  	  	  	"time": 69006.0000000001,
  	  	  	"judgement": null
  	  	},
  	  	{
  	  	  	"press": true,
  	  	  	"dir": 3,
  	  	  	"time": 69022.6666666667,
  	  	  	"judgement": "sick"
  	  	},
  	  	{
  	  	  	"press": false,
  	  	  	"dir": 3,
  	  	  	"time": 69106.0000000001,
  	  	  	"judgement": null
  	  	},
  	  	{
  	  	  	"press": true,
  	  	  	"dir": 0,
  	  	  	"time": 69122.6666666668,
  	  	  	"judgement": "sick"
  	  	},
  	  	{
  	  	  	"press": true,
  	  	  	"dir": 1,
  	  	  	"time": 69172.6666666668,
  	  	  	"judgement": "sick"
  	  	},
  	  	{
  	  	  	"press": false,
  	  	  	"dir": 0,
  	  	  	"time": 69239.3333333335,
  	  	  	"judgement": null
  	  	},
  	  	{
  	  	  	"press": false,
  	  	  	"dir": 1,
  	  	  	"time": 69289.3333333335,
  	  	  	"judgement": null
  	  	},
  	  	{
  	  	  	"press": true,
  	  	  	"dir": 2,
  	  	  	"time": 69339.3333333335,
  	  	  	"judgement": "sick"
  	  	},
  	  	{
  	  	  	"press": false,
  	  	  	"dir": 2,
  	  	  	"time": 69439.3333333335,
  	  	  	"judgement": null
  	  	},
  	  	{
  	  	  	"press": true,
  	  	  	"dir": 3,
  	  	  	"time": 69522.6666666669,
  	  	  	"judgement": "sick"
  	  	},
  	  	{
  	  	  	"press": false,
  	  	  	"dir": 3,
  	  	  	"time": 70206.0000000004,
  	  	  	"judgement": null
  	  	},
  	  	{
  	  	  	"press": true,
  	  	  	"dir": 2,
  	  	  	"time": 70222.6666666671,
  	  	  	"judgement": "sick"
  	  	},
  	  	{
  	  	  	"press": false,
  	  	  	"dir": 2,
  	  	  	"time": 70306.0000000005,
  	  	  	"judgement": null
  	  	},
  	  	{
  	  	  	"press": true,
  	  	  	"dir": 0,
  	  	  	"time": 70339.3333333338,
  	  	  	"judgement": "sick"
  	  	},
  	  	{
  	  	  	"press": false,
  	  	  	"dir": 0,
  	  	  	"time": 70389.3333333338,
  	  	  	"judgement": null
  	  	},
  	  	{
  	  	  	"press": true,
  	  	  	"dir": 3,
  	  	  	"time": 70422.6666666672,
  	  	  	"judgement": "sick"
  	  	},
  	  	{
  	  	  	"press": false,
  	  	  	"dir": 3,
  	  	  	"time": 70489.3333333338,
  	  	  	"judgement": null
  	  	},
  	  	{
  	  	  	"press": true,
  	  	  	"dir": 2,
  	  	  	"time": 70606.0000000005,
  	  	  	"judgement": "sick"
  	  	},
  	  	{
  	  	  	"press": false,
  	  	  	"dir": 2,
  	  	  	"time": 70706.0000000006,
  	  	  	"judgement": null
  	  	},
  	  	{
  	  	  	"press": true,
  	  	  	"dir": 0,
  	  	  	"time": 70756.0000000006,
  	  	  	"judgement": "sick"
  	  	},
  	  	{
  	  	  	"press": false,
  	  	  	"dir": 0,
  	  	  	"time": 70822.6666666673,
  	  	  	"judgement": null
  	  	},
  	  	{
  	  	  	"press": true,
  	  	  	"dir": 1,
  	  	  	"time": 70939.333333334,
  	  	  	"judgement": "sick"
  	  	},
  	  	{
  	  	  	"press": true,
  	  	  	"dir": 0,
  	  	  	"time": 71272.6666666674,
  	  	  	"judgement": "sick"
  	  	},
  	  	{
  	  	  	"press": false,
  	  	  	"dir": 1,
  	  	  	"time": 71306.0000000007,
  	  	  	"judgement": null
  	  	},
  	  	{
  	  	  	"press": false,
  	  	  	"dir": 0,
  	  	  	"time": 71456.0000000008,
  	  	  	"judgement": null
  	  	},
  	  	{
  	  	  	"press": false,
  	  	  	"dir": 0,
  	  	  	"time": 72156,
  	  	  	"judgement": null
  	  	},
  	  	{
  	  	  	"press": false,
  	  	  	"dir": 1,
  	  	  	"time": 72156,
  	  	  	"judgement": null
  	  	},
  	  	{
  	  	  	"press": false,
  	  	  	"dir": 2,
  	  	  	"time": 72156,
  	  	  	"judgement": null
  	  	},
  	  	{
  	  	  	"press": false,
  	  	  	"dir": 3,
  	  	  	"time": 72156,
  	  	  	"judgement": null
  	  	},
  	  	{
  	  	  	"press": true,
  	  	  	"dir": 2,
  	  	  	"time": 72222.6666666667,
  	  	  	"judgement": null
  	  	},
  	  	{
  	  	  	"press": false,
  	  	  	"dir": 2,
  	  	  	"time": 72289.3333333334,
  	  	  	"judgement": null
  	  	},
  	  	{
  	  	  	"press": true,
  	  	  	"dir": 0,
  	  	  	"time": 72406.0000000001,
  	  	  	"judgement": null
  	  	},
  	  	{
  	  	  	"press": true,
  	  	  	"dir": 1,
  	  	  	"time": 72406.0000000001,
  	  	  	"judgement": null
  	  	},
  	  	{
  	  	  	"press": true,
  	  	  	"dir": 3,
  	  	  	"time": 72439.3333333334,
  	  	  	"judgement": "good"
  	  	},
  	  	{
  	  	  	"press": true,
  	  	  	"dir": 2,
  	  	  	"time": 72456.0000000001,
  	  	  	"judgement": "bad"
  	  	},
  	  	{
  	  	  	"press": false,
  	  	  	"dir": 0,
  	  	  	"time": 72472.6666666668,
  	  	  	"judgement": null
  	  	},
  	  	{
  	  	  	"press": false,
  	  	  	"dir": 1,
  	  	  	"time": 72489.3333333334,
  	  	  	"judgement": null
  	  	},
  	  	{
  	  	  	"press": false,
  	  	  	"dir": 2,
  	  	  	"time": 72506.0000000001,
  	  	  	"judgement": null
  	  	},
  	  	{
  	  	  	"press": false,
  	  	  	"dir": 3,
  	  	  	"time": 72506.0000000001,
  	  	  	"judgement": null
  	  	},
  	  	{
  	  	  	"press": true,
  	  	  	"dir": 3,
  	  	  	"time": 72589.3333333335,
  	  	  	"judgement": "miss"
  	  	},
  	  	{
  	  	  	"press": true,
  	  	  	"dir": 2,
  	  	  	"time": 72672.6666666668,
  	  	  	"judgement": null
  	  	},
  	  	{
  	  	  	"press": false,
  	  	  	"dir": 3,
  	  	  	"time": 72672.6666666668,
  	  	  	"judgement": null
  	  	},
  	  	{
  	  	  	"press": true,
  	  	  	"dir": 1,
  	  	  	"time": 72706.0000000002,
  	  	  	"judgement": "good"
  	  	},
  	  	{
  	  	  	"press": false,
  	  	  	"dir": 2,
  	  	  	"time": 72739.3333333335,
  	  	  	"judgement": null
  	  	},
  	  	{
  	  	  	"press": false,
  	  	  	"dir": 1,
  	  	  	"time": 72789.3333333335,
  	  	  	"judgement": null
  	  	},
  	  	{
  	  	  	"press": true,
  	  	  	"dir": 3,
  	  	  	"time": 72839.3333333335,
  	  	  	"judgement": null
  	  	},
  	  	{
  	  	  	"press": false,
  	  	  	"dir": 3,
  	  	  	"time": 72939.3333333336,
  	  	  	"judgement": null
  	  	},
  	  	{
  	  	  	"press": true,
  	  	  	"dir": 1,
  	  	  	"time": 72989.3333333336,
  	  	  	"judgement": "good"
  	  	},
  	  	{
  	  	  	"press": true,
  	  	  	"dir": 2,
  	  	  	"time": 72989.3333333336,
  	  	  	"judgement": "sick"
  	  	},
  	  	{
  	  	  	"press": false,
  	  	  	"dir": 1,
  	  	  	"time": 73089.3333333336,
  	  	  	"judgement": null
  	  	},
  	  	{
  	  	  	"press": false,
  	  	  	"dir": 2,
  	  	  	"time": 73122.6666666669,
  	  	  	"judgement": null
  	  	},
  	  	{
  	  	  	"press": true,
  	  	  	"dir": 0,
  	  	  	"time": 73156.0000000003,
  	  	  	"judgement": "good"
  	  	},
  	  	{
  	  	  	"press": false,
  	  	  	"dir": 0,
  	  	  	"time": 73272.666666667,
  	  	  	"judgement": null
  	  	},
  	  	{
  	  	  	"press": true,
  	  	  	"dir": 2,
  	  	  	"time": 73322.666666667,
  	  	  	"judgement": "good"
  	  	},
  	  	{
  	  	  	"press": true,
  	  	  	"dir": 1,
  	  	  	"time": 73422.666666667,
  	  	  	"judgement": "bad"
  	  	},
  	  	{
  	  	  	"press": false,
  	  	  	"dir": 2,
  	  	  	"time": 73422.666666667,
  	  	  	"judgement": null
  	  	},
  	  	{
  	  	  	"press": false,
  	  	  	"dir": 1,
  	  	  	"time": 73506.0000000004,
  	  	  	"judgement": null
  	  	},
  	  	{
  	  	  	"press": true,
  	  	  	"dir": 2,
  	  	  	"time": 73556.0000000004,
  	  	  	"judgement": "bad"
  	  	},
  	  	{
  	  	  	"press": false,
  	  	  	"dir": 2,
  	  	  	"time": 73589.3333333338,
  	  	  	"judgement": null
  	  	},
  	  	{
  	  	  	"press": true,
  	  	  	"dir": 3,
  	  	  	"time": 73706.0000000005,
  	  	  	"judgement": "sick"
  	  	},
  	  	{
  	  	  	"press": true,
  	  	  	"dir": 2,
  	  	  	"time": 73806.0000000005,
  	  	  	"judgement": "sick"
  	  	},
  	  	{
  	  	  	"press": false,
  	  	  	"dir": 3,
  	  	  	"time": 73839.3333333338,
  	  	  	"judgement": null
  	  	},
  	  	{
  	  	  	"press": true,
  	  	  	"dir": 3,
  	  	  	"time": 73906.0000000005,
  	  	  	"judgement": null
  	  	},
  	  	{
  	  	  	"press": false,
  	  	  	"dir": 2,
  	  	  	"time": 73906.0000000005,
  	  	  	"judgement": null
  	  	},
  	  	{
  	  	  	"press": true,
  	  	  	"dir": 2,
  	  	  	"time": 73989.3333333339,
  	  	  	"judgement": "sick"
  	  	},
  	  	{
  	  	  	"press": false,
  	  	  	"dir": 3,
  	  	  	"time": 73989.3333333339,
  	  	  	"judgement": null
  	  	},
  	  	{
  	  	  	"press": true,
  	  	  	"dir": 0,
  	  	  	"time": 74072.6666666672,
  	  	  	"judgement": "shit"
  	  	},
  	  	{
  	  	  	"press": false,
  	  	  	"dir": 2,
  	  	  	"time": 74089.3333333339,
  	  	  	"judgement": null
  	  	},
  	  	{
  	  	  	"press": true,
  	  	  	"dir": 2,
  	  	  	"time": 74172.6666666673,
  	  	  	"judgement": "sick"
  	  	},
  	  	{
  	  	  	"press": false,
  	  	  	"dir": 0,
  	  	  	"time": 74172.6666666673,
  	  	  	"judgement": null
  	  	},
  	  	{
  	  	  	"press": true,
  	  	  	"dir": 3,
  	  	  	"time": 74289.333333334,
  	  	  	"judgement": "miss"
  	  	},
  	  	{
  	  	  	"press": false,
  	  	  	"dir": 2,
  	  	  	"time": 74289.333333334,
  	  	  	"judgement": null
  	  	},
  	  	{
  	  	  	"press": true,
  	  	  	"dir": 0,
  	  	  	"time": 74339.333333334,
  	  	  	"judgement": "good"
  	  	},
  	  	{
  	  	  	"press": true,
  	  	  	"dir": 2,
  	  	  	"time": 74406.0000000007,
  	  	  	"judgement": "sick"
  	  	},
  	  	{
  	  	  	"press": false,
  	  	  	"dir": 3,
  	  	  	"time": 74406.0000000007,
  	  	  	"judgement": null
  	  	},
  	  	{
  	  	  	"press": false,
  	  	  	"dir": 0,
  	  	  	"time": 74422.6666666673,
  	  	  	"judgement": null
  	  	},
  	  	{
  	  	  	"press": false,
  	  	  	"dir": 2,
  	  	  	"time": 74522.6666666674,
  	  	  	"judgement": null
  	  	},
  	  	{
  	  	  	"press": true,
  	  	  	"dir": 3,
  	  	  	"time": 74556.0000000007,
  	  	  	"judgement": null
  	  	},
  	  	{
  	  	  	"press": true,
  	  	  	"dir": 0,
  	  	  	"time": 74639.3333333341,
  	  	  	"judgement": "sick"
  	  	},
  	  	{
  	  	  	"press": false,
  	  	  	"dir": 3,
  	  	  	"time": 74656.0000000007,
  	  	  	"judgement": null
  	  	},
  	  	{
  	  	  	"press": false,
  	  	  	"dir": 0,
  	  	  	"time": 74739.3333333341,
  	  	  	"judgement": null
  	  	},
  	  	{
  	  	  	"press": true,
  	  	  	"dir": 2,
  	  	  	"time": 74772.6666666674,
  	  	  	"judgement": "sick"
  	  	},
  	  	{
  	  	  	"press": true,
  	  	  	"dir": 3,
  	  	  	"time": 74856.0000000008,
  	  	  	"judgement": "sick"
  	  	},
  	  	{
  	  	  	"press": false,
  	  	  	"dir": 2,
  	  	  	"time": 74856.0000000008,
  	  	  	"judgement": null
  	  	},
  	  	{
  	  	  	"press": true,
  	  	  	"dir": 0,
  	  	  	"time": 74956.0000000008,
  	  	  	"judgement": "good"
  	  	},
  	  	{
  	  	  	"press": true,
  	  	  	"dir": 2,
  	  	  	"time": 74956.0000000008,
  	  	  	"judgement": "sick"
  	  	},
  	  	{
  	  	  	"press": false,
  	  	  	"dir": 3,
  	  	  	"time": 74972.6666666675,
  	  	  	"judgement": null
  	  	},
  	  	{
  	  	  	"press": false,
  	  	  	"dir": 0,
  	  	  	"time": 75056.0000000008,
  	  	  	"judgement": null
  	  	},
  	  	{
  	  	  	"press": false,
  	  	  	"dir": 2,
  	  	  	"time": 75056.0000000008,
  	  	  	"judgement": null
  	  	},
  	  	{
  	  	  	"press": true,
  	  	  	"dir": 3,
  	  	  	"time": 75089.3333333342,
  	  	  	"judgement": "bad"
  	  	},
  	  	{
  	  	  	"press": true,
  	  	  	"dir": 2,
  	  	  	"time": 75139.3333333342,
  	  	  	"judgement": "sick"
  	  	},
  	  	{
  	  	  	"press": false,
  	  	  	"dir": 3,
  	  	  	"time": 75172.6666666675,
  	  	  	"judgement": null
  	  	},
  	  	{
  	  	  	"press": false,
  	  	  	"dir": 2,
  	  	  	"time": 75256.0000000009,
  	  	  	"judgement": null
  	  	},
  	  	{
  	  	  	"press": true,
  	  	  	"dir": 3,
  	  	  	"time": 75272.6666666676,
  	  	  	"judgement": null
  	  	},
  	  	{
  	  	  	"press": true,
  	  	  	"dir": 0,
  	  	  	"time": 75306.0000000009,
  	  	  	"judgement": "shit"
  	  	},
  	  	{
  	  	  	"press": true,
  	  	  	"dir": 2,
  	  	  	"time": 75322.6666666676,
  	  	  	"judgement": "sick"
  	  	},
  	  	{
  	  	  	"press": false,
  	  	  	"dir": 3,
  	  	  	"time": 75356.0000000009,
  	  	  	"judgement": null
  	  	},
  	  	{
  	  	  	"press": false,
  	  	  	"dir": 2,
  	  	  	"time": 75389.3333333343,
  	  	  	"judgement": null
  	  	},
  	  	{
  	  	  	"press": true,
  	  	  	"dir": 1,
  	  	  	"time": 75456.000000001,
  	  	  	"judgement": null
  	  	},
  	  	{
  	  	  	"press": false,
  	  	  	"dir": 0,
  	  	  	"time": 75472.6666666676,
  	  	  	"judgement": null
  	  	},
  	  	{
  	  	  	"press": true,
  	  	  	"dir": 2,
  	  	  	"time": 75556.000000001,
  	  	  	"judgement": "good"
  	  	},
  	  	{
  	  	  	"press": false,
  	  	  	"dir": 1,
  	  	  	"time": 75556.000000001,
  	  	  	"judgement": null
  	  	},
  	  	{
  	  	  	"press": false,
  	  	  	"dir": 2,
  	  	  	"time": 75656.000000001,
  	  	  	"judgement": null
  	  	},
  	  	{
  	  	  	"press": true,
  	  	  	"dir": 3,
  	  	  	"time": 75706.000000001,
  	  	  	"judgement": "bad"
  	  	},
  	  	{
  	  	  	"press": false,
  	  	  	"dir": 3,
  	  	  	"time": 75806.0000000011,
  	  	  	"judgement": null
  	  	},
  	  	{
  	  	  	"press": true,
  	  	  	"dir": 0,
  	  	  	"time": 75972.6666666678,
  	  	  	"judgement": "sick"
  	  	},
  	  	{
  	  	  	"press": false,
  	  	  	"dir": 0,
  	  	  	"time": 76106.0000000011,
  	  	  	"judgement": null
  	  	},
  	  	{
  	  	  	"press": true,
  	  	  	"dir": 2,
  	  	  	"time": 76189.3333333345,
  	  	  	"judgement": "sick"
  	  	},
  	  	{
  	  	  	"press": false,
  	  	  	"dir": 2,
  	  	  	"time": 76239.3333333345,
  	  	  	"judgement": null
  	  	},
  	  	{
  	  	  	"press": true,
  	  	  	"dir": 1,
  	  	  	"time": 76372.6666666679,
  	  	  	"judgement": "sick"
  	  	},
  	  	{
  	  	  	"press": false,
  	  	  	"dir": 1,
  	  	  	"time": 76456.0000000013,
  	  	  	"judgement": null
  	  	},
  	  	{
  	  	  	"press": true,
  	  	  	"dir": 3,
  	  	  	"time": 76539.3333333346,
  	  	  	"judgement": "sick"
  	  	},
  	  	{
  	  	  	"press": false,
  	  	  	"dir": 3,
  	  	  	"time": 76606.0000000013,
  	  	  	"judgement": null
  	  	},
  	  	{
  	  	  	"press": true,
  	  	  	"dir": 1,
  	  	  	"time": 76739.3333333347,
  	  	  	"judgement": "sick"
  	  	},
  	  	{
  	  	  	"press": false,
  	  	  	"dir": 1,
  	  	  	"time": 76789.3333333347,
  	  	  	"judgement": null
  	  	},
  	  	{
  	  	  	"press": true,
  	  	  	"dir": 0,
  	  	  	"time": 76889.3333333347,
  	  	  	"judgement": "sick"
  	  	},
  	  	{
  	  	  	"press": false,
  	  	  	"dir": 0,
  	  	  	"time": 76989.3333333347,
  	  	  	"judgement": null
  	  	},
  	  	{
  	  	  	"press": true,
  	  	  	"dir": 2,
  	  	  	"time": 77089.3333333348,
  	  	  	"judgement": "sick"
  	  	},
  	  	{
  	  	  	"press": false,
  	  	  	"dir": 2,
  	  	  	"time": 77189.3333333348,
  	  	  	"judgement": null
  	  	},
  	  	{
  	  	  	"press": true,
  	  	  	"dir": 0,
  	  	  	"time": 77256.0000000015,
  	  	  	"judgement": null
  	  	},
  	  	{
  	  	  	"press": false,
  	  	  	"dir": 0,
  	  	  	"time": 77389.3333333349,
  	  	  	"judgement": null
  	  	},
  	  	{
  	  	  	"press": true,
  	  	  	"dir": 3,
  	  	  	"time": 77422.6666666682,
  	  	  	"judgement": "sick"
  	  	},
  	  	{
  	  	  	"press": false,
  	  	  	"dir": 3,
  	  	  	"time": 77806.0000000016,
  	  	  	"judgement": null
  	  	},
  	  	{
  	  	  	"press": true,
  	  	  	"dir": 0,
  	  	  	"time": 77822.6666666683,
  	  	  	"judgement": "sick"
  	  	},
  	  	{
  	  	  	"press": false,
  	  	  	"dir": 0,
  	  	  	"time": 77872.6666666683,
  	  	  	"judgement": null
  	  	},
  	  	{
  	  	  	"press": true,
  	  	  	"dir": 2,
  	  	  	"time": 78006.0000000017,
  	  	  	"judgement": "sick"
  	  	},
  	  	{
  	  	  	"press": true,
  	  	  	"dir": 3,
  	  	  	"time": 78106.0000000017,
  	  	  	"judgement": "sick"
  	  	},
  	  	{
  	  	  	"press": false,
  	  	  	"dir": 2,
  	  	  	"time": 78106.0000000017,
  	  	  	"judgement": null
  	  	},
  	  	{
  	  	  	"press": true,
  	  	  	"dir": 0,
  	  	  	"time": 78156.0000000017,
  	  	  	"judgement": "sick"
  	  	},
  	  	{
  	  	  	"press": false,
  	  	  	"dir": 3,
  	  	  	"time": 78189.3333333351,
  	  	  	"judgement": null
  	  	},
  	  	{
  	  	  	"press": false,
  	  	  	"dir": 0,
  	  	  	"time": 78239.3333333351,
  	  	  	"judgement": null
  	  	},
  	  	{
  	  	  	"press": true,
  	  	  	"dir": 0,
  	  	  	"time": 78372.6666666685,
  	  	  	"judgement": "sick"
  	  	},
  	  	{
  	  	  	"press": false,
  	  	  	"dir": 0,
  	  	  	"time": 78422.6666666685,
  	  	  	"judgement": null
  	  	},
  	  	{
  	  	  	"press": true,
  	  	  	"dir": 0,
  	  	  	"time": 78556.0000000019,
  	  	  	"judgement": "sick"
  	  	},
  	  	{
  	  	  	"press": false,
  	  	  	"dir": 0,
  	  	  	"time": 78622.6666666685,
  	  	  	"judgement": null
  	  	},
  	  	{
  	  	  	"press": true,
  	  	  	"dir": 3,
  	  	  	"time": 78722.6666666686,
  	  	  	"judgement": "sick"
  	  	},
  	  	{
  	  	  	"press": false,
  	  	  	"dir": 3,
  	  	  	"time": 78839.3333333353,
  	  	  	"judgement": null
  	  	},
  	  	{
  	  	  	"press": true,
  	  	  	"dir": 2,
  	  	  	"time": 78906.000000002,
  	  	  	"judgement": "sick"
  	  	},
  	  	{
  	  	  	"press": false,
  	  	  	"dir": 2,
  	  	  	"time": 79006.000000002,
  	  	  	"judgement": null
  	  	},
  	  	{
  	  	  	"press": true,
  	  	  	"dir": 3,
  	  	  	"time": 79089.3333333354,
  	  	  	"judgement": "sick"
  	  	},
  	  	{
  	  	  	"press": false,
  	  	  	"dir": 3,
  	  	  	"time": 79222.6666666687,
  	  	  	"judgement": null
  	  	},
  	  	{
  	  	  	"press": true,
  	  	  	"dir": 0,
  	  	  	"time": 79256.0000000021,
  	  	  	"judgement": "sick"
  	  	},
  	  	{
  	  	  	"press": false,
  	  	  	"dir": 0,
  	  	  	"time": 79339.3333333354,
  	  	  	"judgement": null
  	  	},
  	  	{
  	  	  	"press": true,
  	  	  	"dir": 1,
  	  	  	"time": 79622.6666666688,
  	  	  	"judgement": "sick"
  	  	},
  	  	{
  	  	  	"press": false,
  	  	  	"dir": 1,
  	  	  	"time": 79739.3333333355,
  	  	  	"judgement": null
  	  	},
  	  	{
  	  	  	"press": true,
  	  	  	"dir": 0,
  	  	  	"time": 79772.6666666689,
  	  	  	"judgement": "sick"
  	  	},
  	  	{
  	  	  	"press": false,
  	  	  	"dir": 0,
  	  	  	"time": 79906.0000000023,
  	  	  	"judgement": null
  	  	},
  	  	{
  	  	  	"press": true,
  	  	  	"dir": 3,
  	  	  	"time": 80022.666666669,
  	  	  	"judgement": "good"
  	  	},
  	  	{
  	  	  	"press": false,
  	  	  	"dir": 3,
  	  	  	"time": 80106.0000000023,
  	  	  	"judgement": null
  	  	},
  	  	{
  	  	  	"press": true,
  	  	  	"dir": 0,
  	  	  	"time": 80122.666666669,
  	  	  	"judgement": "sick"
  	  	},
  	  	{
  	  	  	"press": true,
  	  	  	"dir": 1,
  	  	  	"time": 80122.666666669,
  	  	  	"judgement": null
  	  	},
  	  	{
  	  	  	"press": false,
  	  	  	"dir": 2,
  	  	  	"time": 80122.666666669,
  	  	  	"judgement": null
  	  	},
  	  	{
  	  	  	"press": false,
  	  	  	"dir": 3,
  	  	  	"time": 80122.666666669,
  	  	  	"judgement": null
  	  	},
  	  	{
  	  	  	"press": false,
  	  	  	"dir": 0,
  	  	  	"time": 80139.3333333357,
  	  	  	"judgement": null
  	  	},
  	  	{
  	  	  	"press": false,
  	  	  	"dir": 1,
  	  	  	"time": 80139.3333333357,
  	  	  	"judgement": null
  	  	},
  	  	{
  	  	  	"press": true,
  	  	  	"dir": 2,
  	  	  	"time": 80671.6666666667,
  	  	  	"judgement": "shit"
  	  	},
  	  	{
  	  	  	"press": true,
  	  	  	"dir": 3,
  	  	  	"time": 80671.6666666667,
  	  	  	"judgement": null
  	  	},
  	  	{
  	  	  	"press": true,
  	  	  	"dir": 0,
  	  	  	"time": 80828.3333333333,
  	  	  	"judgement": null
  	  	},
  	  	{
  	  	  	"press": true,
  	  	  	"dir": 1,
  	  	  	"time": 80828.3333333333,
  	  	  	"judgement": "bad"
  	  	},
  	  	{
  	  	  	"press": false,
  	  	  	"dir": 2,
  	  	  	"time": 80845,
  	  	  	"judgement": null
  	  	},
  	  	{
  	  	  	"press": false,
  	  	  	"dir": 3,
  	  	  	"time": 80845,
  	  	  	"judgement": null
  	  	},
  	  	{
  	  	  	"press": false,
  	  	  	"dir": 0,
  	  	  	"time": 80995.0000000001,
  	  	  	"judgement": null
  	  	},
  	  	{
  	  	  	"press": true,
  	  	  	"dir": 2,
  	  	  	"time": 81028.3333333334,
  	  	  	"judgement": null
  	  	},
  	  	{
  	  	  	"press": true,
  	  	  	"dir": 3,
  	  	  	"time": 81028.3333333334,
  	  	  	"judgement": "sick"
  	  	},
  	  	{
  	  	  	"press": false,
  	  	  	"dir": 1,
  	  	  	"time": 81028.3333333334,
  	  	  	"judgement": null
  	  	},
  	  	{
  	  	  	"press": false,
  	  	  	"dir": 2,
  	  	  	"time": 81145.0000000001,
  	  	  	"judgement": null
  	  	},
  	  	{
  	  	  	"press": false,
  	  	  	"dir": 3,
  	  	  	"time": 81161.6666666668,
  	  	  	"judgement": null
  	  	},
  	  	{
  	  	  	"press": true,
  	  	  	"dir": 1,
  	  	  	"time": 81195.0000000001,
  	  	  	"judgement": "good"
  	  	},
  	  	{
  	  	  	"press": true,
  	  	  	"dir": 0,
  	  	  	"time": 81211.6666666668,
  	  	  	"judgement": null
  	  	},
  	  	{
  	  	  	"press": false,
  	  	  	"dir": 0,
  	  	  	"time": 81245.0000000001,
  	  	  	"judgement": null
  	  	},
  	  	{
  	  	  	"press": false,
  	  	  	"dir": 1,
  	  	  	"time": 81245.0000000001,
  	  	  	"judgement": null
  	  	},
  	  	{
  	  	  	"press": true,
  	  	  	"dir": 3,
  	  	  	"time": 81311.6666666668,
  	  	  	"judgement": "sick"
  	  	},
  	  	{
  	  	  	"press": true,
  	  	  	"dir": 0,
  	  	  	"time": 81378.3333333335,
  	  	  	"judgement": "shit"
  	  	},
  	  	{
  	  	  	"press": false,
  	  	  	"dir": 1,
  	  	  	"time": 81378.3333333335,
  	  	  	"judgement": null
  	  	},
  	  	{
  	  	  	"press": false,
  	  	  	"dir": 3,
  	  	  	"time": 81378.3333333335,
  	  	  	"judgement": null
  	  	},
  	  	{
  	  	  	"press": true,
  	  	  	"dir": 1,
  	  	  	"time": 81955,
  	  	  	"judgement": "miss"
  	  	},
  	  	{
  	  	  	"press": true,
  	  	  	"dir": 2,
  	  	  	"time": 81955,
  	  	  	"judgement": null
  	  	},
  	  	{
  	  	  	"press": true,
  	  	  	"dir": 3,
  	  	  	"time": 81955,
  	  	  	"judgement": "bad"
  	  	},
  	  	{
  	  	  	"press": false,
  	  	  	"dir": 0,
  	  	  	"time": 81971.6666666667,
  	  	  	"judgement": null
  	  	},
  	  	{
  	  	  	"press": false,
  	  	  	"dir": 2,
  	  	  	"time": 81988.3333333333,
  	  	  	"judgement": null
  	  	},
  	  	{
  	  	  	"press": false,
  	  	  	"dir": 1,
  	  	  	"time": 82005,
  	  	  	"judgement": null
  	  	},
  	  	{
  	  	  	"press": true,
  	  	  	"dir": 2,
  	  	  	"time": 82115,
  	  	  	"judgement": null
  	  	},
  	  	{
  	  	  	"press": false,
  	  	  	"dir": 3,
  	  	  	"time": 82115,
  	  	  	"judgement": null
  	  	},
  	  	{
  	  	  	"press": true,
  	  	  	"dir": 0,
  	  	  	"time": 82131.6666666667,
  	  	  	"judgement": "bad"
  	  	},
  	  	{
  	  	  	"press": true,
  	  	  	"dir": 1,
  	  	  	"time": 82165,
  	  	  	"judgement": "sick"
  	  	},
  	  	{
  	  	  	"press": true,
  	  	  	"dir": 3,
  	  	  	"time": 82215,
  	  	  	"judgement": null
  	  	},
  	  	{
  	  	  	"press": false,
  	  	  	"dir": 0,
  	  	  	"time": 82231.6666666667,
  	  	  	"judgement": null
  	  	},
  	  	{
  	  	  	"press": false,
  	  	  	"dir": 2,
  	  	  	"time": 82231.6666666667,
  	  	  	"judgement": null
  	  	},
  	  	{
  	  	  	"press": false,
  	  	  	"dir": 1,
  	  	  	"time": 82248.3333333334,
  	  	  	"judgement": null
  	  	},
  	  	{
  	  	  	"press": true,
  	  	  	"dir": 1,
  	  	  	"time": 82365.0000000001,
  	  	  	"judgement": null
  	  	},
  	  	{
  	  	  	"press": true,
  	  	  	"dir": 2,
  	  	  	"time": 82365.0000000001,
  	  	  	"judgement": "sick"
  	  	},
  	  	{
  	  	  	"press": false,
  	  	  	"dir": 3,
  	  	  	"time": 82365.0000000001,
  	  	  	"judgement": null
  	  	},
  	  	{
  	  	  	"press": true,
  	  	  	"dir": 0,
  	  	  	"time": 82415.0000000001,
  	  	  	"judgement": "bad"
  	  	},
  	  	{
  	  	  	"press": false,
  	  	  	"dir": 2,
  	  	  	"time": 82415.0000000001,
  	  	  	"judgement": null
  	  	},
  	  	{
  	  	  	"press": false,
  	  	  	"dir": 1,
  	  	  	"time": 82448.3333333334,
  	  	  	"judgement": null
  	  	},
  	  	{
  	  	  	"press": false,
  	  	  	"dir": 0,
  	  	  	"time": 82515.0000000001,
  	  	  	"judgement": null
  	  	},
  	  	{
  	  	  	"press": true,
  	  	  	"dir": 2,
  	  	  	"time": 82565.0000000001,
  	  	  	"judgement": "bad"
  	  	},
  	  	{
  	  	  	"press": false,
  	  	  	"dir": 2,
  	  	  	"time": 82631.6666666668,
  	  	  	"judgement": null
  	  	},
  	  	{
  	  	  	"press": true,
  	  	  	"dir": 0,
  	  	  	"time": 82715.0000000002,
  	  	  	"judgement": "shit"
  	  	},
  	  	{
  	  	  	"press": false,
  	  	  	"dir": 0,
  	  	  	"time": 82798.3333333335,
  	  	  	"judgement": null
  	  	},
  	  	{
  	  	  	"press": true,
  	  	  	"dir": 2,
  	  	  	"time": 82848.3333333335,
  	  	  	"judgement": null
  	  	},
  	  	{
  	  	  	"press": false,
  	  	  	"dir": 2,
  	  	  	"time": 82915.0000000002,
  	  	  	"judgement": null
  	  	},
  	  	{
  	  	  	"press": true,
  	  	  	"dir": 1,
  	  	  	"time": 82965.0000000002,
  	  	  	"judgement": "good"
  	  	},
  	  	{
  	  	  	"press": false,
  	  	  	"dir": 1,
  	  	  	"time": 83065.0000000003,
  	  	  	"judgement": null
  	  	},
  	  	{
  	  	  	"press": true,
  	  	  	"dir": 3,
  	  	  	"time": 83181.666666667,
  	  	  	"judgement": "good"
  	  	},
  	  	{
  	  	  	"press": false,
  	  	  	"dir": 3,
  	  	  	"time": 83248.3333333337,
  	  	  	"judgement": null
  	  	},
  	  	{
  	  	  	"press": true,
  	  	  	"dir": 2,
  	  	  	"time": 83398.3333333337,
  	  	  	"judgement": "sick"
  	  	},
  	  	{
  	  	  	"press": false,
  	  	  	"dir": 2,
  	  	  	"time": 83481.6666666671,
  	  	  	"judgement": null
  	  	},
  	  	{
  	  	  	"press": true,
  	  	  	"dir": 3,
  	  	  	"time": 83581.6666666671,
  	  	  	"judgement": "sick"
  	  	},
  	  	{
  	  	  	"press": false,
  	  	  	"dir": 3,
  	  	  	"time": 83648.3333333338,
  	  	  	"judgement": null
  	  	},
  	  	{
  	  	  	"press": true,
  	  	  	"dir": 0,
  	  	  	"time": 83748.3333333338,
  	  	  	"judgement": "sick"
  	  	},
  	  	{
  	  	  	"press": false,
  	  	  	"dir": 0,
  	  	  	"time": 83831.6666666672,
  	  	  	"judgement": null
  	  	},
  	  	{
  	  	  	"press": true,
  	  	  	"dir": 1,
  	  	  	"time": 83931.6666666672,
  	  	  	"judgement": "sick"
  	  	},
  	  	{
  	  	  	"press": true,
  	  	  	"dir": 3,
  	  	  	"time": 84315.0000000006,
  	  	  	"judgement": "sick"
  	  	},
  	  	{
  	  	  	"press": false,
  	  	  	"dir": 1,
  	  	  	"time": 84348.333333334,
  	  	  	"judgement": null
  	  	},
  	  	{
  	  	  	"press": true,
  	  	  	"dir": 2,
  	  	  	"time": 84431.6666666673,
  	  	  	"judgement": "sick"
  	  	},
  	  	{
  	  	  	"press": true,
  	  	  	"dir": 1,
  	  	  	"time": 84465.0000000007,
  	  	  	"judgement": "sick"
  	  	},
  	  	{
  	  	  	"press": false,
  	  	  	"dir": 3,
  	  	  	"time": 84465.0000000007,
  	  	  	"judgement": null
  	  	},
  	  	{
  	  	  	"press": false,
  	  	  	"dir": 2,
  	  	  	"time": 84531.6666666674,
  	  	  	"judgement": null
  	  	},
  	  	{
  	  	  	"press": true,
  	  	  	"dir": 0,
  	  	  	"time": 84565.0000000007,
  	  	  	"judgement": "sick"
  	  	},
  	  	{
  	  	  	"press": false,
  	  	  	"dir": 1,
  	  	  	"time": 84615.0000000007,
  	  	  	"judgement": null
  	  	},
  	  	{
  	  	  	"press": true,
  	  	  	"dir": 3,
  	  	  	"time": 84648.3333333341,
  	  	  	"judgement": "sick"
  	  	},
  	  	{
  	  	  	"press": false,
  	  	  	"dir": 0,
  	  	  	"time": 84665.0000000007,
  	  	  	"judgement": null
  	  	},
  	  	{
  	  	  	"press": true,
  	  	  	"dir": 2,
  	  	  	"time": 84698.3333333341,
  	  	  	"judgement": "good"
  	  	},
  	  	{
  	  	  	"press": false,
  	  	  	"dir": 3,
  	  	  	"time": 84731.6666666674,
  	  	  	"judgement": null
  	  	},
  	  	{
  	  	  	"press": true,
  	  	  	"dir": 1,
  	  	  	"time": 84798.3333333341,
  	  	  	"judgement": "good"
  	  	},
  	  	{
  	  	  	"press": false,
  	  	  	"dir": 2,
  	  	  	"time": 84831.6666666675,
  	  	  	"judgement": null
  	  	},
  	  	{
  	  	  	"press": true,
  	  	  	"dir": 0,
  	  	  	"time": 84865.0000000008,
  	  	  	"judgement": "good"
  	  	},
  	  	{
  	  	  	"press": false,
  	  	  	"dir": 1,
  	  	  	"time": 84915.0000000008,
  	  	  	"judgement": null
  	  	},
  	  	{
  	  	  	"press": true,
  	  	  	"dir": 1,
  	  	  	"time": 85015.0000000008,
  	  	  	"judgement": "sick"
  	  	},
  	  	{
  	  	  	"press": false,
  	  	  	"dir": 0,
  	  	  	"time": 85048.3333333342,
  	  	  	"judgement": null
  	  	},
  	  	{
  	  	  	"press": true,
  	  	  	"dir": 2,
  	  	  	"time": 85115.0000000009,
  	  	  	"judgement": "sick"
  	  	},
  	  	{
  	  	  	"press": false,
  	  	  	"dir": 1,
  	  	  	"time": 85115.0000000009,
  	  	  	"judgement": null
  	  	},
  	  	{
  	  	  	"press": true,
  	  	  	"dir": 3,
  	  	  	"time": 85215.0000000009,
  	  	  	"judgement": "sick"
  	  	},
  	  	{
  	  	  	"press": false,
  	  	  	"dir": 2,
  	  	  	"time": 85281.6666666676,
  	  	  	"judgement": null
  	  	},
  	  	{
  	  	  	"press": true,
  	  	  	"dir": 2,
  	  	  	"time": 85315.0000000009,
  	  	  	"judgement": "sick"
  	  	},
  	  	{
  	  	  	"press": false,
  	  	  	"dir": 3,
  	  	  	"time": 85348.3333333343,
  	  	  	"judgement": null
  	  	},
  	  	{
  	  	  	"press": true,
  	  	  	"dir": 1,
  	  	  	"time": 85365.0000000009,
  	  	  	"judgement": "sick"
  	  	},
  	  	{
  	  	  	"press": false,
  	  	  	"dir": 2,
  	  	  	"time": 85431.6666666676,
  	  	  	"judgement": null
  	  	},
  	  	{
  	  	  	"press": false,
  	  	  	"dir": 1,
  	  	  	"time": 85681.6666666677,
  	  	  	"judgement": null
  	  	},
  	  	{
  	  	  	"press": true,
  	  	  	"dir": 0,
  	  	  	"time": 85715.000000001,
  	  	  	"judgement": "good"
  	  	},
  	  	{
  	  	  	"press": true,
  	  	  	"dir": 1,
  	  	  	"time": 86098.3333333345,
  	  	  	"judgement": "sick"
  	  	},
  	  	{
  	  	  	"press": false,
  	  	  	"dir": 0,
  	  	  	"time": 86465.0000000013,
  	  	  	"judgement": null
  	  	},
  	  	{
  	  	  	"press": true,
  	  	  	"dir": 3,
  	  	  	"time": 86498.3333333346,
  	  	  	"judgement": "sick"
  	  	},
  	  	{
  	  	  	"press": false,
  	  	  	"dir": 1,
  	  	  	"time": 86498.3333333346,
  	  	  	"judgement": null
  	  	},
  	  	{
  	  	  	"press": false,
  	  	  	"dir": 3,
  	  	  	"time": 86598.3333333346,
  	  	  	"judgement": null
  	  	},
  	  	{
  	  	  	"press": true,
  	  	  	"dir": 1,
  	  	  	"time": 86615.0000000013,
  	  	  	"judgement": "sick"
  	  	},
  	  	{
  	  	  	"press": true,
  	  	  	"dir": 0,
  	  	  	"time": 86681.666666668,
  	  	  	"judgement": "sick"
  	  	},
  	  	{
  	  	  	"press": false,
  	  	  	"dir": 1,
  	  	  	"time": 86715.0000000013,
  	  	  	"judgement": null
  	  	},
  	  	{
  	  	  	"press": true,
  	  	  	"dir": 2,
  	  	  	"time": 86731.666666668,
  	  	  	"judgement": "sick"
  	  	},
  	  	{
  	  	  	"press": false,
  	  	  	"dir": 0,
  	  	  	"time": 86781.666666668,
  	  	  	"judgement": null
  	  	},
  	  	{
  	  	  	"press": true,
  	  	  	"dir": 3,
  	  	  	"time": 86831.666666668,
  	  	  	"judgement": "sick"
  	  	},
  	  	{
  	  	  	"press": false,
  	  	  	"dir": 2,
  	  	  	"time": 86865.0000000014,
  	  	  	"judgement": null
  	  	},
  	  	{
  	  	  	"press": true,
  	  	  	"dir": 0,
  	  	  	"time": 86981.6666666681,
  	  	  	"judgement": "sick"
  	  	},
  	  	{
  	  	  	"press": false,
  	  	  	"dir": 3,
  	  	  	"time": 86981.6666666681,
  	  	  	"judgement": null
  	  	},
  	  	{
  	  	  	"press": false,
  	  	  	"dir": 0,
  	  	  	"time": 87098.3333333348,
  	  	  	"judgement": null
  	  	},
  	  	{
  	  	  	"press": true,
  	  	  	"dir": 2,
  	  	  	"time": 87198.3333333348,
  	  	  	"judgement": "sick"
  	  	},
  	  	{
  	  	  	"press": false,
  	  	  	"dir": 2,
  	  	  	"time": 87298.3333333348,
  	  	  	"judgement": null
  	  	},
  	  	{
  	  	  	"press": true,
  	  	  	"dir": 1,
  	  	  	"time": 87398.3333333349,
  	  	  	"judgement": "sick"
  	  	},
  	  	{
  	  	  	"press": false,
  	  	  	"dir": 1,
  	  	  	"time": 87448.3333333349,
  	  	  	"judgement": null
  	  	},
  	  	{
  	  	  	"press": true,
  	  	  	"dir": 1,
  	  	  	"time": 87581.6666666683,
  	  	  	"judgement": "sick"
  	  	},
  	  	{
  	  	  	"press": false,
  	  	  	"dir": 1,
  	  	  	"time": 87648.3333333349,
  	  	  	"judgement": null
  	  	},
  	  	{
  	  	  	"press": true,
  	  	  	"dir": 3,
  	  	  	"time": 87748.333333335,
  	  	  	"judgement": "sick"
  	  	},
  	  	{
  	  	  	"press": false,
  	  	  	"dir": 3,
  	  	  	"time": 87848.333333335,
  	  	  	"judgement": null
  	  	},
  	  	{
  	  	  	"press": true,
  	  	  	"dir": 2,
  	  	  	"time": 87931.6666666684,
  	  	  	"judgement": "sick"
  	  	},
  	  	{
  	  	  	"press": false,
  	  	  	"dir": 2,
  	  	  	"time": 88031.6666666684,
  	  	  	"judgement": null
  	  	},
  	  	{
  	  	  	"press": true,
  	  	  	"dir": 0,
  	  	  	"time": 88081.6666666684,
  	  	  	"judgement": "sick"
  	  	},
  	  	{
  	  	  	"press": false,
  	  	  	"dir": 0,
  	  	  	"time": 88198.3333333351,
  	  	  	"judgement": null
  	  	},
  	  	{
  	  	  	"press": true,
  	  	  	"dir": 3,
  	  	  	"time": 88231.6666666684,
  	  	  	"judgement": "good"
  	  	},
  	  	{
  	  	  	"press": false,
  	  	  	"dir": 3,
  	  	  	"time": 88398.3333333352,
  	  	  	"judgement": null
  	  	},
  	  	{
  	  	  	"press": true,
  	  	  	"dir": 2,
  	  	  	"time": 88465.0000000018,
  	  	  	"judgement": "sick"
  	  	},
  	  	{
  	  	  	"press": false,
  	  	  	"dir": 2,
  	  	  	"time": 88531.6666666685,
  	  	  	"judgement": null
  	  	},
  	  	{
  	  	  	"press": true,
  	  	  	"dir": 0,
  	  	  	"time": 88631.6666666686,
  	  	  	"judgement": "sick"
  	  	},
  	  	{
  	  	  	"press": false,
  	  	  	"dir": 0,
  	  	  	"time": 88781.6666666686,
  	  	  	"judgement": null
  	  	},
  	  	{
  	  	  	"press": true,
  	  	  	"dir": 2,
  	  	  	"time": 88798.3333333353,
  	  	  	"judgement": "sick"
  	  	},
  	  	{
  	  	  	"press": false,
  	  	  	"dir": 2,
  	  	  	"time": 88881.6666666686,
  	  	  	"judgement": null
  	  	},
  	  	{
  	  	  	"press": true,
  	  	  	"dir": 3,
  	  	  	"time": 89015.000000002,
  	  	  	"judgement": "sick"
  	  	},
  	  	{
  	  	  	"press": false,
  	  	  	"dir": 3,
  	  	  	"time": 89115.000000002,
  	  	  	"judgement": null
  	  	},
  	  	{
  	  	  	"press": true,
  	  	  	"dir": 1,
  	  	  	"time": 89198.3333333354,
  	  	  	"judgement": "sick"
  	  	},
  	  	{
  	  	  	"press": false,
  	  	  	"dir": 1,
  	  	  	"time": 89265.0000000021,
  	  	  	"judgement": null
  	  	},
  	  	{
  	  	  	"press": true,
  	  	  	"dir": 0,
  	  	  	"time": 89381.6666666688,
  	  	  	"judgement": "sick"
  	  	},
  	  	{
  	  	  	"press": true,
  	  	  	"dir": 1,
  	  	  	"time": 89598.3333333355,
  	  	  	"judgement": "sick"
  	  	},
  	  	{
  	  	  	"press": false,
  	  	  	"dir": 0,
  	  	  	"time": 89615.0000000022,
  	  	  	"judgement": null
  	  	},
  	  	{
  	  	  	"press": true,
  	  	  	"dir": 2,
  	  	  	"time": 89731.6666666689,
  	  	  	"judgement": "sick"
  	  	},
  	  	{
  	  	  	"press": false,
  	  	  	"dir": 1,
  	  	  	"time": 89731.6666666689,
  	  	  	"judgement": null
  	  	},
  	  	{
  	  	  	"press": true,
  	  	  	"dir": 0,
  	  	  	"time": 90065.0000000023,
  	  	  	"judgement": "sick"
  	  	},
  	  	{
  	  	  	"press": false,
  	  	  	"dir": 2,
  	  	  	"time": 90065.0000000023,
  	  	  	"judgement": null
  	  	},
  	  	{
  	  	  	"press": true,
  	  	  	"dir": 1,
  	  	  	"time": 90298.3333333357,
  	  	  	"judgement": "sick"
  	  	},
  	  	{
  	  	  	"press": false,
  	  	  	"dir": 0,
  	  	  	"time": 90348.3333333357,
  	  	  	"judgement": null
  	  	},
  	  	{
  	  	  	"press": true,
  	  	  	"dir": 3,
  	  	  	"time": 90431.6666666691,
  	  	  	"judgement": "sick"
  	  	},
  	  	{
  	  	  	"press": false,
  	  	  	"dir": 1,
  	  	  	"time": 90465.0000000024,
  	  	  	"judgement": null
  	  	},
  	  	{
  	  	  	"press": true,
  	  	  	"dir": 0,
  	  	  	"time": 90781.6666666692,
  	  	  	"judgement": "sick"
  	  	},
  	  	{
  	  	  	"press": false,
  	  	  	"dir": 3,
  	  	  	"time": 90865.0000000025,
  	  	  	"judgement": null
  	  	},
  	  	{
  	  	  	"press": true,
  	  	  	"dir": 2,
  	  	  	"time": 90965.0000000026,
  	  	  	"judgement": "sick"
  	  	},
  	  	{
  	  	  	"press": false,
  	  	  	"dir": 0,
  	  	  	"time": 90981.6666666692,
  	  	  	"judgement": null
  	  	},
  	  	{
  	  	  	"press": true,
  	  	  	"dir": 0,
  	  	  	"time": 91148.333333336,
  	  	  	"judgement": "sick"
  	  	},
  	  	{
  	  	  	"press": false,
  	  	  	"dir": 2,
  	  	  	"time": 91165.0000000026,
  	  	  	"judgement": null
  	  	},
  	  	{
  	  	  	"press": true,
  	  	  	"dir": 1,
  	  	  	"time": 91281.6666666667,
  	  	  	"judgement": "sick"
  	  	},
  	  	{
  	  	  	"press": false,
  	  	  	"dir": 0,
  	  	  	"time": 91331.6666666667,
  	  	  	"judgement": null
  	  	},
  	  	{
  	  	  	"press": true,
  	  	  	"dir": 3,
  	  	  	"time": 91365,
  	  	  	"judgement": "sick"
  	  	},
  	  	{
  	  	  	"press": false,
  	  	  	"dir": 1,
  	  	  	"time": 91398.3333333334,
  	  	  	"judgement": null
  	  	},
  	  	{
  	  	  	"press": true,
  	  	  	"dir": 2,
  	  	  	"time": 91465.0000000001,
  	  	  	"judgement": "sick"
  	  	},
  	  	{
  	  	  	"press": false,
  	  	  	"dir": 3,
  	  	  	"time": 91515.0000000001,
  	  	  	"judgement": null
  	  	},
  	  	{
  	  	  	"press": true,
  	  	  	"dir": 0,
  	  	  	"time": 91548.3333333334,
  	  	  	"judgement": "sick"
  	  	},
  	  	{
  	  	  	"press": false,
  	  	  	"dir": 2,
  	  	  	"time": 91581.6666666668,
  	  	  	"judgement": null
  	  	},
  	  	{
  	  	  	"press": true,
  	  	  	"dir": 1,
  	  	  	"time": 91648.3333333335,
  	  	  	"judgement": "sick"
  	  	},
  	  	{
  	  	  	"press": false,
  	  	  	"dir": 0,
  	  	  	"time": 91698.3333333335,
  	  	  	"judgement": null
  	  	},
  	  	{
  	  	  	"press": false,
  	  	  	"dir": 1,
  	  	  	"time": 91765.0000000002,
  	  	  	"judgement": null
  	  	},
  	  	{
  	  	  	"press": true,
  	  	  	"dir": 3,
  	  	  	"time": 91798.3333333335,
  	  	  	"judgement": "good"
  	  	},
  	  	{
  	  	  	"press": true,
  	  	  	"dir": 2,
  	  	  	"time": 91815.0000000002,
  	  	  	"judgement": "sick"
  	  	},
  	  	{
  	  	  	"press": false,
  	  	  	"dir": 3,
  	  	  	"time": 91865.0000000002,
  	  	  	"judgement": null
  	  	},
  	  	{
  	  	  	"press": true,
  	  	  	"dir": 0,
  	  	  	"time": 91915.0000000002,
  	  	  	"judgement": "sick"
  	  	},
  	  	{
  	  	  	"press": false,
  	  	  	"dir": 2,
  	  	  	"time": 91915.0000000002,
  	  	  	"judgement": null
  	  	},
  	  	{
  	  	  	"press": true,
  	  	  	"dir": 1,
  	  	  	"time": 92148.3333333336,
  	  	  	"judgement": "good"
  	  	},
  	  	{
  	  	  	"press": false,
  	  	  	"dir": 0,
  	  	  	"time": 92198.3333333336,
  	  	  	"judgement": null
  	  	},
  	  	{
  	  	  	"press": true,
  	  	  	"dir": 3,
  	  	  	"time": 92265.0000000003,
  	  	  	"judgement": "sick"
  	  	},
  	  	{
  	  	  	"press": false,
  	  	  	"dir": 1,
  	  	  	"time": 92298.3333333336,
  	  	  	"judgement": null
  	  	},
  	  	{
  	  	  	"press": true,
  	  	  	"dir": 0,
  	  	  	"time": 92648.3333333338,
  	  	  	"judgement": "sick"
  	  	},
  	  	{
  	  	  	"press": false,
  	  	  	"dir": 3,
  	  	  	"time": 92715.0000000004,
  	  	  	"judgement": null
  	  	},
  	  	{
  	  	  	"press": true,
  	  	  	"dir": 2,
  	  	  	"time": 92831.6666666671,
  	  	  	"judgement": "sick"
  	  	},
  	  	{
  	  	  	"press": false,
  	  	  	"dir": 0,
  	  	  	"time": 92865.0000000005,
  	  	  	"judgement": null
  	  	},
  	  	{
  	  	  	"press": false,
  	  	  	"dir": 2,
  	  	  	"time": 92931.6666666672,
  	  	  	"judgement": null
  	  	},
  	  	{
  	  	  	"press": true,
  	  	  	"dir": 3,
  	  	  	"time": 92998.3333333339,
  	  	  	"judgement": "sick"
  	  	},
  	  	{
  	  	  	"press": false,
  	  	  	"dir": 3,
  	  	  	"time": 93115.0000000006,
  	  	  	"judgement": null
  	  	},
  	  	{
  	  	  	"press": true,
  	  	  	"dir": 0,
  	  	  	"time": 93148.3333333339,
  	  	  	"judgement": "sick"
  	  	},
  	  	{
  	  	  	"press": false,
  	  	  	"dir": 0,
  	  	  	"time": 93298.3333333339,
  	  	  	"judgement": null
  	  	},
  	  	{
  	  	  	"press": true,
  	  	  	"dir": 2,
  	  	  	"time": 93381.6666666673,
  	  	  	"judgement": "sick"
  	  	},
  	  	{
  	  	  	"press": false,
  	  	  	"dir": 2,
  	  	  	"time": 93481.6666666673,
  	  	  	"judgement": null
  	  	},
  	  	{
  	  	  	"press": true,
  	  	  	"dir": 0,
  	  	  	"time": 93565.0000000007,
  	  	  	"judgement": "sick"
  	  	},
  	  	{
  	  	  	"press": false,
  	  	  	"dir": 0,
  	  	  	"time": 93665.0000000007,
  	  	  	"judgement": null
  	  	},
  	  	{
  	  	  	"press": true,
  	  	  	"dir": 3,
  	  	  	"time": 93715.0000000007,
  	  	  	"judgement": "sick"
  	  	},
  	  	{
  	  	  	"press": true,
  	  	  	"dir": 2,
  	  	  	"time": 93898.3333333341,
  	  	  	"judgement": "sick"
  	  	},
  	  	{
  	  	  	"press": false,
  	  	  	"dir": 3,
  	  	  	"time": 93915.0000000008,
  	  	  	"judgement": null
  	  	},
  	  	{
  	  	  	"press": false,
  	  	  	"dir": 2,
  	  	  	"time": 94015.0000000008,
  	  	  	"judgement": null
  	  	},
  	  	{
  	  	  	"press": true,
  	  	  	"dir": 3,
  	  	  	"time": 94065.0000000008,
  	  	  	"judgement": "sick"
  	  	},
  	  	{
  	  	  	"press": false,
  	  	  	"dir": 3,
  	  	  	"time": 94181.6666666675,
  	  	  	"judgement": null
  	  	},
  	  	{
  	  	  	"press": true,
  	  	  	"dir": 1,
  	  	  	"time": 94231.6666666675,
  	  	  	"judgement": "sick"
  	  	},
  	  	{
  	  	  	"press": false,
  	  	  	"dir": 1,
  	  	  	"time": 94331.6666666676,
  	  	  	"judgement": null
  	  	},
  	  	{
  	  	  	"press": true,
  	  	  	"dir": 0,
  	  	  	"time": 94448.3333333343,
  	  	  	"judgement": "sick"
  	  	},
  	  	{
  	  	  	"press": false,
  	  	  	"dir": 0,
  	  	  	"time": 94498.3333333343,
  	  	  	"judgement": null
  	  	},
  	  	{
  	  	  	"press": true,
  	  	  	"dir": 2,
  	  	  	"time": 94624,
  	  	  	"judgement": "sick"
  	  	},
  	  	{
  	  	  	"press": false,
  	  	  	"dir": 2,
  	  	  	"time": 94707.3333333334,
  	  	  	"judgement": null
  	  	},
  	  	{
  	  	  	"press": true,
  	  	  	"dir": 3,
  	  	  	"time": 94774.0000000001,
  	  	  	"judgement": "sick"
  	  	},
  	  	{
  	  	  	"press": true,
  	  	  	"dir": 0,
  	  	  	"time": 94874.0000000001,
  	  	  	"judgement": "bad"
  	  	},
  	  	{
  	  	  	"press": false,
  	  	  	"dir": 3,
  	  	  	"time": 94874.0000000001,
  	  	  	"judgement": null
  	  	},
  	  	{
  	  	  	"press": true,
  	  	  	"dir": 1,
  	  	  	"time": 95040.6666666668,
  	  	  	"judgement": null
  	  	},
  	  	{
  	  	  	"press": false,
  	  	  	"dir": 0,
  	  	  	"time": 95074.0000000001,
  	  	  	"judgement": null
  	  	},
  	  	{
  	  	  	"press": false,
  	  	  	"dir": 1,
  	  	  	"time": 95140.6666666668,
  	  	  	"judgement": null
  	  	},
  	  	{
  	  	  	"press": true,
  	  	  	"dir": 3,
  	  	  	"time": 95190.6666666668,
  	  	  	"judgement": "sick"
  	  	},
  	  	{
  	  	  	"press": false,
  	  	  	"dir": 3,
  	  	  	"time": 95290.6666666669,
  	  	  	"judgement": null
  	  	},
  	  	{
  	  	  	"press": true,
  	  	  	"dir": 1,
  	  	  	"time": 95374.0000000002,
  	  	  	"judgement": "sick"
  	  	},
  	  	{
  	  	  	"press": false,
  	  	  	"dir": 1,
  	  	  	"time": 95424.0000000002,
  	  	  	"judgement": null
  	  	},
  	  	{
  	  	  	"press": true,
  	  	  	"dir": 0,
  	  	  	"time": 95490.6666666669,
  	  	  	"judgement": "sick"
  	  	},
  	  	{
  	  	  	"press": false,
  	  	  	"dir": 0,
  	  	  	"time": 95590.666666667,
  	  	  	"judgement": null
  	  	},
  	  	{
  	  	  	"press": true,
  	  	  	"dir": 1,
  	  	  	"time": 95674.0000000003,
  	  	  	"judgement": "sick"
  	  	},
  	  	{
  	  	  	"press": false,
  	  	  	"dir": 1,
  	  	  	"time": 95740.666666667,
  	  	  	"judgement": null
  	  	},
  	  	{
  	  	  	"press": true,
  	  	  	"dir": 1,
  	  	  	"time": 95774.0000000003,
  	  	  	"judgement": "sick"
  	  	},
  	  	{
  	  	  	"press": true,
  	  	  	"dir": 2,
  	  	  	"time": 95900.6666666667,
  	  	  	"judgement": "sick"
  	  	},
  	  	{
  	  	  	"press": false,
  	  	  	"dir": 1,
  	  	  	"time": 95917.3333333334,
  	  	  	"judgement": null
  	  	},
  	  	{
  	  	  	"press": true,
  	  	  	"dir": 3,
  	  	  	"time": 95984,
  	  	  	"judgement": "good"
  	  	},
  	  	{
  	  	  	"press": false,
  	  	  	"dir": 2,
  	  	  	"time": 96000.6666666667,
  	  	  	"judgement": null
  	  	},
  	  	{
  	  	  	"press": false,
  	  	  	"dir": 3,
  	  	  	"time": 96067.3333333334,
  	  	  	"judgement": null
  	  	},
  	  	{
  	  	  	"press": true,
  	  	  	"dir": 0,
  	  	  	"time": 96117.3333333334,
  	  	  	"judgement": "good"
  	  	},
  	  	{
  	  	  	"press": true,
  	  	  	"dir": 3,
  	  	  	"time": 96167.3333333334,
  	  	  	"judgement": "sick"
  	  	},
  	  	{
  	  	  	"press": false,
  	  	  	"dir": 0,
  	  	  	"time": 96167.3333333334,
  	  	  	"judgement": null
  	  	},
  	  	{
  	  	  	"press": true,
  	  	  	"dir": 1,
  	  	  	"time": 96250.6666666668,
  	  	  	"judgement": "sick"
  	  	},
  	  	{
  	  	  	"press": false,
  	  	  	"dir": 3,
  	  	  	"time": 96250.6666666668,
  	  	  	"judgement": null
  	  	},
  	  	{
  	  	  	"press": false,
  	  	  	"dir": 1,
  	  	  	"time": 96334.0000000001,
  	  	  	"judgement": null
  	  	},
  	  	{
  	  	  	"press": true,
  	  	  	"dir": 2,
  	  	  	"time": 96367.3333333335,
  	  	  	"judgement": "good"
  	  	},
  	  	{
  	  	  	"press": false,
  	  	  	"dir": 2,
  	  	  	"time": 96450.6666666668,
  	  	  	"judgement": null
  	  	},
  	  	{
  	  	  	"press": true,
  	  	  	"dir": 2,
  	  	  	"time": 96534.0000000002,
  	  	  	"judgement": "sick"
  	  	},
  	  	{
  	  	  	"press": true,
  	  	  	"dir": 0,
  	  	  	"time": 96600.6666666669,
  	  	  	"judgement": "sick"
  	  	},
  	  	{
  	  	  	"press": false,
  	  	  	"dir": 2,
  	  	  	"time": 96600.6666666669,
  	  	  	"judgement": null
  	  	},
  	  	{
  	  	  	"press": true,
  	  	  	"dir": 1,
  	  	  	"time": 96700.6666666669,
  	  	  	"judgement": "good"
  	  	},
  	  	{
  	  	  	"press": false,
  	  	  	"dir": 0,
  	  	  	"time": 96734.0000000003,
  	  	  	"judgement": null
  	  	},
  	  	{
  	  	  	"press": false,
  	  	  	"dir": 1,
  	  	  	"time": 96784.0000000003,
  	  	  	"judgement": null
  	  	},
  	  	{
  	  	  	"press": true,
  	  	  	"dir": 0,
  	  	  	"time": 96967.3333333337,
  	  	  	"judgement": "sick"
  	  	},
  	  	{
  	  	  	"press": true,
  	  	  	"dir": 3,
  	  	  	"time": 97034.0000000003,
  	  	  	"judgement": "sick"
  	  	},
  	  	{
  	  	  	"press": false,
  	  	  	"dir": 0,
  	  	  	"time": 97034.0000000003,
  	  	  	"judgement": null
  	  	},
  	  	{
  	  	  	"press": true,
  	  	  	"dir": 2,
  	  	  	"time": 97150.666666667,
  	  	  	"judgement": "sick"
  	  	},
  	  	{
  	  	  	"press": false,
  	  	  	"dir": 3,
  	  	  	"time": 97184.0000000004,
  	  	  	"judgement": null
  	  	},
  	  	{
  	  	  	"press": true,
  	  	  	"dir": 0,
  	  	  	"time": 97250.6666666671,
  	  	  	"judgement": "sick"
  	  	},
  	  	{
  	  	  	"press": false,
  	  	  	"dir": 2,
  	  	  	"time": 97250.6666666671,
  	  	  	"judgement": null
  	  	},
  	  	{
  	  	  	"press": true,
  	  	  	"dir": 1,
  	  	  	"time": 97334.0000000004,
  	  	  	"judgement": "sick"
  	  	},
  	  	{
  	  	  	"press": false,
  	  	  	"dir": 0,
  	  	  	"time": 97384.0000000005,
  	  	  	"judgement": null
  	  	},
  	  	{
  	  	  	"press": false,
  	  	  	"dir": 1,
  	  	  	"time": 97417.3333333338,
  	  	  	"judgement": null
  	  	},
  	  	{
  	  	  	"press": true,
  	  	  	"dir": 3,
  	  	  	"time": 97450.6666666671,
  	  	  	"judgement": "sick"
  	  	},
  	  	{
  	  	  	"press": true,
  	  	  	"dir": 2,
  	  	  	"time": 97467.3333333338,
  	  	  	"judgement": null
  	  	},
  	  	{
  	  	  	"press": false,
  	  	  	"dir": 3,
  	  	  	"time": 97500.6666666672,
  	  	  	"judgement": null
  	  	},
  	  	{
  	  	  	"press": true,
  	  	  	"dir": 1,
  	  	  	"time": 97534.0000000005,
  	  	  	"judgement": "sick"
  	  	},
  	  	{
  	  	  	"press": false,
  	  	  	"dir": 2,
  	  	  	"time": 97550.6666666672,
  	  	  	"judgement": null
  	  	},
  	  	{
  	  	  	"press": true,
  	  	  	"dir": 0,
  	  	  	"time": 97634.0000000005,
  	  	  	"judgement": "sick"
  	  	},
  	  	{
  	  	  	"press": false,
  	  	  	"dir": 1,
  	  	  	"time": 97667.3333333339,
  	  	  	"judgement": null
  	  	},
  	  	{
  	  	  	"press": true,
  	  	  	"dir": 3,
  	  	  	"time": 97700.6666666672,
  	  	  	"judgement": "sick"
  	  	},
  	  	{
  	  	  	"press": false,
  	  	  	"dir": 0,
  	  	  	"time": 97700.6666666672,
  	  	  	"judgement": null
  	  	},
  	  	{
  	  	  	"press": true,
  	  	  	"dir": 2,
  	  	  	"time": 97767.3333333339,
  	  	  	"judgement": "sick"
  	  	},
  	  	{
  	  	  	"press": false,
  	  	  	"dir": 3,
  	  	  	"time": 97817.3333333339,
  	  	  	"judgement": null
  	  	},
  	  	{
  	  	  	"press": true,
  	  	  	"dir": 1,
  	  	  	"time": 97850.6666666673,
  	  	  	"judgement": "sick"
  	  	},
  	  	{
  	  	  	"press": false,
  	  	  	"dir": 2,
  	  	  	"time": 97850.6666666673,
  	  	  	"judgement": null
  	  	},
  	  	{
  	  	  	"press": true,
  	  	  	"dir": 0,
  	  	  	"time": 97934.0000000006,
  	  	  	"judgement": "sick"
  	  	},
  	  	{
  	  	  	"press": false,
  	  	  	"dir": 1,
  	  	  	"time": 97967.333333334,
  	  	  	"judgement": null
  	  	},
  	  	{
  	  	  	"press": false,
  	  	  	"dir": 0,
  	  	  	"time": 98017.333333334,
  	  	  	"judgement": null
  	  	},
  	  	{
  	  	  	"press": true,
  	  	  	"dir": 2,
  	  	  	"time": 98067.333333334,
  	  	  	"judgement": "sick"
  	  	},
  	  	{
  	  	  	"press": true,
  	  	  	"dir": 3,
  	  	  	"time": 98167.333333334,
  	  	  	"judgement": "sick"
  	  	},
  	  	{
  	  	  	"press": false,
  	  	  	"dir": 2,
  	  	  	"time": 98184.0000000007,
  	  	  	"judgement": null
  	  	},
  	  	{
  	  	  	"press": true,
  	  	  	"dir": 2,
  	  	  	"time": 98284.0000000007,
  	  	  	"judgement": "good"
  	  	},
  	  	{
  	  	  	"press": false,
  	  	  	"dir": 3,
  	  	  	"time": 98300.6666666674,
  	  	  	"judgement": null
  	  	},
  	  	{
  	  	  	"press": true,
  	  	  	"dir": 3,
  	  	  	"time": 98367.3333333341,
  	  	  	"judgement": "good"
  	  	},
  	  	{
  	  	  	"press": true,
  	  	  	"dir": 0,
  	  	  	"time": 98384.0000000007,
  	  	  	"judgement": "sick"
  	  	},
  	  	{
  	  	  	"press": false,
  	  	  	"dir": 2,
  	  	  	"time": 98384.0000000007,
  	  	  	"judgement": null
  	  	},
  	  	{
  	  	  	"press": false,
  	  	  	"dir": 3,
  	  	  	"time": 98434.0000000008,
  	  	  	"judgement": null
  	  	},
  	  	{
  	  	  	"press": false,
  	  	  	"dir": 0,
  	  	  	"time": 98467.3333333341,
  	  	  	"judgement": null
  	  	},
  	  	{
  	  	  	"press": true,
  	  	  	"dir": 1,
  	  	  	"time": 98550.6666666675,
  	  	  	"judgement": "sick"
  	  	},
  	  	{
  	  	  	"press": false,
  	  	  	"dir": 1,
  	  	  	"time": 98650.6666666675,
  	  	  	"judgement": null
  	  	},
  	  	{
  	  	  	"press": true,
  	  	  	"dir": 0,
  	  	  	"time": 98767.3333333342,
  	  	  	"judgement": "sick"
  	  	},
  	  	{
  	  	  	"press": false,
  	  	  	"dir": 0,
  	  	  	"time": 98850.6666666675,
  	  	  	"judgement": null
  	  	},
  	  	{
  	  	  	"press": true,
  	  	  	"dir": 1,
  	  	  	"time": 98950.6666666676,
  	  	  	"judgement": "sick"
  	  	},
  	  	{
  	  	  	"press": false,
  	  	  	"dir": 1,
  	  	  	"time": 99034.0000000009,
  	  	  	"judgement": null
  	  	},
  	  	{
  	  	  	"press": true,
  	  	  	"dir": 2,
  	  	  	"time": 99117.3333333343,
  	  	  	"judgement": "sick"
  	  	},
  	  	{
  	  	  	"press": true,
  	  	  	"dir": 3,
  	  	  	"time": 99167.3333333343,
  	  	  	"judgement": "sick"
  	  	},
  	  	{
  	  	  	"press": false,
  	  	  	"dir": 2,
  	  	  	"time": 99217.3333333343,
  	  	  	"judgement": null
  	  	},
  	  	{
  	  	  	"press": false,
  	  	  	"dir": 3,
  	  	  	"time": 99284.000000001,
  	  	  	"judgement": null
  	  	},
  	  	{
  	  	  	"press": true,
  	  	  	"dir": 0,
  	  	  	"time": 99300.6666666677,
  	  	  	"judgement": "sick"
  	  	},
  	  	{
  	  	  	"press": true,
  	  	  	"dir": 1,
  	  	  	"time": 99400.6666666677,
  	  	  	"judgement": "sick"
  	  	},
  	  	{
  	  	  	"press": false,
  	  	  	"dir": 0,
  	  	  	"time": 99450.6666666677,
  	  	  	"judgement": null
  	  	},
  	  	{
  	  	  	"press": false,
  	  	  	"dir": 1,
  	  	  	"time": 99484.0000000011,
  	  	  	"judgement": null
  	  	},
  	  	{
  	  	  	"press": true,
  	  	  	"dir": 3,
  	  	  	"time": 99500.6666666677,
  	  	  	"judgement": "sick"
  	  	},
  	  	{
  	  	  	"press": false,
  	  	  	"dir": 3,
  	  	  	"time": 99634.0000000011,
  	  	  	"judgement": null
  	  	},
  	  	{
  	  	  	"press": true,
  	  	  	"dir": 2,
  	  	  	"time": 99667.3333333344,
  	  	  	"judgement": "sick"
  	  	},
  	  	{
  	  	  	"press": true,
  	  	  	"dir": 1,
  	  	  	"time": 99750.6666666678,
  	  	  	"judgement": "sick"
  	  	},
  	  	{
  	  	  	"press": false,
  	  	  	"dir": 2,
  	  	  	"time": 99767.3333333345,
  	  	  	"judgement": null
  	  	},
  	  	{
  	  	  	"press": false,
  	  	  	"dir": 1,
  	  	  	"time": 99834.0000000012,
  	  	  	"judgement": null
  	  	},
  	  	{
  	  	  	"press": true,
  	  	  	"dir": 3,
  	  	  	"time": 99850.6666666678,
  	  	  	"judgement": "sick"
  	  	},
  	  	{
  	  	  	"press": false,
  	  	  	"dir": 3,
  	  	  	"time": 99967.3333333345,
  	  	  	"judgement": null
  	  	},
  	  	{
  	  	  	"press": true,
  	  	  	"dir": 0,
  	  	  	"time": 100017.333333335,
  	  	  	"judgement": "sick"
  	  	},
  	  	{
  	  	  	"press": true,
  	  	  	"dir": 1,
  	  	  	"time": 100117.333333335,
  	  	  	"judgement": "sick"
  	  	},
  	  	{
  	  	  	"press": false,
  	  	  	"dir": 0,
  	  	  	"time": 100150.666666668,
  	  	  	"judgement": null
  	  	},
  	  	{
  	  	  	"press": true,
  	  	  	"dir": 3,
  	  	  	"time": 100200.666666668,
  	  	  	"judgement": "sick"
  	  	},
  	  	{
  	  	  	"press": false,
  	  	  	"dir": 1,
  	  	  	"time": 100200.666666668,
  	  	  	"judgement": null
  	  	},
  	  	{
  	  	  	"press": false,
  	  	  	"dir": 3,
  	  	  	"time": 100334.000000001,
  	  	  	"judgement": null
  	  	},
  	  	{
  	  	  	"press": true,
  	  	  	"dir": 0,
  	  	  	"time": 100367.333333335,
  	  	  	"judgement": "sick"
  	  	},
  	  	{
  	  	  	"press": false,
  	  	  	"dir": 0,
  	  	  	"time": 100467.333333335,
  	  	  	"judgement": null
  	  	},
  	  	{
  	  	  	"press": true,
  	  	  	"dir": 2,
  	  	  	"time": 100500.666666668,
  	  	  	"judgement": "sick"
  	  	},
  	  	{
  	  	  	"press": true,
  	  	  	"dir": 1,
  	  	  	"time": 100600.666666668,
  	  	  	"judgement": "sick"
  	  	},
  	  	{
  	  	  	"press": false,
  	  	  	"dir": 2,
  	  	  	"time": 100600.666666668,
  	  	  	"judgement": null
  	  	},
  	  	{
  	  	  	"press": false,
  	  	  	"dir": 1,
  	  	  	"time": 100684.000000001,
  	  	  	"judgement": null
  	  	},
  	  	{
  	  	  	"press": true,
  	  	  	"dir": 2,
  	  	  	"time": 100750.666666668,
  	  	  	"judgement": "sick"
  	  	},
  	  	{
  	  	  	"press": false,
  	  	  	"dir": 2,
  	  	  	"time": 100817.333333335,
  	  	  	"judgement": null
  	  	},
  	  	{
  	  	  	"press": true,
  	  	  	"dir": 1,
  	  	  	"time": 100834.000000001,
  	  	  	"judgement": "sick"
  	  	},
  	  	{
  	  	  	"press": true,
  	  	  	"dir": 3,
  	  	  	"time": 100934.000000001,
  	  	  	"judgement": "sick"
  	  	},
  	  	{
  	  	  	"press": false,
  	  	  	"dir": 1,
  	  	  	"time": 100934.000000001,
  	  	  	"judgement": null
  	  	},
  	  	{
  	  	  	"press": false,
  	  	  	"dir": 3,
  	  	  	"time": 101034.000000002,
  	  	  	"judgement": null
  	  	},
  	  	{
  	  	  	"press": true,
  	  	  	"dir": 1,
  	  	  	"time": 101084.000000002,
  	  	  	"judgement": "sick"
  	  	},
  	  	{
  	  	  	"press": false,
  	  	  	"dir": 1,
  	  	  	"time": 101134.000000002,
  	  	  	"judgement": null
  	  	},
  	  	{
  	  	  	"press": true,
  	  	  	"dir": 0,
  	  	  	"time": 101284.000000002,
  	  	  	"judgement": "sick"
  	  	},
  	  	{
  	  	  	"press": false,
  	  	  	"dir": 0,
  	  	  	"time": 101367.333333335,
  	  	  	"judgement": null
  	  	},
  	  	{
  	  	  	"press": true,
  	  	  	"dir": 1,
  	  	  	"time": 101467.333333335,
  	  	  	"judgement": "sick"
  	  	},
  	  	{
  	  	  	"press": false,
  	  	  	"dir": 1,
  	  	  	"time": 101534.000000002,
  	  	  	"judgement": null
  	  	},
  	  	{
  	  	  	"press": true,
  	  	  	"dir": 0,
  	  	  	"time": 101684.000000002,
  	  	  	"judgement": "sick"
  	  	},
  	  	{
  	  	  	"press": false,
  	  	  	"dir": 0,
  	  	  	"time": 101750.666666668,
  	  	  	"judgement": null
  	  	},
  	  	{
  	  	  	"press": true,
  	  	  	"dir": 1,
  	  	  	"time": 101850.666666668,
  	  	  	"judgement": "sick"
  	  	},
  	  	{
  	  	  	"press": false,
  	  	  	"dir": 1,
  	  	  	"time": 101917.333333335,
  	  	  	"judgement": null
  	  	},
  	  	{
  	  	  	"press": true,
  	  	  	"dir": 2,
  	  	  	"time": 102050.666666668,
  	  	  	"judgement": "sick"
  	  	},
  	  	{
  	  	  	"press": true,
  	  	  	"dir": 3,
  	  	  	"time": 102100.666666668,
  	  	  	"judgement": "sick"
  	  	},
  	  	{
  	  	  	"press": false,
  	  	  	"dir": 2,
  	  	  	"time": 102134.000000002,
  	  	  	"judgement": null
  	  	},
  	  	{
  	  	  	"press": true,
  	  	  	"dir": 0,
  	  	  	"time": 102184.000000002,
  	  	  	"judgement": "sick"
  	  	},
  	  	{
  	  	  	"press": false,
  	  	  	"dir": 3,
  	  	  	"time": 102184.000000002,
  	  	  	"judgement": null
  	  	},
  	  	{
  	  	  	"press": true,
  	  	  	"dir": 1,
  	  	  	"time": 102300.666666669,
  	  	  	"judgement": "sick"
  	  	},
  	  	{
  	  	  	"press": false,
  	  	  	"dir": 0,
  	  	  	"time": 102317.333333335,
  	  	  	"judgement": null
  	  	},
  	  	{
  	  	  	"press": false,
  	  	  	"dir": 1,
  	  	  	"time": 102367.333333335,
  	  	  	"judgement": null
  	  	},
  	  	{
  	  	  	"press": true,
  	  	  	"dir": 3,
  	  	  	"time": 102384.000000002,
  	  	  	"judgement": "sick"
  	  	},
  	  	{
  	  	  	"press": true,
  	  	  	"dir": 1,
  	  	  	"time": 102400.666666669,
  	  	  	"judgement": null
  	  	},
  	  	{
  	  	  	"press": false,
  	  	  	"dir": 0,
  	  	  	"time": 102400.666666669,
  	  	  	"judgement": null
  	  	},
  	  	{
  	  	  	"press": false,
  	  	  	"dir": 2,
  	  	  	"time": 102400.666666669,
  	  	  	"judgement": null
  	  	},
  	  	{
  	  	  	"press": false,
  	  	  	"dir": 3,
  	  	  	"time": 102400.666666669,
  	  	  	"judgement": null
  	  	},
  	  	{
  	  	  	"press": true,
  	  	  	"dir": 0,
  	  	  	"time": 102954,
  	  	  	"judgement": "good"
  	  	},
  	  	{
  	  	  	"press": true,
  	  	  	"dir": 3,
  	  	  	"time": 102954,
  	  	  	"judgement": "sick"
  	  	},
  	  	{
  	  	  	"press": true,
  	  	  	"dir": 2,
  	  	  	"time": 102970.666666667,
  	  	  	"judgement": null
  	  	},
  	  	{
  	  	  	"press": false,
  	  	  	"dir": 0,
  	  	  	"time": 102970.666666667,
  	  	  	"judgement": null
  	  	},
  	  	{
  	  	  	"press": false,
  	  	  	"dir": 1,
  	  	  	"time": 102970.666666667,
  	  	  	"judgement": null
  	  	},
  	  	{
  	  	  	"press": false,
  	  	  	"dir": 3,
  	  	  	"time": 102970.666666667,
  	  	  	"judgement": null
  	  	},
  	  	{
  	  	  	"press": false,
  	  	  	"dir": 2,
  	  	  	"time": 102987.333333333,
  	  	  	"judgement": null
  	  	},
  	  	{
  	  	  	"press": true,
  	  	  	"dir": 1,
  	  	  	"time": 103164,
  	  	  	"judgement": "good"
  	  	},
  	  	{
  	  	  	"press": true,
  	  	  	"dir": 0,
  	  	  	"time": 103230.666666667,
  	  	  	"judgement": "good"
  	  	},
  	  	{
  	  	  	"press": true,
  	  	  	"dir": 3,
  	  	  	"time": 103230.666666667,
  	  	  	"judgement": "shit"
  	  	},
  	  	{
  	  	  	"press": true,
  	  	  	"dir": 2,
  	  	  	"time": 103280.666666667,
  	  	  	"judgement": "good"
  	  	},
  	  	{
  	  	  	"press": false,
  	  	  	"dir": 0,
  	  	  	"time": 103280.666666667,
  	  	  	"judgement": null
  	  	},
  	  	{
  	  	  	"press": false,
  	  	  	"dir": 1,
  	  	  	"time": 103280.666666667,
  	  	  	"judgement": null
  	  	},
  	  	{
  	  	  	"press": false,
  	  	  	"dir": 3,
  	  	  	"time": 103330.666666667,
  	  	  	"judgement": null
  	  	},
  	  	{
  	  	  	"press": false,
  	  	  	"dir": 2,
  	  	  	"time": 103380.666666667,
  	  	  	"judgement": null
  	  	},
  	  	{
  	  	  	"press": true,
  	  	  	"dir": 0,
  	  	  	"time": 103430.666666667,
  	  	  	"judgement": null
  	  	},
  	  	{
  	  	  	"press": true,
  	  	  	"dir": 1,
  	  	  	"time": 103430.666666667,
  	  	  	"judgement": "bad"
  	  	},
  	  	{
  	  	  	"press": false,
  	  	  	"dir": 0,
  	  	  	"time": 103497.333333333,
  	  	  	"judgement": null
  	  	},
  	  	{
  	  	  	"press": false,
  	  	  	"dir": 1,
  	  	  	"time": 103497.333333333,
  	  	  	"judgement": null
  	  	},
  	  	{
  	  	  	"press": true,
  	  	  	"dir": 3,
  	  	  	"time": 103530.666666667,
  	  	  	"judgement": "bad"
  	  	},
  	  	{
  	  	  	"press": true,
  	  	  	"dir": 2,
  	  	  	"time": 103564,
  	  	  	"judgement": "bad"
  	  	},
  	  	{
  	  	  	"press": false,
  	  	  	"dir": 3,
  	  	  	"time": 103647.333333333,
  	  	  	"judgement": null
  	  	},
  	  	{
  	  	  	"press": true,
  	  	  	"dir": 1,
  	  	  	"time": 103664,
  	  	  	"judgement": null
  	  	},
  	  	{
  	  	  	"press": false,
  	  	  	"dir": 2,
  	  	  	"time": 103697.333333334,
  	  	  	"judgement": null
  	  	},
  	  	{
  	  	  	"press": false,
  	  	  	"dir": 1,
  	  	  	"time": 103747.333333334,
  	  	  	"judgement": null
  	  	},
  	  	{
  	  	  	"press": true,
  	  	  	"dir": 3,
  	  	  	"time": 103814,
  	  	  	"judgement": null
  	  	},
  	  	{
  	  	  	"press": true,
  	  	  	"dir": 2,
  	  	  	"time": 103897.333333334,
  	  	  	"judgement": "shit"
  	  	},
  	  	{
  	  	  	"press": true,
  	  	  	"dir": 0,
  	  	  	"time": 103914,
  	  	  	"judgement": "good"
  	  	},
  	  	{
  	  	  	"press": false,
  	  	  	"dir": 3,
  	  	  	"time": 103914,
  	  	  	"judgement": null
  	  	},
  	  	{
  	  	  	"press": false,
  	  	  	"dir": 0,
  	  	  	"time": 103997.333333334,
  	  	  	"judgement": null
  	  	},
  	  	{
  	  	  	"press": true,
  	  	  	"dir": 3,
  	  	  	"time": 104064,
  	  	  	"judgement": "good"
  	  	},
  	  	{
  	  	  	"press": false,
  	  	  	"dir": 2,
  	  	  	"time": 104064,
  	  	  	"judgement": null
  	  	},
  	  	{
  	  	  	"press": true,
  	  	  	"dir": 0,
  	  	  	"time": 104214,
  	  	  	"judgement": "sick"
  	  	},
  	  	{
  	  	  	"press": false,
  	  	  	"dir": 0,
  	  	  	"time": 104314,
  	  	  	"judgement": null
  	  	},
  	  	{
  	  	  	"press": false,
  	  	  	"dir": 3,
  	  	  	"time": 104380.666666667,
  	  	  	"judgement": null
  	  	},
  	  	{
  	  	  	"press": true,
  	  	  	"dir": 0,
  	  	  	"time": 104397.333333334,
  	  	  	"judgement": "sick"
  	  	},
  	  	{
  	  	  	"press": false,
  	  	  	"dir": 0,
  	  	  	"time": 104480.666666667,
  	  	  	"judgement": null
  	  	},
  	  	{
  	  	  	"press": true,
  	  	  	"dir": 0,
  	  	  	"time": 104597.333333334,
  	  	  	"judgement": "sick"
  	  	},
  	  	{
  	  	  	"press": false,
  	  	  	"dir": 0,
  	  	  	"time": 104664,
  	  	  	"judgement": null
  	  	},
  	  	{
  	  	  	"press": true,
  	  	  	"dir": 0,
  	  	  	"time": 104764,
  	  	  	"judgement": "sick"
  	  	},
  	  	{
  	  	  	"press": false,
  	  	  	"dir": 0,
  	  	  	"time": 104847.333333334,
  	  	  	"judgement": null
  	  	},
  	  	{
  	  	  	"press": true,
  	  	  	"dir": 3,
  	  	  	"time": 104880.666666667,
  	  	  	"judgement": "sick"
  	  	},
  	  	{
  	  	  	"press": false,
  	  	  	"dir": 3,
  	  	  	"time": 105014.000000001,
  	  	  	"judgement": null
  	  	},
  	  	{
  	  	  	"press": true,
  	  	  	"dir": 2,
  	  	  	"time": 105097.333333334,
  	  	  	"judgement": "sick"
  	  	},
  	  	{
  	  	  	"press": true,
  	  	  	"dir": 1,
  	  	  	"time": 105180.666666667,
  	  	  	"judgement": "sick"
  	  	},
  	  	{
  	  	  	"press": false,
  	  	  	"dir": 2,
  	  	  	"time": 105180.666666667,
  	  	  	"judgement": null
  	  	},
  	  	{
  	  	  	"press": false,
  	  	  	"dir": 1,
  	  	  	"time": 105280.666666667,
  	  	  	"judgement": null
  	  	},
  	  	{
  	  	  	"press": true,
  	  	  	"dir": 3,
  	  	  	"time": 105297.333333334,
  	  	  	"judgement": "sick"
  	  	},
  	  	{
  	  	  	"press": true,
  	  	  	"dir": 2,
  	  	  	"time": 105480.666666667,
  	  	  	"judgement": "sick"
  	  	},
  	  	{
  	  	  	"press": false,
  	  	  	"dir": 3,
  	  	  	"time": 105480.666666667,
  	  	  	"judgement": null
  	  	},
  	  	{
  	  	  	"press": true,
  	  	  	"dir": 0,
  	  	  	"time": 105547.333333334,
  	  	  	"judgement": "sick"
  	  	},
  	  	{
  	  	  	"press": false,
  	  	  	"dir": 2,
  	  	  	"time": 105564.000000001,
  	  	  	"judgement": null
  	  	},
  	  	{
  	  	  	"press": true,
  	  	  	"dir": 1,
  	  	  	"time": 105614.000000001,
  	  	  	"judgement": "sick"
  	  	},
  	  	{
  	  	  	"press": false,
  	  	  	"dir": 0,
  	  	  	"time": 105664.000000001,
  	  	  	"judgement": null
  	  	},
  	  	{
  	  	  	"press": false,
  	  	  	"dir": 1,
  	  	  	"time": 105730.666666667,
  	  	  	"judgement": null
  	  	},
  	  	{
  	  	  	"press": true,
  	  	  	"dir": 2,
  	  	  	"time": 105797.333333334,
  	  	  	"judgement": "sick"
  	  	},
  	  	{
  	  	  	"press": true,
  	  	  	"dir": 3,
  	  	  	"time": 105897.333333334,
  	  	  	"judgement": "sick"
  	  	},
  	  	{
  	  	  	"press": false,
  	  	  	"dir": 2,
  	  	  	"time": 105914.000000001,
  	  	  	"judgement": null
  	  	},
  	  	{
  	  	  	"press": true,
  	  	  	"dir": 1,
  	  	  	"time": 105980.666666668,
  	  	  	"judgement": "sick"
  	  	},
  	  	{
  	  	  	"press": false,
  	  	  	"dir": 3,
  	  	  	"time": 105997.333333334,
  	  	  	"judgement": null
  	  	},
  	  	{
  	  	  	"press": false,
  	  	  	"dir": 1,
  	  	  	"time": 106064.000000001,
  	  	  	"judgement": null
  	  	},
  	  	{
  	  	  	"press": true,
  	  	  	"dir": 2,
  	  	  	"time": 106147.333333334,
  	  	  	"judgement": "sick"
  	  	},
  	  	{
  	  	  	"press": false,
  	  	  	"dir": 2,
  	  	  	"time": 106247.333333334,
  	  	  	"judgement": null
  	  	},
  	  	{
  	  	  	"press": true,
  	  	  	"dir": 0,
  	  	  	"time": 106264.000000001,
  	  	  	"judgement": "sick"
  	  	},
  	  	{
  	  	  	"press": true,
  	  	  	"dir": 1,
  	  	  	"time": 106330.666666668,
  	  	  	"judgement": "sick"
  	  	},
  	  	{
  	  	  	"press": false,
  	  	  	"dir": 0,
  	  	  	"time": 106364.000000001,
  	  	  	"judgement": null
  	  	},
  	  	{
  	  	  	"press": false,
  	  	  	"dir": 1,
  	  	  	"time": 106414.000000001,
  	  	  	"judgement": null
  	  	},
  	  	{
  	  	  	"press": true,
  	  	  	"dir": 0,
  	  	  	"time": 106514.000000001,
  	  	  	"judgement": "sick"
  	  	},
  	  	{
  	  	  	"press": false,
  	  	  	"dir": 0,
  	  	  	"time": 106614.000000001,
  	  	  	"judgement": null
  	  	},
  	  	{
  	  	  	"press": true,
  	  	  	"dir": 3,
  	  	  	"time": 106630.666666668,
  	  	  	"judgement": "bad"
  	  	},
  	  	{
  	  	  	"press": false,
  	  	  	"dir": 3,
  	  	  	"time": 106747.333333334,
  	  	  	"judgement": null
  	  	},
  	  	{
  	  	  	"press": true,
  	  	  	"dir": 1,
  	  	  	"time": 106814.000000001,
  	  	  	"judgement": "bad"
  	  	},
  	  	{
  	  	  	"press": false,
  	  	  	"dir": 1,
  	  	  	"time": 106897.333333334,
  	  	  	"judgement": null
  	  	},
  	  	{
  	  	  	"press": true,
  	  	  	"dir": 0,
  	  	  	"time": 107080.666666668,
  	  	  	"judgement": "sick"
  	  	},
  	  	{
  	  	  	"press": true,
  	  	  	"dir": 1,
  	  	  	"time": 107130.666666668,
  	  	  	"judgement": "good"
  	  	},
  	  	{
  	  	  	"press": false,
  	  	  	"dir": 0,
  	  	  	"time": 107180.666666668,
  	  	  	"judgement": null
  	  	},
  	  	{
  	  	  	"press": false,
  	  	  	"dir": 1,
  	  	  	"time": 107214.000000001,
  	  	  	"judgement": null
  	  	},
  	  	{
  	  	  	"press": true,
  	  	  	"dir": 3,
  	  	  	"time": 107264.000000001,
  	  	  	"judgement": "sick"
  	  	},
  	  	{
  	  	  	"press": true,
  	  	  	"dir": 1,
  	  	  	"time": 107597.333333335,
  	  	  	"judgement": "sick"
  	  	},
  	  	{
  	  	  	"press": false,
  	  	  	"dir": 3,
  	  	  	"time": 107630.666666668,
  	  	  	"judgement": null
  	  	},
  	  	{
  	  	  	"press": true,
  	  	  	"dir": 0,
  	  	  	"time": 107664.000000001,
  	  	  	"judgement": "good"
  	  	},
  	  	{
  	  	  	"press": false,
  	  	  	"dir": 1,
  	  	  	"time": 107714.000000001,
  	  	  	"judgement": null
  	  	},
  	  	{
  	  	  	"press": true,
  	  	  	"dir": 2,
  	  	  	"time": 107730.666666668,
  	  	  	"judgement": "good"
  	  	},
  	  	{
  	  	  	"press": false,
  	  	  	"dir": 0,
  	  	  	"time": 107764.000000001,
  	  	  	"judgement": null
  	  	},
  	  	{
  	  	  	"press": false,
  	  	  	"dir": 2,
  	  	  	"time": 107847.333333335,
  	  	  	"judgement": null
  	  	},
  	  	{
  	  	  	"press": true,
  	  	  	"dir": 1,
  	  	  	"time": 107930.666666668,
  	  	  	"judgement": "good"
  	  	},
  	  	{
  	  	  	"press": false,
  	  	  	"dir": 1,
  	  	  	"time": 107997.333333335,
  	  	  	"judgement": null
  	  	},
  	  	{
  	  	  	"press": true,
  	  	  	"dir": 3,
  	  	  	"time": 108064.000000001,
  	  	  	"judgement": "sick"
  	  	},
  	  	{
  	  	  	"press": true,
  	  	  	"dir": 1,
  	  	  	"time": 108114.000000001,
  	  	  	"judgement": "good"
  	  	},
  	  	{
  	  	  	"press": false,
  	  	  	"dir": 3,
  	  	  	"time": 108114.000000001,
  	  	  	"judgement": null
  	  	},
  	  	{
  	  	  	"press": false,
  	  	  	"dir": 1,
  	  	  	"time": 108197.333333335,
  	  	  	"judgement": null
  	  	},
  	  	{
  	  	  	"press": true,
  	  	  	"dir": 0,
  	  	  	"time": 108314.000000002,
  	  	  	"judgement": "sick"
  	  	},
  	  	{
  	  	  	"press": false,
  	  	  	"dir": 0,
  	  	  	"time": 108380.666666668,
  	  	  	"judgement": null
  	  	},
  	  	{
  	  	  	"press": true,
  	  	  	"dir": 3,
  	  	  	"time": 108430.666666668,
  	  	  	"judgement": "sick"
  	  	},
  	  	{
  	  	  	"press": false,
  	  	  	"dir": 3,
  	  	  	"time": 108497.333333335,
  	  	  	"judgement": null
  	  	},
  	  	{
  	  	  	"press": true,
  	  	  	"dir": 1,
  	  	  	"time": 108514.000000002,
  	  	  	"judgement": "sick"
  	  	},
  	  	{
  	  	  	"press": false,
  	  	  	"dir": 1,
  	  	  	"time": 108564.000000002,
  	  	  	"judgement": null
  	  	},
  	  	{
  	  	  	"press": true,
  	  	  	"dir": 3,
  	  	  	"time": 108614.000000002,
  	  	  	"judgement": "sick"
  	  	},
  	  	{
  	  	  	"press": true,
  	  	  	"dir": 2,
  	  	  	"time": 108697.333333335,
  	  	  	"judgement": "sick"
  	  	},
  	  	{
  	  	  	"press": false,
  	  	  	"dir": 3,
  	  	  	"time": 108697.333333335,
  	  	  	"judgement": null
  	  	},
  	  	{
  	  	  	"press": true,
  	  	  	"dir": 0,
  	  	  	"time": 108730.666666668,
  	  	  	"judgement": "good"
  	  	},
  	  	{
  	  	  	"press": false,
  	  	  	"dir": 2,
  	  	  	"time": 108780.666666668,
  	  	  	"judgement": null
  	  	},
  	  	{
  	  	  	"press": true,
  	  	  	"dir": 1,
  	  	  	"time": 108847.333333335,
  	  	  	"judgement": "good"
  	  	},
  	  	{
  	  	  	"press": false,
  	  	  	"dir": 0,
  	  	  	"time": 108897.333333335,
  	  	  	"judgement": null
  	  	},
  	  	{
  	  	  	"press": false,
  	  	  	"dir": 1,
  	  	  	"time": 108947.333333335,
  	  	  	"judgement": null
  	  	},
  	  	{
  	  	  	"press": true,
  	  	  	"dir": 3,
  	  	  	"time": 108980.666666668,
  	  	  	"judgement": "sick"
  	  	},
  	  	{
  	  	  	"press": true,
  	  	  	"dir": 2,
  	  	  	"time": 109030.666666668,
  	  	  	"judgement": "sick"
  	  	},
  	  	{
  	  	  	"press": false,
  	  	  	"dir": 3,
  	  	  	"time": 109064.000000002,
  	  	  	"judgement": null
  	  	},
  	  	{
  	  	  	"press": false,
  	  	  	"dir": 2,
  	  	  	"time": 109114.000000002,
  	  	  	"judgement": null
  	  	},
  	  	{
  	  	  	"press": true,
  	  	  	"dir": 0,
  	  	  	"time": 109130.666666668,
  	  	  	"judgement": "sick"
  	  	},
  	  	{
  	  	  	"press": true,
  	  	  	"dir": 1,
  	  	  	"time": 109214.000000002,
  	  	  	"judgement": "sick"
  	  	},
  	  	{
  	  	  	"press": false,
  	  	  	"dir": 0,
  	  	  	"time": 109264.000000002,
  	  	  	"judgement": null
  	  	},
  	  	{
  	  	  	"press": false,
  	  	  	"dir": 1,
  	  	  	"time": 109297.333333335,
  	  	  	"judgement": null
  	  	},
  	  	{
  	  	  	"press": true,
  	  	  	"dir": 2,
  	  	  	"time": 109347.333333335,
  	  	  	"judgement": "good"
  	  	},
  	  	{
  	  	  	"press": true,
  	  	  	"dir": 0,
  	  	  	"time": 109447.333333335,
  	  	  	"judgement": "good"
  	  	},
  	  	{
  	  	  	"press": false,
  	  	  	"dir": 2,
  	  	  	"time": 109447.333333335,
  	  	  	"judgement": null
  	  	},
  	  	{
  	  	  	"press": true,
  	  	  	"dir": 1,
  	  	  	"time": 109530.666666669,
  	  	  	"judgement": "good"
  	  	},
  	  	{
  	  	  	"press": false,
  	  	  	"dir": 0,
  	  	  	"time": 109597.333333335,
  	  	  	"judgement": null
  	  	},
  	  	{
  	  	  	"press": true,
  	  	  	"dir": 3,
  	  	  	"time": 109630.666666669,
  	  	  	"judgement": "good"
  	  	},
  	  	{
  	  	  	"press": false,
  	  	  	"dir": 1,
  	  	  	"time": 109630.666666669,
  	  	  	"judgement": null
  	  	},
  	  	{
  	  	  	"press": true,
  	  	  	"dir": 2,
  	  	  	"time": 109697.333333335,
  	  	  	"judgement": null
  	  	},
  	  	{
  	  	  	"press": false,
  	  	  	"dir": 3,
  	  	  	"time": 109730.666666669,
  	  	  	"judgement": null
  	  	},
  	  	{
  	  	  	"press": false,
  	  	  	"dir": 2,
  	  	  	"time": 109764.000000002,
  	  	  	"judgement": null
  	  	},
  	  	{
  	  	  	"press": true,
  	  	  	"dir": 0,
  	  	  	"time": 109780.666666669,
  	  	  	"judgement": "sick"
  	  	},
  	  	{
  	  	  	"press": true,
  	  	  	"dir": 1,
  	  	  	"time": 109847.333333335,
  	  	  	"judgement": "sick"
  	  	},
  	  	{
  	  	  	"press": false,
  	  	  	"dir": 0,
  	  	  	"time": 109880.666666669,
  	  	  	"judgement": null
  	  	},
  	  	{
  	  	  	"press": false,
  	  	  	"dir": 1,
  	  	  	"time": 109930.666666669,
  	  	  	"judgement": null
  	  	},
  	  	{
  	  	  	"press": true,
  	  	  	"dir": 3,
  	  	  	"time": 109980.666666669,
  	  	  	"judgement": "sick"
  	  	},
  	  	{
  	  	  	"press": false,
  	  	  	"dir": 3,
  	  	  	"time": 110047.333333335,
  	  	  	"judgement": null
  	  	},
  	  	{
  	  	  	"press": true,
  	  	  	"dir": 1,
  	  	  	"time": 110064.000000002,
  	  	  	"judgement": "sick"
  	  	},
  	  	{
  	  	  	"press": false,
  	  	  	"dir": 1,
  	  	  	"time": 110097.333333335,
  	  	  	"judgement": null
  	  	},
  	  	{
  	  	  	"press": true,
  	  	  	"dir": 3,
  	  	  	"time": 110147.333333335,
  	  	  	"judgement": "sick"
  	  	},
  	  	{
  	  	  	"press": false,
  	  	  	"dir": 3,
  	  	  	"time": 110214.000000002,
  	  	  	"judgement": null
  	  	},
  	  	{
  	  	  	"press": true,
  	  	  	"dir": 0,
  	  	  	"time": 110230.666666669,
  	  	  	"judgement": "sick"
  	  	},
  	  	{
  	  	  	"press": false,
  	  	  	"dir": 0,
  	  	  	"time": 110297.333333335,
  	  	  	"judgement": null
  	  	},
  	  	{
  	  	  	"press": true,
  	  	  	"dir": 3,
  	  	  	"time": 110347.333333335,
  	  	  	"judgement": "sick"
  	  	},
  	  	{
  	  	  	"press": false,
  	  	  	"dir": 3,
  	  	  	"time": 110414.000000002,
  	  	  	"judgement": null
  	  	},
  	  	{
  	  	  	"press": true,
  	  	  	"dir": 1,
  	  	  	"time": 110430.666666669,
  	  	  	"judgement": "sick"
  	  	},
  	  	{
  	  	  	"press": false,
  	  	  	"dir": 1,
  	  	  	"time": 110464.000000002,
  	  	  	"judgement": null
  	  	},
  	  	{
  	  	  	"press": true,
  	  	  	"dir": 3,
  	  	  	"time": 110514.000000002,
  	  	  	"judgement": "sick"
  	  	},
  	  	{
  	  	  	"press": false,
  	  	  	"dir": 3,
  	  	  	"time": 110580.666666669,
  	  	  	"judgement": null
  	  	},
  	  	{
  	  	  	"press": true,
  	  	  	"dir": 0,
  	  	  	"time": 110597.333333336,
  	  	  	"judgement": "sick"
  	  	},
  	  	{
  	  	  	"press": false,
  	  	  	"dir": 0,
  	  	  	"time": 110664.000000002,
  	  	  	"judgement": null
  	  	},
  	  	{
  	  	  	"press": true,
  	  	  	"dir": 3,
  	  	  	"time": 110714.000000002,
  	  	  	"judgement": "sick"
  	  	},
  	  	{
  	  	  	"press": false,
  	  	  	"dir": 3,
  	  	  	"time": 110780.666666669,
  	  	  	"judgement": null
  	  	},
  	  	{
  	  	  	"press": true,
  	  	  	"dir": 1,
  	  	  	"time": 110797.333333336,
  	  	  	"judgement": "sick"
  	  	},
  	  	{
  	  	  	"press": false,
  	  	  	"dir": 1,
  	  	  	"time": 110864.000000002,
  	  	  	"judgement": null
  	  	},
  	  	{
  	  	  	"press": true,
  	  	  	"dir": 3,
  	  	  	"time": 110914.000000002,
  	  	  	"judgement": "sick"
  	  	},
  	  	{
  	  	  	"press": false,
  	  	  	"dir": 3,
  	  	  	"time": 110947.333333336,
  	  	  	"judgement": null
  	  	},
  	  	{
  	  	  	"press": true,
  	  	  	"dir": 0,
  	  	  	"time": 110964.000000002,
  	  	  	"judgement": "sick"
  	  	},
  	  	{
  	  	  	"press": false,
  	  	  	"dir": 0,
  	  	  	"time": 111030.666666669,
  	  	  	"judgement": null
  	  	},
  	  	{
  	  	  	"press": true,
  	  	  	"dir": 2,
  	  	  	"time": 111097.333333336,
  	  	  	"judgement": "sick"
  	  	},
  	  	{
  	  	  	"press": false,
  	  	  	"dir": 2,
  	  	  	"time": 111147.333333336,
  	  	  	"judgement": null
  	  	},
  	  	{
  	  	  	"press": true,
  	  	  	"dir": 0,
  	  	  	"time": 111164.000000002,
  	  	  	"judgement": "sick"
  	  	},
  	  	{
  	  	  	"press": false,
  	  	  	"dir": 0,
  	  	  	"time": 111214.000000002,
  	  	  	"judgement": null
  	  	},
  	  	{
  	  	  	"press": true,
  	  	  	"dir": 3,
  	  	  	"time": 111280.666666669,
  	  	  	"judgement": "sick"
  	  	},
  	  	{
  	  	  	"press": true,
  	  	  	"dir": 0,
  	  	  	"time": 111330.666666669,
  	  	  	"judgement": "sick"
  	  	},
  	  	{
  	  	  	"press": false,
  	  	  	"dir": 3,
  	  	  	"time": 111330.666666669,
  	  	  	"judgement": null
  	  	},
  	  	{
  	  	  	"press": false,
  	  	  	"dir": 0,
  	  	  	"time": 111364.000000002,
  	  	  	"judgement": null
  	  	},
  	  	{
  	  	  	"press": true,
  	  	  	"dir": 3,
  	  	  	"time": 111430.666666669,
  	  	  	"judgement": "sick"
  	  	},
  	  	{
  	  	  	"press": true,
  	  	  	"dir": 1,
  	  	  	"time": 111497.333333336,
  	  	  	"judgement": "sick"
  	  	},
  	  	{
  	  	  	"press": false,
  	  	  	"dir": 3,
  	  	  	"time": 111497.333333336,
  	  	  	"judgement": null
  	  	},
  	  	{
  	  	  	"press": false,
  	  	  	"dir": 1,
  	  	  	"time": 111564.000000002,
  	  	  	"judgement": null
  	  	},
  	  	{
  	  	  	"press": true,
  	  	  	"dir": 3,
  	  	  	"time": 111630.666666669,
  	  	  	"judgement": "sick"
  	  	},
  	  	{
  	  	  	"press": true,
  	  	  	"dir": 0,
  	  	  	"time": 111680.666666669,
  	  	  	"judgement": "sick"
  	  	},
  	  	{
  	  	  	"press": false,
  	  	  	"dir": 3,
  	  	  	"time": 111680.666666669,
  	  	  	"judgement": null
  	  	},
  	  	{
  	  	  	"press": false,
  	  	  	"dir": 0,
  	  	  	"time": 111747.333333336,
  	  	  	"judgement": null
  	  	},
  	  	{
  	  	  	"press": true,
  	  	  	"dir": 3,
  	  	  	"time": 111797.333333336,
  	  	  	"judgement": "sick"
  	  	},
  	  	{
  	  	  	"press": true,
  	  	  	"dir": 1,
  	  	  	"time": 111880.666666669,
  	  	  	"judgement": "sick"
  	  	},
  	  	{
  	  	  	"press": false,
  	  	  	"dir": 3,
  	  	  	"time": 111880.666666669,
  	  	  	"judgement": null
  	  	},
  	  	{
  	  	  	"press": false,
  	  	  	"dir": 1,
  	  	  	"time": 111947.333333336,
  	  	  	"judgement": null
  	  	},
  	  	{
  	  	  	"press": true,
  	  	  	"dir": 3,
  	  	  	"time": 111980.666666669,
  	  	  	"judgement": "sick"
  	  	},
  	  	{
  	  	  	"press": false,
  	  	  	"dir": 3,
  	  	  	"time": 112047.333333336,
  	  	  	"judgement": null
  	  	},
  	  	{
  	  	  	"press": true,
  	  	  	"dir": 0,
  	  	  	"time": 112064.000000003,
  	  	  	"judgement": "sick"
  	  	},
  	  	{
  	  	  	"press": false,
  	  	  	"dir": 0,
  	  	  	"time": 112130.666666669,
  	  	  	"judgement": null
  	  	},
  	  	{
  	  	  	"press": true,
  	  	  	"dir": 3,
  	  	  	"time": 112147.333333336,
  	  	  	"judgement": "sick"
  	  	},
  	  	{
  	  	  	"press": false,
  	  	  	"dir": 3,
  	  	  	"time": 112230.666666669,
  	  	  	"judgement": null
  	  	},
  	  	{
  	  	  	"press": true,
  	  	  	"dir": 1,
  	  	  	"time": 112247.333333336,
  	  	  	"judgement": "sick"
  	  	},
  	  	{
  	  	  	"press": false,
  	  	  	"dir": 1,
  	  	  	"time": 112314.000000003,
  	  	  	"judgement": null
  	  	},
  	  	{
  	  	  	"press": true,
  	  	  	"dir": 3,
  	  	  	"time": 112347.333333336,
  	  	  	"judgement": "sick"
  	  	},
  	  	{
  	  	  	"press": false,
  	  	  	"dir": 3,
  	  	  	"time": 112414.000000003,
  	  	  	"judgement": null
  	  	},
  	  	{
  	  	  	"press": true,
  	  	  	"dir": 0,
  	  	  	"time": 112430.666666669,
  	  	  	"judgement": "sick"
  	  	},
  	  	{
  	  	  	"press": false,
  	  	  	"dir": 0,
  	  	  	"time": 112480.666666669,
  	  	  	"judgement": null
  	  	},
  	  	{
  	  	  	"press": true,
  	  	  	"dir": 2,
  	  	  	"time": 112530.666666669,
  	  	  	"judgement": "sick"
  	  	},
  	  	{
  	  	  	"press": false,
  	  	  	"dir": 2,
  	  	  	"time": 112597.333333336,
  	  	  	"judgement": null
  	  	},
  	  	{
  	  	  	"press": true,
  	  	  	"dir": 0,
  	  	  	"time": 112614.000000003,
  	  	  	"judgement": "sick"
  	  	},
  	  	{
  	  	  	"press": false,
  	  	  	"dir": 0,
  	  	  	"time": 112680.666666669,
  	  	  	"judgement": null
  	  	},
  	  	{
  	  	  	"press": true,
  	  	  	"dir": 3,
  	  	  	"time": 112747.333333336,
  	  	  	"judgement": "good"
  	  	},
  	  	{
  	  	  	"press": true,
  	  	  	"dir": 0,
  	  	  	"time": 112797.333333336,
  	  	  	"judgement": "sick"
  	  	},
  	  	{
  	  	  	"press": false,
  	  	  	"dir": 3,
  	  	  	"time": 112797.333333336,
  	  	  	"judgement": null
  	  	},
  	  	{
  	  	  	"press": false,
  	  	  	"dir": 0,
  	  	  	"time": 112830.666666669,
  	  	  	"judgement": null
  	  	},
  	  	{
  	  	  	"press": true,
  	  	  	"dir": 3,
  	  	  	"time": 112897.333333336,
  	  	  	"judgement": "sick"
  	  	},
  	  	{
  	  	  	"press": true,
  	  	  	"dir": 1,
  	  	  	"time": 112964.000000003,
  	  	  	"judgement": "sick"
  	  	},
  	  	{
  	  	  	"press": false,
  	  	  	"dir": 3,
  	  	  	"time": 112980.66666667,
  	  	  	"judgement": null
  	  	},
  	  	{
  	  	  	"press": false,
  	  	  	"dir": 1,
  	  	  	"time": 113030.66666667,
  	  	  	"judgement": null
  	  	},
  	  	{
  	  	  	"press": true,
  	  	  	"dir": 3,
  	  	  	"time": 113080.66666667,
  	  	  	"judgement": "sick"
  	  	},
  	  	{
  	  	  	"press": true,
  	  	  	"dir": 0,
  	  	  	"time": 113130.66666667,
  	  	  	"judgement": "sick"
  	  	},
  	  	{
  	  	  	"press": false,
  	  	  	"dir": 3,
  	  	  	"time": 113147.333333336,
  	  	  	"judgement": null
  	  	},
  	  	{
  	  	  	"press": false,
  	  	  	"dir": 0,
  	  	  	"time": 113197.333333336,
  	  	  	"judgement": null
  	  	},
  	  	{
  	  	  	"press": true,
  	  	  	"dir": 3,
  	  	  	"time": 113247.333333336,
  	  	  	"judgement": "sick"
  	  	},
  	  	{
  	  	  	"press": false,
  	  	  	"dir": 3,
  	  	  	"time": 113314.000000003,
  	  	  	"judgement": null
  	  	},
  	  	{
  	  	  	"press": true,
  	  	  	"dir": 1,
  	  	  	"time": 113330.66666667,
  	  	  	"judgement": "sick"
  	  	},
  	  	{
  	  	  	"press": false,
  	  	  	"dir": 1,
  	  	  	"time": 113380.66666667,
  	  	  	"judgement": null
  	  	},
  	  	{
  	  	  	"press": true,
  	  	  	"dir": 3,
  	  	  	"time": 113430.66666667,
  	  	  	"judgement": "sick"
  	  	},
  	  	{
  	  	  	"press": true,
  	  	  	"dir": 0,
  	  	  	"time": 113497.333333336,
  	  	  	"judgement": "sick"
  	  	},
  	  	{
  	  	  	"press": false,
  	  	  	"dir": 3,
  	  	  	"time": 113497.333333336,
  	  	  	"judgement": null
  	  	},
  	  	{
  	  	  	"press": false,
  	  	  	"dir": 0,
  	  	  	"time": 113564.000000003,
  	  	  	"judgement": null
  	  	},
  	  	{
  	  	  	"press": true,
  	  	  	"dir": 3,
  	  	  	"time": 113597.333333336,
  	  	  	"judgement": "sick"
  	  	},
  	  	{
  	  	  	"press": false,
  	  	  	"dir": 3,
  	  	  	"time": 113647.333333336,
  	  	  	"judgement": null
  	  	},
  	  	{
  	  	  	"press": true,
  	  	  	"dir": 1,
  	  	  	"time": 113664.000000003,
  	  	  	"judgement": "sick"
  	  	},
  	  	{
  	  	  	"press": false,
  	  	  	"dir": 1,
  	  	  	"time": 113730.66666667,
  	  	  	"judgement": null
  	  	},
  	  	{
  	  	  	"press": true,
  	  	  	"dir": 3,
  	  	  	"time": 113764.000000003,
  	  	  	"judgement": "sick"
  	  	},
  	  	{
  	  	  	"press": false,
  	  	  	"dir": 3,
  	  	  	"time": 113830.66666667,
  	  	  	"judgement": null
  	  	},
  	  	{
  	  	  	"press": true,
  	  	  	"dir": 0,
  	  	  	"time": 113847.333333336,
  	  	  	"judgement": "sick"
  	  	},
  	  	{
  	  	  	"press": false,
  	  	  	"dir": 0,
  	  	  	"time": 113914.000000003,
  	  	  	"judgement": null
  	  	},
  	  	{
  	  	  	"press": true,
  	  	  	"dir": 2,
  	  	  	"time": 113947.333333336,
  	  	  	"judgement": "sick"
  	  	},
  	  	{
  	  	  	"press": false,
  	  	  	"dir": 2,
  	  	  	"time": 113997.333333337,
  	  	  	"judgement": null
  	  	},
  	  	{
  	  	  	"press": true,
  	  	  	"dir": 0,
  	  	  	"time": 114030.66666667,
  	  	  	"judgement": "sick"
  	  	},
  	  	{
  	  	  	"press": false,
  	  	  	"dir": 0,
  	  	  	"time": 114097.333333337,
  	  	  	"judgement": null
  	  	},
  	  	{
  	  	  	"press": true,
  	  	  	"dir": 3,
  	  	  	"time": 114147.333333337,
  	  	  	"judgement": "sick"
  	  	},
  	  	{
  	  	  	"press": false,
  	  	  	"dir": 3,
  	  	  	"time": 114180.66666667,
  	  	  	"judgement": null
  	  	},
  	  	{
  	  	  	"press": true,
  	  	  	"dir": 0,
  	  	  	"time": 114197.333333337,
  	  	  	"judgement": "sick"
  	  	},
  	  	{
  	  	  	"press": false,
  	  	  	"dir": 0,
  	  	  	"time": 114264.000000003,
  	  	  	"judgement": null
  	  	},
  	  	{
  	  	  	"press": true,
  	  	  	"dir": 3,
  	  	  	"time": 114330.66666667,
  	  	  	"judgement": "sick"
  	  	},
  	  	{
  	  	  	"press": false,
  	  	  	"dir": 3,
  	  	  	"time": 114364.000000003,
  	  	  	"judgement": null
  	  	},
  	  	{
  	  	  	"press": true,
  	  	  	"dir": 1,
  	  	  	"time": 114380.66666667,
  	  	  	"judgement": "sick"
  	  	},
  	  	{
  	  	  	"press": false,
  	  	  	"dir": 1,
  	  	  	"time": 114447.333333337,
  	  	  	"judgement": null
  	  	},
  	  	{
  	  	  	"press": true,
  	  	  	"dir": 3,
  	  	  	"time": 114497.333333337,
  	  	  	"judgement": "sick"
  	  	},
  	  	{
  	  	  	"press": false,
  	  	  	"dir": 3,
  	  	  	"time": 114564.000000003,
  	  	  	"judgement": null
  	  	},
  	  	{
  	  	  	"press": true,
  	  	  	"dir": 0,
  	  	  	"time": 114580.66666667,
  	  	  	"judgement": "sick"
  	  	},
  	  	{
  	  	  	"press": false,
  	  	  	"dir": 0,
  	  	  	"time": 114647.333333337,
  	  	  	"judgement": null
  	  	},
  	  	{
  	  	  	"press": true,
  	  	  	"dir": 3,
  	  	  	"time": 114680.66666667,
  	  	  	"judgement": "sick"
  	  	},
  	  	{
  	  	  	"press": false,
  	  	  	"dir": 3,
  	  	  	"time": 114730.66666667,
  	  	  	"judgement": null
  	  	},
  	  	{
  	  	  	"press": true,
  	  	  	"dir": 1,
  	  	  	"time": 114747.333333337,
  	  	  	"judgement": "sick"
  	  	},
  	  	{
  	  	  	"press": false,
  	  	  	"dir": 1,
  	  	  	"time": 114814.000000003,
  	  	  	"judgement": null
  	  	},
  	  	{
  	  	  	"press": true,
  	  	  	"dir": 3,
  	  	  	"time": 114847.333333337,
  	  	  	"judgement": "sick"
  	  	},
  	  	{
  	  	  	"press": false,
  	  	  	"dir": 3,
  	  	  	"time": 114914.000000003,
  	  	  	"judgement": null
  	  	},
  	  	{
  	  	  	"press": true,
  	  	  	"dir": 0,
  	  	  	"time": 114947.333333337,
  	  	  	"judgement": "sick"
  	  	},
  	  	{
  	  	  	"press": true,
  	  	  	"dir": 2,
  	  	  	"time": 115014.000000003,
  	  	  	"judgement": "sick"
  	  	},
  	  	{
  	  	  	"press": false,
  	  	  	"dir": 0,
  	  	  	"time": 115014.000000003,
  	  	  	"judgement": null
  	  	},
  	  	{
  	  	  	"press": true,
  	  	  	"dir": 3,
  	  	  	"time": 115397.333333337,
  	  	  	"judgement": "sick"
  	  	},
  	  	{
  	  	  	"press": false,
  	  	  	"dir": 2,
  	  	  	"time": 115430.66666667,
  	  	  	"judgement": null
  	  	},
  	  	{
  	  	  	"press": true,
  	  	  	"dir": 2,
  	  	  	"time": 115799.666666667,
  	  	  	"judgement": "sick"
  	  	},
  	  	{
  	  	  	"press": false,
  	  	  	"dir": 3,
  	  	  	"time": 115799.666666667,
  	  	  	"judgement": null
  	  	},
  	  	{
  	  	  	"press": true,
  	  	  	"dir": 0,
  	  	  	"time": 115866.333333333,
  	  	  	"judgement": "sick"
  	  	},
  	  	{
  	  	  	"press": false,
  	  	  	"dir": 2,
  	  	  	"time": 115866.333333333,
  	  	  	"judgement": null
  	  	},
  	  	{
  	  	  	"press": false,
  	  	  	"dir": 0,
  	  	  	"time": 115916.333333333,
  	  	  	"judgement": null
  	  	},
  	  	{
  	  	  	"press": true,
  	  	  	"dir": 3,
  	  	  	"time": 115933,
  	  	  	"judgement": "sick"
  	  	},
  	  	{
  	  	  	"press": false,
  	  	  	"dir": 3,
  	  	  	"time": 116016.333333333,
  	  	  	"judgement": null
  	  	},
  	  	{
  	  	  	"press": true,
  	  	  	"dir": 0,
  	  	  	"time": 116033,
  	  	  	"judgement": "sick"
  	  	},
  	  	{
  	  	  	"press": false,
  	  	  	"dir": 0,
  	  	  	"time": 116099.666666667,
  	  	  	"judgement": null
  	  	},
  	  	{
  	  	  	"press": true,
  	  	  	"dir": 2,
  	  	  	"time": 116133,
  	  	  	"judgement": "sick"
  	  	},
  	  	{
  	  	  	"press": true,
  	  	  	"dir": 0,
  	  	  	"time": 116199.666666667,
  	  	  	"judgement": "sick"
  	  	},
  	  	{
  	  	  	"press": false,
  	  	  	"dir": 2,
  	  	  	"time": 116199.666666667,
  	  	  	"judgement": null
  	  	},
  	  	{
  	  	  	"press": false,
  	  	  	"dir": 0,
  	  	  	"time": 116283,
  	  	  	"judgement": null
  	  	},
  	  	{
  	  	  	"press": true,
  	  	  	"dir": 3,
  	  	  	"time": 116299.666666667,
  	  	  	"judgement": "sick"
  	  	},
  	  	{
  	  	  	"press": false,
  	  	  	"dir": 3,
  	  	  	"time": 116366.333333334,
  	  	  	"judgement": null
  	  	},
  	  	{
  	  	  	"press": true,
  	  	  	"dir": 0,
  	  	  	"time": 116383,
  	  	  	"judgement": "sick"
  	  	},
  	  	{
  	  	  	"press": false,
  	  	  	"dir": 0,
  	  	  	"time": 116449.666666667,
  	  	  	"judgement": null
  	  	},
  	  	{
  	  	  	"press": true,
  	  	  	"dir": 3,
  	  	  	"time": 116499.666666667,
  	  	  	"judgement": "sick"
  	  	},
  	  	{
  	  	  	"press": false,
  	  	  	"dir": 3,
  	  	  	"time": 116566.333333334,
  	  	  	"judgement": null
  	  	},
  	  	{
  	  	  	"press": true,
  	  	  	"dir": 1,
  	  	  	"time": 116599.666666667,
  	  	  	"judgement": "sick"
  	  	},
  	  	{
  	  	  	"press": false,
  	  	  	"dir": 1,
  	  	  	"time": 116633,
  	  	  	"judgement": null
  	  	},
  	  	{
  	  	  	"press": true,
  	  	  	"dir": 3,
  	  	  	"time": 116683,
  	  	  	"judgement": "sick"
  	  	},
  	  	{
  	  	  	"press": false,
  	  	  	"dir": 3,
  	  	  	"time": 116749.666666667,
  	  	  	"judgement": null
  	  	},
  	  	{
  	  	  	"press": true,
  	  	  	"dir": 0,
  	  	  	"time": 116766.333333334,
  	  	  	"judgement": "sick"
  	  	},
  	  	{
  	  	  	"press": false,
  	  	  	"dir": 0,
  	  	  	"time": 116816.333333334,
  	  	  	"judgement": null
  	  	},
  	  	{
  	  	  	"press": true,
  	  	  	"dir": 3,
  	  	  	"time": 116866.333333334,
  	  	  	"judgement": "sick"
  	  	},
  	  	{
  	  	  	"press": false,
  	  	  	"dir": 3,
  	  	  	"time": 116933,
  	  	  	"judgement": null
  	  	},
  	  	{
  	  	  	"press": true,
  	  	  	"dir": 1,
  	  	  	"time": 116949.666666667,
  	  	  	"judgement": "sick"
  	  	},
  	  	{
  	  	  	"press": true,
  	  	  	"dir": 3,
  	  	  	"time": 116983,
  	  	  	"judgement": "sick"
  	  	},
  	  	{
  	  	  	"press": false,
  	  	  	"dir": 1,
  	  	  	"time": 116983,
  	  	  	"judgement": null
  	  	},
  	  	{
  	  	  	"press": false,
  	  	  	"dir": 3,
  	  	  	"time": 117089.666666667,
  	  	  	"judgement": null
  	  	},
  	  	{
  	  	  	"press": true,
  	  	  	"dir": 0,
  	  	  	"time": 117106.333333333,
  	  	  	"judgement": "sick"
  	  	},
  	  	{
  	  	  	"press": false,
  	  	  	"dir": 0,
  	  	  	"time": 117156.333333333,
  	  	  	"judgement": null
  	  	},
  	  	{
  	  	  	"press": true,
  	  	  	"dir": 2,
  	  	  	"time": 117206.333333333,
  	  	  	"judgement": "sick"
  	  	},
  	  	{
  	  	  	"press": false,
  	  	  	"dir": 2,
  	  	  	"time": 117273,
  	  	  	"judgement": null
  	  	},
  	  	{
  	  	  	"press": true,
  	  	  	"dir": 0,
  	  	  	"time": 117289.666666667,
  	  	  	"judgement": "sick"
  	  	},
  	  	{
  	  	  	"press": false,
  	  	  	"dir": 0,
  	  	  	"time": 117356.333333333,
  	  	  	"judgement": null
  	  	},
  	  	{
  	  	  	"press": true,
  	  	  	"dir": 3,
  	  	  	"time": 117389.666666667,
  	  	  	"judgement": "sick"
  	  	},
  	  	{
  	  	  	"press": false,
  	  	  	"dir": 3,
  	  	  	"time": 117456.333333333,
  	  	  	"judgement": null
  	  	},
  	  	{
  	  	  	"press": true,
  	  	  	"dir": 0,
  	  	  	"time": 117473,
  	  	  	"judgement": "sick"
  	  	},
  	  	{
  	  	  	"press": false,
  	  	  	"dir": 0,
  	  	  	"time": 117539.666666667,
  	  	  	"judgement": null
  	  	},
  	  	{
  	  	  	"press": true,
  	  	  	"dir": 2,
  	  	  	"time": 117589.666666667,
  	  	  	"judgement": "sick"
  	  	},
  	  	{
  	  	  	"press": true,
  	  	  	"dir": 0,
  	  	  	"time": 117639.666666667,
  	  	  	"judgement": "sick"
  	  	},
  	  	{
  	  	  	"press": false,
  	  	  	"dir": 2,
  	  	  	"time": 117656.333333334,
  	  	  	"judgement": null
  	  	},
  	  	{
  	  	  	"press": false,
  	  	  	"dir": 0,
  	  	  	"time": 117723,
  	  	  	"judgement": null
  	  	},
  	  	{
  	  	  	"press": true,
  	  	  	"dir": 3,
  	  	  	"time": 117773,
  	  	  	"judgement": "sick"
  	  	},
  	  	{
  	  	  	"press": true,
  	  	  	"dir": 0,
  	  	  	"time": 117839.666666667,
  	  	  	"judgement": "sick"
  	  	},
  	  	{
  	  	  	"press": false,
  	  	  	"dir": 3,
  	  	  	"time": 117839.666666667,
  	  	  	"judgement": null
  	  	},
  	  	{
  	  	  	"press": false,
  	  	  	"dir": 0,
  	  	  	"time": 117873,
  	  	  	"judgement": null
  	  	},
  	  	{
  	  	  	"press": true,
  	  	  	"dir": 3,
  	  	  	"time": 117923,
  	  	  	"judgement": "sick"
  	  	},
  	  	{
  	  	  	"press": false,
  	  	  	"dir": 3,
  	  	  	"time": 117989.666666667,
  	  	  	"judgement": null
  	  	},
  	  	{
  	  	  	"press": true,
  	  	  	"dir": 1,
  	  	  	"time": 118006.333333334,
  	  	  	"judgement": "sick"
  	  	},
  	  	{
  	  	  	"press": false,
  	  	  	"dir": 1,
  	  	  	"time": 118056.333333334,
  	  	  	"judgement": null
  	  	},
  	  	{
  	  	  	"press": true,
  	  	  	"dir": 3,
  	  	  	"time": 118089.666666667,
  	  	  	"judgement": "sick"
  	  	},
  	  	{
  	  	  	"press": false,
  	  	  	"dir": 3,
  	  	  	"time": 118173,
  	  	  	"judgement": null
  	  	},
  	  	{
  	  	  	"press": true,
  	  	  	"dir": 0,
  	  	  	"time": 118206.333333334,
  	  	  	"judgement": "sick"
  	  	},
  	  	{
  	  	  	"press": false,
  	  	  	"dir": 0,
  	  	  	"time": 118239.666666667,
  	  	  	"judgement": null
  	  	},
  	  	{
  	  	  	"press": true,
  	  	  	"dir": 3,
  	  	  	"time": 118273,
  	  	  	"judgement": "sick"
  	  	},
  	  	{
  	  	  	"press": false,
  	  	  	"dir": 3,
  	  	  	"time": 118339.666666667,
  	  	  	"judgement": null
  	  	},
  	  	{
  	  	  	"press": true,
  	  	  	"dir": 1,
  	  	  	"time": 118389.666666667,
  	  	  	"judgement": "sick"
  	  	},
  	  	{
  	  	  	"press": false,
  	  	  	"dir": 1,
  	  	  	"time": 118439.666666667,
  	  	  	"judgement": null
  	  	},
  	  	{
  	  	  	"press": true,
  	  	  	"dir": 3,
  	  	  	"time": 118473,
  	  	  	"judgement": "sick"
  	  	},
  	  	{
  	  	  	"press": false,
  	  	  	"dir": 3,
  	  	  	"time": 118539.666666667,
  	  	  	"judgement": null
  	  	},
  	  	{
  	  	  	"press": true,
  	  	  	"dir": 0,
  	  	  	"time": 118556.333333334,
  	  	  	"judgement": "sick"
  	  	},
  	  	{
  	  	  	"press": false,
  	  	  	"dir": 0,
  	  	  	"time": 118623,
  	  	  	"judgement": null
  	  	},
  	  	{
  	  	  	"press": true,
  	  	  	"dir": 2,
  	  	  	"time": 118656.333333334,
  	  	  	"judgement": "sick"
  	  	},
  	  	{
  	  	  	"press": false,
  	  	  	"dir": 2,
  	  	  	"time": 118739.666666667,
  	  	  	"judgement": null
  	  	},
  	  	{
  	  	  	"press": true,
  	  	  	"dir": 2,
  	  	  	"time": 118773,
  	  	  	"judgement": null
  	  	},
  	  	{
  	  	  	"press": true,
  	  	  	"dir": 3,
  	  	  	"time": 118773,
  	  	  	"judgement": "sick"
  	  	},
  	  	{
  	  	  	"press": false,
  	  	  	"dir": 2,
  	  	  	"time": 118789.666666667,
  	  	  	"judgement": null
  	  	},
  	  	{
  	  	  	"press": true,
  	  	  	"dir": 1,
  	  	  	"time": 118823.000000001,
  	  	  	"judgement": "sick"
  	  	},
  	  	{
  	  	  	"press": false,
  	  	  	"dir": 3,
  	  	  	"time": 118856.333333334,
  	  	  	"judgement": null
  	  	},
  	  	{
  	  	  	"press": true,
  	  	  	"dir": 0,
  	  	  	"time": 118923.000000001,
  	  	  	"judgement": "sick"
  	  	},
  	  	{
  	  	  	"press": false,
  	  	  	"dir": 1,
  	  	  	"time": 118973.000000001,
  	  	  	"judgement": null
  	  	},
  	  	{
  	  	  	"press": true,
  	  	  	"dir": 2,
  	  	  	"time": 119006.333333334,
  	  	  	"judgement": "sick"
  	  	},
  	  	{
  	  	  	"press": false,
  	  	  	"dir": 0,
  	  	  	"time": 119023.000000001,
  	  	  	"judgement": null
  	  	},
  	  	{
  	  	  	"press": true,
  	  	  	"dir": 3,
  	  	  	"time": 119089.666666667,
  	  	  	"judgement": "sick"
  	  	},
  	  	{
  	  	  	"press": false,
  	  	  	"dir": 2,
  	  	  	"time": 119123.000000001,
  	  	  	"judgement": null
  	  	},
  	  	{
  	  	  	"press": true,
  	  	  	"dir": 1,
  	  	  	"time": 119189.666666667,
  	  	  	"judgement": "sick"
  	  	},
  	  	{
  	  	  	"press": false,
  	  	  	"dir": 3,
  	  	  	"time": 119189.666666667,
  	  	  	"judgement": null
  	  	},
  	  	{
  	  	  	"press": true,
  	  	  	"dir": 0,
  	  	  	"time": 119289.666666667,
  	  	  	"judgement": "sick"
  	  	},
  	  	{
  	  	  	"press": false,
  	  	  	"dir": 0,
  	  	  	"time": 119323.000000001,
  	  	  	"judgement": null
  	  	},
  	  	{
  	  	  	"press": false,
  	  	  	"dir": 1,
  	  	  	"time": 119323.000000001,
  	  	  	"judgement": null
  	  	},
  	  	{
  	  	  	"press": true,
  	  	  	"dir": 3,
  	  	  	"time": 119356.333333334,
  	  	  	"judgement": "sick"
  	  	},
  	  	{
  	  	  	"press": true,
  	  	  	"dir": 2,
  	  	  	"time": 119439.666666667,
  	  	  	"judgement": "sick"
  	  	},
  	  	{
  	  	  	"press": false,
  	  	  	"dir": 3,
  	  	  	"time": 119473.000000001,
  	  	  	"judgement": null
  	  	},
  	  	{
  	  	  	"press": true,
  	  	  	"dir": 0,
  	  	  	"time": 119506.333333334,
  	  	  	"judgement": "good"
  	  	},
  	  	{
  	  	  	"press": false,
  	  	  	"dir": 2,
  	  	  	"time": 119539.666666667,
  	  	  	"judgement": null
  	  	},
  	  	{
  	  	  	"press": true,
  	  	  	"dir": 1,
  	  	  	"time": 119639.666666667,
  	  	  	"judgement": "sick"
  	  	},
  	  	{
  	  	  	"press": false,
  	  	  	"dir": 0,
  	  	  	"time": 119673.000000001,
  	  	  	"judgement": null
  	  	},
  	  	{
  	  	  	"press": true,
  	  	  	"dir": 3,
  	  	  	"time": 119723.000000001,
  	  	  	"judgement": "sick"
  	  	},
  	  	{
  	  	  	"press": false,
  	  	  	"dir": 1,
  	  	  	"time": 119723.000000001,
  	  	  	"judgement": null
  	  	},
  	  	{
  	  	  	"press": true,
  	  	  	"dir": 2,
  	  	  	"time": 119806.333333333,
  	  	  	"judgement": "sick"
  	  	},
  	  	{
  	  	  	"press": false,
  	  	  	"dir": 3,
  	  	  	"time": 119856.333333333,
  	  	  	"judgement": null
  	  	},
  	  	{
  	  	  	"press": false,
  	  	  	"dir": 2,
  	  	  	"time": 119906.333333333,
  	  	  	"judgement": null
  	  	},
  	  	{
  	  	  	"press": true,
  	  	  	"dir": 0,
  	  	  	"time": 119923,
  	  	  	"judgement": "sick"
  	  	},
  	  	{
  	  	  	"press": true,
  	  	  	"dir": 1,
  	  	  	"time": 120023,
  	  	  	"judgement": "sick"
  	  	},
  	  	{
  	  	  	"press": false,
  	  	  	"dir": 0,
  	  	  	"time": 120073,
  	  	  	"judgement": null
  	  	},
  	  	{
  	  	  	"press": true,
  	  	  	"dir": 3,
  	  	  	"time": 120123,
  	  	  	"judgement": "sick"
  	  	},
  	  	{
  	  	  	"press": false,
  	  	  	"dir": 1,
  	  	  	"time": 120123,
  	  	  	"judgement": null
  	  	},
  	  	{
  	  	  	"press": false,
  	  	  	"dir": 3,
  	  	  	"time": 120223,
  	  	  	"judgement": null
  	  	},
  	  	{
  	  	  	"press": true,
  	  	  	"dir": 1,
  	  	  	"time": 120239.666666667,
  	  	  	"judgement": "good"
  	  	},
  	  	{
  	  	  	"press": true,
  	  	  	"dir": 0,
  	  	  	"time": 120323,
  	  	  	"judgement": "sick"
  	  	},
  	  	{
  	  	  	"press": false,
  	  	  	"dir": 1,
  	  	  	"time": 120339.666666667,
  	  	  	"judgement": null
  	  	},
  	  	{
  	  	  	"press": true,
  	  	  	"dir": 1,
  	  	  	"time": 120406.333333334,
  	  	  	"judgement": "sick"
  	  	},
  	  	{
  	  	  	"press": false,
  	  	  	"dir": 0,
  	  	  	"time": 120473,
  	  	  	"judgement": null
  	  	},
  	  	{
  	  	  	"press": true,
  	  	  	"dir": 3,
  	  	  	"time": 120506.333333334,
  	  	  	"judgement": "good"
  	  	},
  	  	{
  	  	  	"press": false,
  	  	  	"dir": 1,
  	  	  	"time": 120506.333333334,
  	  	  	"judgement": null
  	  	},
  	  	{
  	  	  	"press": true,
  	  	  	"dir": 1,
  	  	  	"time": 120589.666666667,
  	  	  	"judgement": "sick"
  	  	},
  	  	{
  	  	  	"press": false,
  	  	  	"dir": 3,
  	  	  	"time": 120589.666666667,
  	  	  	"judgement": null
  	  	},
  	  	{
  	  	  	"press": true,
  	  	  	"dir": 0,
  	  	  	"time": 120673,
  	  	  	"judgement": "sick"
  	  	},
  	  	{
  	  	  	"press": false,
  	  	  	"dir": 1,
  	  	  	"time": 120706.333333334,
  	  	  	"judgement": null
  	  	},
  	  	{
  	  	  	"press": true,
  	  	  	"dir": 1,
  	  	  	"time": 120773,
  	  	  	"judgement": "sick"
  	  	},
  	  	{
  	  	  	"press": false,
  	  	  	"dir": 0,
  	  	  	"time": 120823,
  	  	  	"judgement": null
  	  	},
  	  	{
  	  	  	"press": false,
  	  	  	"dir": 1,
  	  	  	"time": 120856.333333334,
  	  	  	"judgement": null
  	  	},
  	  	{
  	  	  	"press": true,
  	  	  	"dir": 3,
  	  	  	"time": 121539.666666667,
  	  	  	"judgement": "sick"
  	  	},
  	  	{
  	  	  	"press": false,
  	  	  	"dir": 3,
  	  	  	"time": 121623.000000001,
  	  	  	"judgement": null
  	  	},
  	  	{
  	  	  	"press": true,
  	  	  	"dir": 1,
  	  	  	"time": 121639.666666667,
  	  	  	"judgement": "sick"
  	  	},
  	  	{
  	  	  	"press": false,
  	  	  	"dir": 1,
  	  	  	"time": 121689.666666667,
  	  	  	"judgement": null
  	  	},
  	  	{
  	  	  	"press": true,
  	  	  	"dir": 3,
  	  	  	"time": 121739.666666667,
  	  	  	"judgement": "sick"
  	  	},
  	  	{
  	  	  	"press": false,
  	  	  	"dir": 3,
  	  	  	"time": 121806.333333334,
  	  	  	"judgement": null
  	  	},
  	  	{
  	  	  	"press": true,
  	  	  	"dir": 0,
  	  	  	"time": 121823.000000001,
  	  	  	"judgement": "sick"
  	  	},
  	  	{
  	  	  	"press": false,
  	  	  	"dir": 0,
  	  	  	"time": 121889.666666667,
  	  	  	"judgement": null
  	  	},
  	  	{
  	  	  	"press": true,
  	  	  	"dir": 3,
  	  	  	"time": 121923.000000001,
  	  	  	"judgement": "sick"
  	  	},
  	  	{
  	  	  	"press": true,
  	  	  	"dir": 1,
  	  	  	"time": 122006.333333334,
  	  	  	"judgement": "sick"
  	  	},
  	  	{
  	  	  	"press": false,
  	  	  	"dir": 3,
  	  	  	"time": 122006.333333334,
  	  	  	"judgement": null
  	  	},
  	  	{
  	  	  	"press": false,
  	  	  	"dir": 1,
  	  	  	"time": 122056.333333334,
  	  	  	"judgement": null
  	  	},
  	  	{
  	  	  	"press": true,
  	  	  	"dir": 3,
  	  	  	"time": 122123.000000001,
  	  	  	"judgement": "sick"
  	  	},
  	  	{
  	  	  	"press": true,
  	  	  	"dir": 0,
  	  	  	"time": 122189.666666667,
  	  	  	"judgement": "sick"
  	  	},
  	  	{
  	  	  	"press": false,
  	  	  	"dir": 3,
  	  	  	"time": 122189.666666667,
  	  	  	"judgement": null
  	  	},
  	  	{
  	  	  	"press": false,
  	  	  	"dir": 0,
  	  	  	"time": 122239.666666667,
  	  	  	"judgement": null
  	  	},
  	  	{
  	  	  	"press": true,
  	  	  	"dir": 3,
  	  	  	"time": 122289.666666667,
  	  	  	"judgement": "sick"
  	  	},
  	  	{
  	  	  	"press": true,
  	  	  	"dir": 1,
  	  	  	"time": 122373.000000001,
  	  	  	"judgement": "sick"
  	  	},
  	  	{
  	  	  	"press": false,
  	  	  	"dir": 3,
  	  	  	"time": 122373.000000001,
  	  	  	"judgement": null
  	  	},
  	  	{
  	  	  	"press": false,
  	  	  	"dir": 1,
  	  	  	"time": 122423.000000001,
  	  	  	"judgement": null
  	  	},
  	  	{
  	  	  	"press": true,
  	  	  	"dir": 3,
  	  	  	"time": 122473.000000001,
  	  	  	"judgement": "sick"
  	  	},
  	  	{
  	  	  	"press": true,
  	  	  	"dir": 0,
  	  	  	"time": 122556.333333334,
  	  	  	"judgement": "sick"
  	  	},
  	  	{
  	  	  	"press": false,
  	  	  	"dir": 3,
  	  	  	"time": 122556.333333334,
  	  	  	"judgement": null
  	  	},
  	  	{
  	  	  	"press": false,
  	  	  	"dir": 0,
  	  	  	"time": 122623.000000001,
  	  	  	"judgement": null
  	  	},
  	  	{
  	  	  	"press": true,
  	  	  	"dir": 2,
  	  	  	"time": 122656.333333334,
  	  	  	"judgement": "sick"
  	  	},
  	  	{
  	  	  	"press": false,
  	  	  	"dir": 2,
  	  	  	"time": 122739.666666668,
  	  	  	"judgement": null
  	  	},
  	  	{
  	  	  	"press": true,
  	  	  	"dir": 0,
  	  	  	"time": 122756.333333334,
  	  	  	"judgement": "sick"
  	  	},
  	  	{
  	  	  	"press": true,
  	  	  	"dir": 3,
  	  	  	"time": 122806.333333334,
  	  	  	"judgement": "sick"
  	  	},
  	  	{
  	  	  	"press": false,
  	  	  	"dir": 0,
  	  	  	"time": 122806.333333334,
  	  	  	"judgement": null
  	  	},
  	  	{
  	  	  	"press": false,
  	  	  	"dir": 3,
  	  	  	"time": 122873.000000001,
  	  	  	"judgement": null
  	  	},
  	  	{
  	  	  	"press": true,
  	  	  	"dir": 0,
  	  	  	"time": 122889.666666668,
  	  	  	"judgement": "sick"
  	  	},
  	  	{
  	  	  	"press": false,
  	  	  	"dir": 0,
  	  	  	"time": 122956.333333334,
  	  	  	"judgement": null
  	  	},
  	  	{
  	  	  	"press": true,
  	  	  	"dir": 3,
  	  	  	"time": 123006.333333334,
  	  	  	"judgement": "sick"
  	  	},
  	  	{
  	  	  	"press": false,
  	  	  	"dir": 3,
  	  	  	"time": 123073.000000001,
  	  	  	"judgement": null
  	  	},
  	  	{
  	  	  	"press": true,
  	  	  	"dir": 1,
  	  	  	"time": 123089.666666668,
  	  	  	"judgement": "sick"
  	  	},
  	  	{
  	  	  	"press": false,
  	  	  	"dir": 1,
  	  	  	"time": 123156.333333334,
  	  	  	"judgement": null
  	  	},
  	  	{
  	  	  	"press": true,
  	  	  	"dir": 3,
  	  	  	"time": 123189.666666668,
  	  	  	"judgement": "sick"
  	  	},
  	  	{
  	  	  	"press": false,
  	  	  	"dir": 3,
  	  	  	"time": 123256.333333334,
  	  	  	"judgement": null
  	  	},
  	  	{
  	  	  	"press": true,
  	  	  	"dir": 0,
  	  	  	"time": 123273.000000001,
  	  	  	"judgement": "sick"
  	  	},
  	  	{
  	  	  	"press": false,
  	  	  	"dir": 0,
  	  	  	"time": 123339.666666668,
  	  	  	"judgement": null
  	  	},
  	  	{
  	  	  	"press": true,
  	  	  	"dir": 3,
  	  	  	"time": 123389.666666668,
  	  	  	"judgement": "sick"
  	  	},
  	  	{
  	  	  	"press": true,
  	  	  	"dir": 1,
  	  	  	"time": 123456.333333334,
  	  	  	"judgement": "sick"
  	  	},
  	  	{
  	  	  	"press": false,
  	  	  	"dir": 3,
  	  	  	"time": 123456.333333334,
  	  	  	"judgement": null
  	  	},
  	  	{
  	  	  	"press": false,
  	  	  	"dir": 1,
  	  	  	"time": 123506.333333334,
  	  	  	"judgement": null
  	  	},
  	  	{
  	  	  	"press": true,
  	  	  	"dir": 3,
  	  	  	"time": 123556.333333334,
  	  	  	"judgement": "sick"
  	  	},
  	  	{
  	  	  	"press": false,
  	  	  	"dir": 3,
  	  	  	"time": 123623.000000001,
  	  	  	"judgement": null
  	  	},
  	  	{
  	  	  	"press": true,
  	  	  	"dir": 0,
  	  	  	"time": 123639.666666668,
  	  	  	"judgement": "sick"
  	  	},
  	  	{
  	  	  	"press": false,
  	  	  	"dir": 0,
  	  	  	"time": 123689.666666668,
  	  	  	"judgement": null
  	  	},
  	  	{
  	  	  	"press": true,
  	  	  	"dir": 3,
  	  	  	"time": 123739.666666668,
  	  	  	"judgement": "sick"
  	  	},
  	  	{
  	  	  	"press": true,
  	  	  	"dir": 1,
  	  	  	"time": 123806.333333335,
  	  	  	"judgement": "sick"
  	  	},
  	  	{
  	  	  	"press": false,
  	  	  	"dir": 3,
  	  	  	"time": 123806.333333335,
  	  	  	"judgement": null
  	  	},
  	  	{
  	  	  	"press": false,
  	  	  	"dir": 1,
  	  	  	"time": 123873.000000001,
  	  	  	"judgement": null
  	  	},
  	  	{
  	  	  	"press": true,
  	  	  	"dir": 3,
  	  	  	"time": 123923.000000001,
  	  	  	"judgement": "sick"
  	  	},
  	  	{
  	  	  	"press": true,
  	  	  	"dir": 0,
  	  	  	"time": 123973.000000001,
  	  	  	"judgement": "sick"
  	  	},
  	  	{
  	  	  	"press": false,
  	  	  	"dir": 3,
  	  	  	"time": 123973.000000001,
  	  	  	"judgement": null
  	  	},
  	  	{
  	  	  	"press": false,
  	  	  	"dir": 0,
  	  	  	"time": 124039.666666668,
  	  	  	"judgement": null
  	  	},
  	  	{
  	  	  	"press": true,
  	  	  	"dir": 2,
  	  	  	"time": 124089.666666668,
  	  	  	"judgement": "sick"
  	  	},
  	  	{
  	  	  	"press": true,
  	  	  	"dir": 0,
  	  	  	"time": 124173.000000001,
  	  	  	"judgement": "sick"
  	  	},
  	  	{
  	  	  	"press": false,
  	  	  	"dir": 2,
  	  	  	"time": 124173.000000001,
  	  	  	"judgement": null
  	  	},
  	  	{
  	  	  	"press": false,
  	  	  	"dir": 0,
  	  	  	"time": 124239.666666668,
  	  	  	"judgement": null
  	  	},
  	  	{
  	  	  	"press": true,
  	  	  	"dir": 3,
  	  	  	"time": 124273.000000001,
  	  	  	"judgement": "sick"
  	  	},
  	  	{
  	  	  	"press": true,
  	  	  	"dir": 0,
  	  	  	"time": 124339.666666668,
  	  	  	"judgement": "sick"
  	  	},
  	  	{
  	  	  	"press": false,
  	  	  	"dir": 3,
  	  	  	"time": 124339.666666668,
  	  	  	"judgement": null
  	  	},
  	  	{
  	  	  	"press": false,
  	  	  	"dir": 0,
  	  	  	"time": 124389.666666668,
  	  	  	"judgement": null
  	  	},
  	  	{
  	  	  	"press": true,
  	  	  	"dir": 3,
  	  	  	"time": 124423.000000001,
  	  	  	"judgement": "sick"
  	  	},
  	  	{
  	  	  	"press": false,
  	  	  	"dir": 3,
  	  	  	"time": 124506.333333333,
  	  	  	"judgement": null
  	  	},
  	  	{
  	  	  	"press": true,
  	  	  	"dir": 1,
  	  	  	"time": 124523,
  	  	  	"judgement": "sick"
  	  	},
  	  	{
  	  	  	"press": false,
  	  	  	"dir": 1,
  	  	  	"time": 124589.666666667,
  	  	  	"judgement": null
  	  	},
  	  	{
  	  	  	"press": true,
  	  	  	"dir": 3,
  	  	  	"time": 124623,
  	  	  	"judgement": "sick"
  	  	},
  	  	{
  	  	  	"press": false,
  	  	  	"dir": 3,
  	  	  	"time": 124689.666666667,
  	  	  	"judgement": null
  	  	},
  	  	{
  	  	  	"press": true,
  	  	  	"dir": 0,
  	  	  	"time": 124706.333333333,
  	  	  	"judgement": "sick"
  	  	},
  	  	{
  	  	  	"press": false,
  	  	  	"dir": 0,
  	  	  	"time": 124756.333333333,
  	  	  	"judgement": null
  	  	},
  	  	{
  	  	  	"press": true,
  	  	  	"dir": 3,
  	  	  	"time": 124789.666666667,
  	  	  	"judgement": "sick"
  	  	},
  	  	{
  	  	  	"press": true,
  	  	  	"dir": 1,
  	  	  	"time": 124873,
  	  	  	"judgement": "sick"
  	  	},
  	  	{
  	  	  	"press": false,
  	  	  	"dir": 3,
  	  	  	"time": 124873,
  	  	  	"judgement": null
  	  	},
  	  	{
  	  	  	"press": false,
  	  	  	"dir": 1,
  	  	  	"time": 124956.333333333,
  	  	  	"judgement": null
  	  	},
  	  	{
  	  	  	"press": true,
  	  	  	"dir": 3,
  	  	  	"time": 124989.666666667,
  	  	  	"judgement": "sick"
  	  	},
  	  	{
  	  	  	"press": false,
  	  	  	"dir": 3,
  	  	  	"time": 125039.666666667,
  	  	  	"judgement": null
  	  	},
  	  	{
  	  	  	"press": true,
  	  	  	"dir": 0,
  	  	  	"time": 125056.333333334,
  	  	  	"judgement": "sick"
  	  	},
  	  	{
  	  	  	"press": false,
  	  	  	"dir": 0,
  	  	  	"time": 125123,
  	  	  	"judgement": null
  	  	},
  	  	{
  	  	  	"press": true,
  	  	  	"dir": 3,
  	  	  	"time": 125156.333333334,
  	  	  	"judgement": "sick"
  	  	},
  	  	{
  	  	  	"press": true,
  	  	  	"dir": 1,
  	  	  	"time": 125239.666666667,
  	  	  	"judgement": "sick"
  	  	},
  	  	{
  	  	  	"press": false,
  	  	  	"dir": 3,
  	  	  	"time": 125239.666666667,
  	  	  	"judgement": null
  	  	},
  	  	{
  	  	  	"press": false,
  	  	  	"dir": 1,
  	  	  	"time": 125306.333333334,
  	  	  	"judgement": null
  	  	},
  	  	{
  	  	  	"press": true,
  	  	  	"dir": 3,
  	  	  	"time": 125339.666666667,
  	  	  	"judgement": "sick"
  	  	},
  	  	{
  	  	  	"press": false,
  	  	  	"dir": 3,
  	  	  	"time": 125406.333333334,
  	  	  	"judgement": null
  	  	},
  	  	{
  	  	  	"press": true,
  	  	  	"dir": 0,
  	  	  	"time": 125423,
  	  	  	"judgement": "sick"
  	  	},
  	  	{
  	  	  	"press": false,
  	  	  	"dir": 0,
  	  	  	"time": 125489.666666667,
  	  	  	"judgement": null
  	  	},
  	  	{
  	  	  	"press": true,
  	  	  	"dir": 2,
  	  	  	"time": 125506.333333334,
  	  	  	"judgement": "sick"
  	  	},
  	  	{
  	  	  	"press": false,
  	  	  	"dir": 2,
  	  	  	"time": 125589.666666667,
  	  	  	"judgement": null
  	  	},
  	  	{
  	  	  	"press": true,
  	  	  	"dir": 0,
  	  	  	"time": 125623,
  	  	  	"judgement": "sick"
  	  	},
  	  	{
  	  	  	"press": true,
  	  	  	"dir": 3,
  	  	  	"time": 125689.666666667,
  	  	  	"judgement": "sick"
  	  	},
  	  	{
  	  	  	"press": false,
  	  	  	"dir": 0,
  	  	  	"time": 125689.666666667,
  	  	  	"judgement": null
  	  	},
  	  	{
  	  	  	"press": false,
  	  	  	"dir": 3,
  	  	  	"time": 125773,
  	  	  	"judgement": null
  	  	},
  	  	{
  	  	  	"press": true,
  	  	  	"dir": 0,
  	  	  	"time": 125789.666666667,
  	  	  	"judgement": "sick"
  	  	},
  	  	{
  	  	  	"press": false,
  	  	  	"dir": 0,
  	  	  	"time": 125823,
  	  	  	"judgement": null
  	  	},
  	  	{
  	  	  	"press": true,
  	  	  	"dir": 3,
  	  	  	"time": 125873,
  	  	  	"judgement": "sick"
  	  	},
  	  	{
  	  	  	"press": false,
  	  	  	"dir": 3,
  	  	  	"time": 125939.666666667,
  	  	  	"judgement": null
  	  	},
  	  	{
  	  	  	"press": true,
  	  	  	"dir": 1,
  	  	  	"time": 125956.333333334,
  	  	  	"judgement": "sick"
  	  	},
  	  	{
  	  	  	"press": false,
  	  	  	"dir": 1,
  	  	  	"time": 126023,
  	  	  	"judgement": null
  	  	},
  	  	{
  	  	  	"press": true,
  	  	  	"dir": 3,
  	  	  	"time": 126073,
  	  	  	"judgement": "sick"
  	  	},
  	  	{
  	  	  	"press": false,
  	  	  	"dir": 3,
  	  	  	"time": 126139.666666667,
  	  	  	"judgement": null
  	  	},
  	  	{
  	  	  	"press": true,
  	  	  	"dir": 0,
  	  	  	"time": 126156.333333334,
  	  	  	"judgement": "sick"
  	  	},
  	  	{
  	  	  	"press": false,
  	  	  	"dir": 0,
  	  	  	"time": 126189.666666667,
  	  	  	"judgement": null
  	  	},
  	  	{
  	  	  	"press": true,
  	  	  	"dir": 3,
  	  	  	"time": 126239.666666667,
  	  	  	"judgement": "sick"
  	  	},
  	  	{
  	  	  	"press": true,
  	  	  	"dir": 1,
  	  	  	"time": 126306.333333334,
  	  	  	"judgement": "sick"
  	  	},
  	  	{
  	  	  	"press": false,
  	  	  	"dir": 3,
  	  	  	"time": 126323.000000001,
  	  	  	"judgement": null
  	  	},
  	  	{
  	  	  	"press": false,
  	  	  	"dir": 1,
  	  	  	"time": 126373.000000001,
  	  	  	"judgement": null
  	  	},
  	  	{
  	  	  	"press": true,
  	  	  	"dir": 3,
  	  	  	"time": 126439.666666667,
  	  	  	"judgement": "sick"
  	  	},
  	  	{
  	  	  	"press": true,
  	  	  	"dir": 0,
  	  	  	"time": 126523.000000001,
  	  	  	"judgement": "sick"
  	  	},
  	  	{
  	  	  	"press": false,
  	  	  	"dir": 3,
  	  	  	"time": 126523.000000001,
  	  	  	"judgement": null
  	  	},
  	  	{
  	  	  	"press": false,
  	  	  	"dir": 0,
  	  	  	"time": 126573.000000001,
  	  	  	"judgement": null
  	  	},
  	  	{
  	  	  	"press": true,
  	  	  	"dir": 2,
  	  	  	"time": 126606.333333334,
  	  	  	"judgement": "sick"
  	  	},
  	  	{
  	  	  	"press": true,
  	  	  	"dir": 0,
  	  	  	"time": 126956.333333334,
  	  	  	"judgement": "sick"
  	  	},
  	  	{
  	  	  	"press": false,
  	  	  	"dir": 2,
  	  	  	"time": 127023.000000001,
  	  	  	"judgement": null
  	  	},
  	  	{
  	  	  	"press": false,
  	  	  	"dir": 0,
  	  	  	"time": 127323.000000001,
  	  	  	"judgement": null
  	  	},
  	  	{
  	  	  	"press": true,
  	  	  	"dir": 3,
  	  	  	"time": 127339.666666668,
  	  	  	"judgement": "sick"
  	  	},
  	  	{
  	  	  	"press": false,
  	  	  	"dir": 3,
  	  	  	"time": 127389.666666668,
  	  	  	"judgement": null
  	  	},
  	  	{
  	  	  	"press": true,
  	  	  	"dir": 1,
  	  	  	"time": 127423.000000001,
  	  	  	"judgement": "sick"
  	  	},
  	  	{
  	  	  	"press": false,
  	  	  	"dir": 1,
  	  	  	"time": 127489.666666668,
  	  	  	"judgement": null
  	  	},
  	  	{
  	  	  	"press": true,
  	  	  	"dir": 3,
  	  	  	"time": 127523.000000001,
  	  	  	"judgement": "sick"
  	  	},
  	  	{
  	  	  	"press": false,
  	  	  	"dir": 3,
  	  	  	"time": 127606.333333334,
  	  	  	"judgement": null
  	  	},
  	  	{
  	  	  	"press": true,
  	  	  	"dir": 0,
  	  	  	"time": 127623.000000001,
  	  	  	"judgement": "sick"
  	  	},
  	  	{
  	  	  	"press": false,
  	  	  	"dir": 0,
  	  	  	"time": 127673.000000001,
  	  	  	"judgement": null
  	  	},
  	  	{
  	  	  	"press": true,
  	  	  	"dir": 3,
  	  	  	"time": 127706.333333334,
  	  	  	"judgement": "sick"
  	  	},
  	  	{
  	  	  	"press": true,
  	  	  	"dir": 1,
  	  	  	"time": 127756.333333334,
  	  	  	"judgement": "sick"
  	  	},
  	  	{
  	  	  	"press": false,
  	  	  	"dir": 3,
  	  	  	"time": 127756.333333334,
  	  	  	"judgement": null
  	  	},
  	  	{
  	  	  	"press": false,
  	  	  	"dir": 1,
  	  	  	"time": 127823.000000001,
  	  	  	"judgement": null
  	  	},
  	  	{
  	  	  	"press": true,
  	  	  	"dir": 3,
  	  	  	"time": 127873.000000001,
  	  	  	"judgement": "sick"
  	  	},
  	  	{
  	  	  	"press": true,
  	  	  	"dir": 0,
  	  	  	"time": 127956.333333334,
  	  	  	"judgement": "sick"
  	  	},
  	  	{
  	  	  	"press": false,
  	  	  	"dir": 3,
  	  	  	"time": 127956.333333334,
  	  	  	"judgement": null
  	  	},
  	  	{
  	  	  	"press": false,
  	  	  	"dir": 0,
  	  	  	"time": 128006.333333334,
  	  	  	"judgement": null
  	  	},
  	  	{
  	  	  	"press": true,
  	  	  	"dir": 3,
  	  	  	"time": 128073.000000001,
  	  	  	"judgement": "sick"
  	  	},
  	  	{
  	  	  	"press": true,
  	  	  	"dir": 1,
  	  	  	"time": 128123.000000001,
  	  	  	"judgement": "sick"
  	  	},
  	  	{
  	  	  	"press": false,
  	  	  	"dir": 3,
  	  	  	"time": 128139.666666668,
  	  	  	"judgement": null
  	  	},
  	  	{
  	  	  	"press": false,
  	  	  	"dir": 1,
  	  	  	"time": 128189.666666668,
  	  	  	"judgement": null
  	  	},
  	  	{
  	  	  	"press": true,
  	  	  	"dir": 3,
  	  	  	"time": 128239.666666668,
  	  	  	"judgement": "sick"
  	  	},
  	  	{
  	  	  	"press": false,
  	  	  	"dir": 3,
  	  	  	"time": 128306.333333334,
  	  	  	"judgement": null
  	  	},
  	  	{
  	  	  	"press": true,
  	  	  	"dir": 0,
  	  	  	"time": 128323.000000001,
  	  	  	"judgement": "sick"
  	  	},
  	  	{
  	  	  	"press": false,
  	  	  	"dir": 0,
  	  	  	"time": 128389.666666668,
  	  	  	"judgement": null
  	  	},
  	  	{
  	  	  	"press": true,
  	  	  	"dir": 2,
  	  	  	"time": 128423.000000001,
  	  	  	"judgement": "sick"
  	  	},
  	  	{
  	  	  	"press": false,
  	  	  	"dir": 2,
  	  	  	"time": 128489.666666668,
  	  	  	"judgement": null
  	  	},
  	  	{
  	  	  	"press": true,
  	  	  	"dir": 0,
  	  	  	"time": 128506.333333335,
  	  	  	"judgement": "sick"
  	  	},
  	  	{
  	  	  	"press": false,
  	  	  	"dir": 0,
  	  	  	"time": 128556.333333335,
  	  	  	"judgement": null
  	  	},
  	  	{
  	  	  	"press": true,
  	  	  	"dir": 3,
  	  	  	"time": 128589.666666668,
  	  	  	"judgement": "sick"
  	  	},
  	  	{
  	  	  	"press": false,
  	  	  	"dir": 3,
  	  	  	"time": 128656.333333335,
  	  	  	"judgement": null
  	  	},
  	  	{
  	  	  	"press": true,
  	  	  	"dir": 0,
  	  	  	"time": 128673.000000001,
  	  	  	"judgement": "sick"
  	  	},
  	  	{
  	  	  	"press": false,
  	  	  	"dir": 0,
  	  	  	"time": 128723.000000001,
  	  	  	"judgement": null
  	  	},
  	  	{
  	  	  	"press": true,
  	  	  	"dir": 3,
  	  	  	"time": 128773.000000001,
  	  	  	"judgement": "sick"
  	  	},
  	  	{
  	  	  	"press": true,
  	  	  	"dir": 1,
  	  	  	"time": 128839.666666668,
  	  	  	"judgement": "sick"
  	  	},
  	  	{
  	  	  	"press": false,
  	  	  	"dir": 3,
  	  	  	"time": 128839.666666668,
  	  	  	"judgement": null
  	  	},
  	  	{
  	  	  	"press": false,
  	  	  	"dir": 1,
  	  	  	"time": 128906.333333335,
  	  	  	"judgement": null
  	  	},
  	  	{
  	  	  	"press": true,
  	  	  	"dir": 3,
  	  	  	"time": 128939.666666668,
  	  	  	"judgement": "sick"
  	  	},
  	  	{
  	  	  	"press": true,
  	  	  	"dir": 0,
  	  	  	"time": 129046.333333333,
  	  	  	"judgement": "sick"
  	  	},
  	  	{
  	  	  	"press": false,
  	  	  	"dir": 3,
  	  	  	"time": 129046.333333333,
  	  	  	"judgement": null
  	  	},
  	  	{
  	  	  	"press": false,
  	  	  	"dir": 0,
  	  	  	"time": 129096.333333333,
  	  	  	"judgement": null
  	  	},
  	  	{
  	  	  	"press": true,
  	  	  	"dir": 3,
  	  	  	"time": 129163,
  	  	  	"judgement": "sick"
  	  	},
  	  	{
  	  	  	"press": true,
  	  	  	"dir": 1,
  	  	  	"time": 129213,
  	  	  	"judgement": "sick"
  	  	},
  	  	{
  	  	  	"press": false,
  	  	  	"dir": 3,
  	  	  	"time": 129229.666666667,
  	  	  	"judgement": null
  	  	},
  	  	{
  	  	  	"press": false,
  	  	  	"dir": 1,
  	  	  	"time": 129279.666666667,
  	  	  	"judgement": null
  	  	},
  	  	{
  	  	  	"press": true,
  	  	  	"dir": 3,
  	  	  	"time": 129346.333333333,
  	  	  	"judgement": "sick"
  	  	},
  	  	{
  	  	  	"press": true,
  	  	  	"dir": 0,
  	  	  	"time": 129429.666666667,
  	  	  	"judgement": "sick"
  	  	},
  	  	{
  	  	  	"press": false,
  	  	  	"dir": 3,
  	  	  	"time": 129429.666666667,
  	  	  	"judgement": null
  	  	},
  	  	{
  	  	  	"press": false,
  	  	  	"dir": 0,
  	  	  	"time": 129479.666666667,
  	  	  	"judgement": null
  	  	},
  	  	{
  	  	  	"press": true,
  	  	  	"dir": 3,
  	  	  	"time": 129496.333333333,
  	  	  	"judgement": "sick"
  	  	},
  	  	{
  	  	  	"press": true,
  	  	  	"dir": 1,
  	  	  	"time": 129596.333333334,
  	  	  	"judgement": "sick"
  	  	},
  	  	{
  	  	  	"press": false,
  	  	  	"dir": 3,
  	  	  	"time": 129596.333333334,
  	  	  	"judgement": null
  	  	},
  	  	{
  	  	  	"press": false,
  	  	  	"dir": 1,
  	  	  	"time": 129663,
  	  	  	"judgement": null
  	  	},
  	  	{
  	  	  	"press": true,
  	  	  	"dir": 3,
  	  	  	"time": 129696.333333334,
  	  	  	"judgement": "sick"
  	  	},
  	  	{
  	  	  	"press": false,
  	  	  	"dir": 3,
  	  	  	"time": 129763,
  	  	  	"judgement": null
  	  	},
  	  	{
  	  	  	"press": true,
  	  	  	"dir": 0,
  	  	  	"time": 129796.333333334,
  	  	  	"judgement": "sick"
  	  	},
  	  	{
  	  	  	"press": false,
  	  	  	"dir": 0,
  	  	  	"time": 129863,
  	  	  	"judgement": null
  	  	},
  	  	{
  	  	  	"press": true,
  	  	  	"dir": 2,
  	  	  	"time": 129879.666666667,
  	  	  	"judgement": "sick"
  	  	},
  	  	{
  	  	  	"press": false,
  	  	  	"dir": 2,
  	  	  	"time": 129929.666666667,
  	  	  	"judgement": null
  	  	},
  	  	{
  	  	  	"press": true,
  	  	  	"dir": 0,
  	  	  	"time": 129963,
  	  	  	"judgement": "sick"
  	  	},
  	  	{
  	  	  	"press": false,
  	  	  	"dir": 0,
  	  	  	"time": 130029.666666667,
  	  	  	"judgement": null
  	  	},
  	  	{
  	  	  	"press": true,
  	  	  	"dir": 3,
  	  	  	"time": 130063,
  	  	  	"judgement": "sick"
  	  	},
  	  	{
  	  	  	"press": false,
  	  	  	"dir": 3,
  	  	  	"time": 130129.666666667,
  	  	  	"judgement": null
  	  	},
  	  	{
  	  	  	"press": true,
  	  	  	"dir": 0,
  	  	  	"time": 130146.333333334,
  	  	  	"judgement": "sick"
  	  	},
  	  	{
  	  	  	"press": false,
  	  	  	"dir": 0,
  	  	  	"time": 130196.333333334,
  	  	  	"judgement": null
  	  	},
  	  	{
  	  	  	"press": true,
  	  	  	"dir": 3,
  	  	  	"time": 130246.333333334,
  	  	  	"judgement": "sick"
  	  	},
  	  	{
  	  	  	"press": false,
  	  	  	"dir": 3,
  	  	  	"time": 130296.333333334,
  	  	  	"judgement": null
  	  	},
  	  	{
  	  	  	"press": true,
  	  	  	"dir": 1,
  	  	  	"time": 130329.666666667,
  	  	  	"judgement": "sick"
  	  	},
  	  	{
  	  	  	"press": false,
  	  	  	"dir": 1,
  	  	  	"time": 130379.666666667,
  	  	  	"judgement": null
  	  	},
  	  	{
  	  	  	"press": true,
  	  	  	"dir": 3,
  	  	  	"time": 130429.666666667,
  	  	  	"judgement": "sick"
  	  	},
  	  	{
  	  	  	"press": false,
  	  	  	"dir": 3,
  	  	  	"time": 130496.333333334,
  	  	  	"judgement": null
  	  	},
  	  	{
  	  	  	"press": true,
  	  	  	"dir": 0,
  	  	  	"time": 130529.666666667,
  	  	  	"judgement": "sick"
  	  	},
  	  	{
  	  	  	"press": false,
  	  	  	"dir": 0,
  	  	  	"time": 130596.333333334,
  	  	  	"judgement": null
  	  	},
  	  	{
  	  	  	"press": true,
  	  	  	"dir": 3,
  	  	  	"time": 130629.666666667,
  	  	  	"judgement": "good"
  	  	},
  	  	{
  	  	  	"press": false,
  	  	  	"dir": 3,
  	  	  	"time": 130679.666666667,
  	  	  	"judgement": null
  	  	},
  	  	{
  	  	  	"press": true,
  	  	  	"dir": 1,
  	  	  	"time": 130696.333333334,
  	  	  	"judgement": "sick"
  	  	},
  	  	{
  	  	  	"press": false,
  	  	  	"dir": 1,
  	  	  	"time": 130763.000000001,
  	  	  	"judgement": null
  	  	},
  	  	{
  	  	  	"press": true,
  	  	  	"dir": 3,
  	  	  	"time": 130796.333333334,
  	  	  	"judgement": "sick"
  	  	},
  	  	{
  	  	  	"press": false,
  	  	  	"dir": 3,
  	  	  	"time": 130879.666666667,
  	  	  	"judgement": null
  	  	},
  	  	{
  	  	  	"press": true,
  	  	  	"dir": 0,
  	  	  	"time": 130896.333333334,
  	  	  	"judgement": "good"
  	  	},
  	  	{
  	  	  	"press": false,
  	  	  	"dir": 0,
  	  	  	"time": 130946.333333334,
  	  	  	"judgement": null
  	  	},
  	  	{
  	  	  	"press": true,
  	  	  	"dir": 3,
  	  	  	"time": 130996.333333334,
  	  	  	"judgement": "good"
  	  	},
  	  	{
  	  	  	"press": false,
  	  	  	"dir": 3,
  	  	  	"time": 131063.000000001,
  	  	  	"judgement": null
  	  	},
  	  	{
  	  	  	"press": true,
  	  	  	"dir": 1,
  	  	  	"time": 131079.666666667,
  	  	  	"judgement": "good"
  	  	},
  	  	{
  	  	  	"press": false,
  	  	  	"dir": 1,
  	  	  	"time": 131146.333333334,
  	  	  	"judgement": null
  	  	},
  	  	{
  	  	  	"press": true,
  	  	  	"dir": 3,
  	  	  	"time": 131163.000000001,
  	  	  	"judgement": "sick"
  	  	},
  	  	{
  	  	  	"press": false,
  	  	  	"dir": 3,
  	  	  	"time": 131229.666666667,
  	  	  	"judgement": null
  	  	},
  	  	{
  	  	  	"press": true,
  	  	  	"dir": 0,
  	  	  	"time": 131246.333333334,
  	  	  	"judgement": "sick"
  	  	},
  	  	{
  	  	  	"press": false,
  	  	  	"dir": 0,
  	  	  	"time": 131313,
  	  	  	"judgement": null
  	  	},
  	  	{
  	  	  	"press": true,
  	  	  	"dir": 2,
  	  	  	"time": 131346.333333334,
  	  	  	"judgement": "sick"
  	  	},
  	  	{
  	  	  	"press": false,
  	  	  	"dir": 2,
  	  	  	"time": 131413,
  	  	  	"judgement": null
  	  	},
  	  	{
  	  	  	"press": true,
  	  	  	"dir": 0,
  	  	  	"time": 131429.666666667,
  	  	  	"judgement": "sick"
  	  	},
  	  	{
  	  	  	"press": false,
  	  	  	"dir": 0,
  	  	  	"time": 131479.666666667,
  	  	  	"judgement": null
  	  	},
  	  	{
  	  	  	"press": true,
  	  	  	"dir": 3,
  	  	  	"time": 131496.333333334,
  	  	  	"judgement": "sick"
  	  	},
  	  	{
  	  	  	"press": false,
  	  	  	"dir": 3,
  	  	  	"time": 131579.666666667,
  	  	  	"judgement": null
  	  	},
  	  	{
  	  	  	"press": true,
  	  	  	"dir": 0,
  	  	  	"time": 131596.333333334,
  	  	  	"judgement": "sick"
  	  	},
  	  	{
  	  	  	"press": false,
  	  	  	"dir": 0,
  	  	  	"time": 131646.333333334,
  	  	  	"judgement": null
  	  	},
  	  	{
  	  	  	"press": true,
  	  	  	"dir": 3,
  	  	  	"time": 131696.333333334,
  	  	  	"judgement": "sick"
  	  	},
  	  	{
  	  	  	"press": true,
  	  	  	"dir": 1,
  	  	  	"time": 131746.333333334,
  	  	  	"judgement": "sick"
  	  	},
  	  	{
  	  	  	"press": false,
  	  	  	"dir": 3,
  	  	  	"time": 131763,
  	  	  	"judgement": null
  	  	},
  	  	{
  	  	  	"press": false,
  	  	  	"dir": 1,
  	  	  	"time": 131813,
  	  	  	"judgement": null
  	  	},
  	  	{
  	  	  	"press": true,
  	  	  	"dir": 3,
  	  	  	"time": 131863,
  	  	  	"judgement": "sick"
  	  	},
  	  	{
  	  	  	"press": true,
  	  	  	"dir": 0,
  	  	  	"time": 131913,
  	  	  	"judgement": "sick"
  	  	},
  	  	{
  	  	  	"press": false,
  	  	  	"dir": 3,
  	  	  	"time": 131929.666666667,
  	  	  	"judgement": null
  	  	},
  	  	{
  	  	  	"press": true,
  	  	  	"dir": 2,
  	  	  	"time": 131996.333333333,
  	  	  	"judgement": null
  	  	},
  	  	{
  	  	  	"press": false,
  	  	  	"dir": 0,
  	  	  	"time": 131996.333333333,
  	  	  	"judgement": null
  	  	},
  	  	{
  	  	  	"press": false,
  	  	  	"dir": 1,
  	  	  	"time": 131996.333333333,
  	  	  	"judgement": null
  	  	},
  	  	{
  	  	  	"press": false,
  	  	  	"dir": 3,
  	  	  	"time": 131996.333333333,
  	  	  	"judgement": null
  	  	},
  	  	{
  	  	  	"press": false,
  	  	  	"dir": 2,
  	  	  	"time": 132635.333333333,
  	  	  	"judgement": null
  	  	},
  	  	{
  	  	  	"press": true,
  	  	  	"dir": 0,
  	  	  	"time": 132762,
  	  	  	"judgement": null
  	  	},
  	  	{
  	  	  	"press": true,
  	  	  	"dir": 1,
  	  	  	"time": 132762,
  	  	  	"judgement": null
  	  	},
  	  	{
  	  	  	"press": true,
  	  	  	"dir": 2,
  	  	  	"time": 132778.666666667,
  	  	  	"judgement": null
  	  	},
  	  	{
  	  	  	"press": true,
  	  	  	"dir": 3,
  	  	  	"time": 132795.333333333,
  	  	  	"judgement": "good"
  	  	},
  	  	{
  	  	  	"press": false,
  	  	  	"dir": 0,
  	  	  	"time": 132995.333333333,
  	  	  	"judgement": null
  	  	},
  	  	{
  	  	  	"press": false,
  	  	  	"dir": 1,
  	  	  	"time": 133028.666666666,
  	  	  	"judgement": null
  	  	},
  	  	{
  	  	  	"press": true,
  	  	  	"dir": 0,
  	  	  	"time": 133145.333333333,
  	  	  	"judgement": "sick"
  	  	},
  	  	{
  	  	  	"press": true,
  	  	  	"dir": 1,
  	  	  	"time": 133145.333333333,
  	  	  	"judgement": null
  	  	},
  	  	{
  	  	  	"press": false,
  	  	  	"dir": 3,
  	  	  	"time": 133145.333333333,
  	  	  	"judgement": null
  	  	},
  	  	{
  	  	  	"press": false,
  	  	  	"dir": 2,
  	  	  	"time": 133178.666666666,
  	  	  	"judgement": null
  	  	},
  	  	{
  	  	  	"press": false,
  	  	  	"dir": 1,
  	  	  	"time": 133578.666666666,
  	  	  	"judgement": null
  	  	},
  	  	{
  	  	  	"press": false,
  	  	  	"dir": 0,
  	  	  	"time": 134778.666666665,
  	  	  	"judgement": null
  	  	},
  	  	{
  	  	  	"press": true,
  	  	  	"dir": 1,
  	  	  	"time": 138641.999999999,
  	  	  	"judgement": null
  	  	},
  	  	{
  	  	  	"press": true,
  	  	  	"dir": 2,
  	  	  	"time": 138741.999999999,
  	  	  	"judgement": null
  	  	},
  	  	{
  	  	  	"press": true,
  	  	  	"dir": 3,
  	  	  	"time": 138741.999999999,
  	  	  	"judgement": null
  	  	},
  	  	{
  	  	  	"press": true,
  	  	  	"dir": 0,
  	  	  	"time": 138925.333333332,
  	  	  	"judgement": null
  	  	},
  	  	{
  	  	  	"press": false,
  	  	  	"dir": 2,
  	  	  	"time": 139225.333333332,
  	  	  	"judgement": null
  	  	},
  	  	{
  	  	  	"press": false,
  	  	  	"dir": 3,
  	  	  	"time": 139225.333333332,
  	  	  	"judgement": null
  	  	},
  	  	{
  	  	  	"press": false,
  	  	  	"dir": 0,
  	  	  	"time": 139425.333333332,
  	  	  	"judgement": null
  	  	},
  	  	{
  	  	  	"press": false,
  	  	  	"dir": 1,
  	  	  	"time": 139441.999999998,
  	  	  	"judgement": null
  	  	}
  	],
  	"mix": "bf",
  	"difficulty": "erect",
  	"song": "spookeez"
}