{
  	"inputs": [
  	  	{
  	  	  	"press": false,
  	  	  	"dir": 1,
  	  	  	"time": -2350,
  	  	  	"judgement": null
  	  	},
  	  	{
  	  	  	"press": false,
  	  	  	"dir": 0,
  	  	  	"time": -2250,
  	  	  	"judgement": null
  	  	},
  	  	{
  	  	  	"press": true,
  	  	  	"dir": 3,
  	  	  	"time": -2100,
  	  	  	"judgement": null
  	  	},
  	  	{
  	  	  	"press": true,
  	  	  	"dir": 0,
  	  	  	"time": -2066.66666666667,
  	  	  	"judgement": null
  	  	},
  	  	{
  	  	  	"press": true,
  	  	  	"dir": 1,
  	  	  	"time": -2066.66666666667,
  	  	  	"judgement": null
  	  	},
  	  	{
  	  	  	"press": false,
  	  	  	"dir": 0,
  	  	  	"time": -2016.66666666667,
  	  	  	"judgement": null
  	  	},
  	  	{
  	  	  	"press": true,
  	  	  	"dir": 0,
  	  	  	"time": -1983.33333333334,
  	  	  	"judgement": null
  	  	},
  	  	{
  	  	  	"press": false,
  	  	  	"dir": 3,
  	  	  	"time": -1966.66666666667,
  	  	  	"judgement": null
  	  	},
  	  	{
  	  	  	"press": false,
  	  	  	"dir": 0,
  	  	  	"time": -1933.33333333334,
  	  	  	"judgement": null
  	  	},
  	  	{
  	  	  	"press": false,
  	  	  	"dir": 1,
  	  	  	"time": -1933.33333333334,
  	  	  	"judgement": null
  	  	},
  	  	{
  	  	  	"press": false,
  	  	  	"dir": 0,
  	  	  	"time": -1900,
  	  	  	"judgement": null
  	  	},
  	  	{
  	  	  	"press": false,
  	  	  	"dir": 1,
  	  	  	"time": -1900,
  	  	  	"judgement": null
  	  	},
  	  	{
  	  	  	"press": false,
  	  	  	"dir": 3,
  	  	  	"time": -1900,
  	  	  	"judgement": null
  	  	},
  	  	{
  	  	  	"press": true,
  	  	  	"dir": 0,
  	  	  	"time": -1800,
  	  	  	"judgement": null
  	  	},
  	  	{
  	  	  	"press": true,
  	  	  	"dir": 1,
  	  	  	"time": -1800,
  	  	  	"judgement": null
  	  	},
  	  	{
  	  	  	"press": true,
  	  	  	"dir": 3,
  	  	  	"time": -1800,
  	  	  	"judgement": null
  	  	},
  	  	{
  	  	  	"press": false,
  	  	  	"dir": 0,
  	  	  	"time": -1616.66666666667,
  	  	  	"judgement": null
  	  	},
  	  	{
  	  	  	"press": false,
  	  	  	"dir": 1,
  	  	  	"time": -1616.66666666667,
  	  	  	"judgement": null
  	  	},
  	  	{
  	  	  	"press": false,
  	  	  	"dir": 3,
  	  	  	"time": -1616.66666666667,
  	  	  	"judgement": null
  	  	},
  	  	{
  	  	  	"press": true,
  	  	  	"dir": 0,
  	  	  	"time": -450,
  	  	  	"judgement": null
  	  	},
  	  	{
  	  	  	"press": true,
  	  	  	"dir": 2,
  	  	  	"time": -450,
  	  	  	"judgement": null
  	  	},
  	  	{
  	  	  	"press": false,
  	  	  	"dir": 0,
  	  	  	"time": -216.666666666666,
  	  	  	"judgement": null
  	  	},
  	  	{
  	  	  	"press": false,
  	  	  	"dir": 2,
  	  	  	"time": -183.333333333333,
  	  	  	"judgement": null
  	  	},
  	  	{
  	  	  	"press": true,
  	  	  	"dir": 3,
  	  	  	"time": 150.000000000001,
  	  	  	"judgement": null
  	  	},
  	  	{
  	  	  	"press": false,
  	  	  	"dir": 3,
  	  	  	"time": 416.666666666667,
  	  	  	"judgement": null
  	  	},
  	  	{
  	  	  	"press": true,
  	  	  	"dir": 1,
  	  	  	"time": 433.333333333334,
  	  	  	"judgement": null
  	  	},
  	  	{
  	  	  	"press": true,
  	  	  	"dir": 2,
  	  	  	"time": 433.333333333334,
  	  	  	"judgement": null
  	  	},
  	  	{
  	  	  	"press": true,
  	  	  	"dir": 0,
  	  	  	"time": 483.333333333334,
  	  	  	"judgement": null
  	  	},
  	  	{
  	  	  	"press": false,
  	  	  	"dir": 1,
  	  	  	"time": 500.000000000001,
  	  	  	"judgement": null
  	  	},
  	  	{
  	  	  	"press": false,
  	  	  	"dir": 2,
  	  	  	"time": 533.333333333334,
  	  	  	"judgement": null
  	  	},
  	  	{
  	  	  	"press": false,
  	  	  	"dir": 0,
  	  	  	"time": 683.333333333334,
  	  	  	"judgement": null
  	  	},
  	  	{
  	  	  	"press": true,
  	  	  	"dir": 2,
  	  	  	"time": 700,
  	  	  	"judgement": null
  	  	},
  	  	{
  	  	  	"press": true,
  	  	  	"dir": 0,
  	  	  	"time": 816.666666666667,
  	  	  	"judgement": null
  	  	},
  	  	{
  	  	  	"press": false,
  	  	  	"dir": 2,
  	  	  	"time": 833.333333333333,
  	  	  	"judgement": null
  	  	},
  	  	{
  	  	  	"press": true,
  	  	  	"dir": 2,
  	  	  	"time": 950,
  	  	  	"judgement": null
  	  	},
  	  	{
  	  	  	"press": false,
  	  	  	"dir": 0,
  	  	  	"time": 950,
  	  	  	"judgement": null
  	  	},
  	  	{
  	  	  	"press": true,
  	  	  	"dir": 0,
  	  	  	"time": 1050,
  	  	  	"judgement": null
  	  	},
  	  	{
  	  	  	"press": false,
  	  	  	"dir": 2,
  	  	  	"time": 1083.33333333333,
  	  	  	"judgement": null
  	  	},
  	  	{
  	  	  	"press": false,
  	  	  	"dir": 0,
  	  	  	"time": 1150,
  	  	  	"judgement": null
  	  	},
  	  	{
  	  	  	"press": true,
  	  	  	"dir": 1,
  	  	  	"time": 1266.66666666667,
  	  	  	"judgement": null
  	  	},
  	  	{
  	  	  	"press": true,
  	  	  	"dir": 0,
  	  	  	"time": 1416.66666666667,
  	  	  	"judgement": null
  	  	},
  	  	{
  	  	  	"press": false,
  	  	  	"dir": 1,
  	  	  	"time": 1450,
  	  	  	"judgement": null
  	  	},
  	  	{
  	  	  	"press": true,
  	  	  	"dir": 1,
  	  	  	"time": 1550,
  	  	  	"judgement": null
  	  	},
  	  	{
  	  	  	"press": false,
  	  	  	"dir": 0,
  	  	  	"time": 1566.66666666667,
  	  	  	"judgement": null
  	  	},
  	  	{
  	  	  	"press": true,
  	  	  	"dir": 0,
  	  	  	"time": 1666.66666666667,
  	  	  	"judgement": null
  	  	},
  	  	{
  	  	  	"press": false,
  	  	  	"dir": 1,
  	  	  	"time": 1666.66666666667,
  	  	  	"judgement": null
  	  	},
  	  	{
  	  	  	"press": true,
  	  	  	"dir": 2,
  	  	  	"time": 1816.66666666667,
  	  	  	"judgement": null
  	  	},
  	  	{
  	  	  	"press": false,
  	  	  	"dir": 0,
  	  	  	"time": 1816.66666666667,
  	  	  	"judgement": null
  	  	},
  	  	{
  	  	  	"press": true,
  	  	  	"dir": 0,
  	  	  	"time": 1916.66666666667,
  	  	  	"judgement": null
  	  	},
  	  	{
  	  	  	"press": false,
  	  	  	"dir": 2,
  	  	  	"time": 1950,
  	  	  	"judgement": null
  	  	},
  	  	{
  	  	  	"press": true,
  	  	  	"dir": 2,
  	  	  	"time": 2050,
  	  	  	"judgement": null
  	  	},
  	  	{
  	  	  	"press": false,
  	  	  	"dir": 0,
  	  	  	"time": 2066.66666666667,
  	  	  	"judgement": null
  	  	},
  	  	{
  	  	  	"press": true,
  	  	  	"dir": 0,
  	  	  	"time": 2166.66666666667,
  	  	  	"judgement": null
  	  	},
  	  	{
  	  	  	"press": false,
  	  	  	"dir": 2,
  	  	  	"time": 2200,
  	  	  	"judgement": null
  	  	},
  	  	{
  	  	  	"press": false,
  	  	  	"dir": 0,
  	  	  	"time": 2300,
  	  	  	"judgement": null
  	  	},
  	  	{
  	  	  	"press": true,
  	  	  	"dir": 1,
  	  	  	"time": 2350,
  	  	  	"judgement": null
  	  	},
  	  	{
  	  	  	"press": true,
  	  	  	"dir": 0,
  	  	  	"time": 2566.66666666667,
  	  	  	"judgement": null
  	  	},
  	  	{
  	  	  	"press": false,
  	  	  	"dir": 1,
  	  	  	"time": 2566.66666666667,
  	  	  	"judgement": null
  	  	},
  	  	{
  	  	  	"press": true,
  	  	  	"dir": 1,
  	  	  	"time": 2683.33333333333,
  	  	  	"judgement": null
  	  	},
  	  	{
  	  	  	"press": false,
  	  	  	"dir": 0,
  	  	  	"time": 2683.33333333333,
  	  	  	"judgement": null
  	  	},
  	  	{
  	  	  	"press": true,
  	  	  	"dir": 0,
  	  	  	"time": 2800,
  	  	  	"judgement": null
  	  	},
  	  	{
  	  	  	"press": false,
  	  	  	"dir": 1,
  	  	  	"time": 2816.66666666666,
  	  	  	"judgement": null
  	  	},
  	  	{
  	  	  	"press": false,
  	  	  	"dir": 0,
  	  	  	"time": 2866.66666666666,
  	  	  	"judgement": null
  	  	},
  	  	{
  	  	  	"press": true,
  	  	  	"dir": 3,
  	  	  	"time": 2933.33333333333,
  	  	  	"judgement": null
  	  	},
  	  	{
  	  	  	"press": true,
  	  	  	"dir": 2,
  	  	  	"time": 3116.66666666666,
  	  	  	"judgement": null
  	  	},
  	  	{
  	  	  	"press": false,
  	  	  	"dir": 3,
  	  	  	"time": 3149.99999999999,
  	  	  	"judgement": null
  	  	},
  	  	{
  	  	  	"press": false,
  	  	  	"dir": 2,
  	  	  	"time": 3249.99999999999,
  	  	  	"judgement": null
  	  	},
  	  	{
  	  	  	"press": true,
  	  	  	"dir": 0,
  	  	  	"time": 3266.66666666666,
  	  	  	"judgement": null
  	  	},
  	  	{
  	  	  	"press": false,
  	  	  	"dir": 0,
  	  	  	"time": 3449.99999999999,
  	  	  	"judgement": null
  	  	},
  	  	{
  	  	  	"press": true,
  	  	  	"dir": 1,
  	  	  	"time": 3666.66666666666,
  	  	  	"judgement": null
  	  	},
  	  	{
  	  	  	"press": true,
  	  	  	"dir": 0,
  	  	  	"time": 3766.66666666666,
  	  	  	"judgement": null
  	  	},
  	  	{
  	  	  	"press": false,
  	  	  	"dir": 1,
  	  	  	"time": 3799.99999999999,
  	  	  	"judgement": null
  	  	},
  	  	{
  	  	  	"press": true,
  	  	  	"dir": 3,
  	  	  	"time": 3866.66666666665,
  	  	  	"judgement": null
  	  	},
  	  	{
  	  	  	"press": false,
  	  	  	"dir": 0,
  	  	  	"time": 3866.66666666665,
  	  	  	"judgement": null
  	  	},
  	  	{
  	  	  	"press": true,
  	  	  	"dir": 1,
  	  	  	"time": 4133.33333333332,
  	  	  	"judgement": null
  	  	},
  	  	{
  	  	  	"press": false,
  	  	  	"dir": 3,
  	  	  	"time": 4199.99999999999,
  	  	  	"judgement": null
  	  	},
  	  	{
  	  	  	"press": true,
  	  	  	"dir": 0,
  	  	  	"time": 4233.33333333332,
  	  	  	"judgement": null
  	  	},
  	  	{
  	  	  	"press": false,
  	  	  	"dir": 1,
  	  	  	"time": 4266.66666666666,
  	  	  	"judgement": null
  	  	},
  	  	{
  	  	  	"press": false,
  	  	  	"dir": 0,
  	  	  	"time": 4616.66666666666,
  	  	  	"judgement": null
  	  	},
  	  	{
  	  	  	"press": true,
  	  	  	"dir": 2,
  	  	  	"time": 4633.33333333333,
  	  	  	"judgement": null
  	  	},
  	  	{
  	  	  	"press": true,
  	  	  	"dir": 0,
  	  	  	"time": 4750,
  	  	  	"judgement": null
  	  	},
  	  	{
  	  	  	"press": false,
  	  	  	"dir": 2,
  	  	  	"time": 4766.66666666666,
  	  	  	"judgement": null
  	  	},
  	  	{
  	  	  	"press": false,
  	  	  	"dir": 0,
  	  	  	"time": 5100,
  	  	  	"judgement": null
  	  	},
  	  	{
  	  	  	"press": true,
  	  	  	"dir": 1,
  	  	  	"time": 5116.66666666667,
  	  	  	"judgement": null
  	  	},
  	  	{
  	  	  	"press": true,
  	  	  	"dir": 0,
  	  	  	"time": 5233.33333333334,
  	  	  	"judgement": null
  	  	},
  	  	{
  	  	  	"press": false,
  	  	  	"dir": 1,
  	  	  	"time": 5250.00000000001,
  	  	  	"judgement": null
  	  	},
  	  	{
  	  	  	"press": false,
  	  	  	"dir": 0,
  	  	  	"time": 5583.33333333335,
  	  	  	"judgement": null
  	  	},
  	  	{
  	  	  	"press": true,
  	  	  	"dir": 2,
  	  	  	"time": 5600.00000000001,
  	  	  	"judgement": null
  	  	},
  	  	{
  	  	  	"press": true,
  	  	  	"dir": 0,
  	  	  	"time": 5700.00000000001,
  	  	  	"judgement": null
  	  	},
  	  	{
  	  	  	"press": false,
  	  	  	"dir": 2,
  	  	  	"time": 5700.00000000001,
  	  	  	"judgement": null
  	  	},
  	  	{
  	  	  	"press": false,
  	  	  	"dir": 0,
  	  	  	"time": 6033.33333333335,
  	  	  	"judgement": null
  	  	},
  	  	{
  	  	  	"press": true,
  	  	  	"dir": 1,
  	  	  	"time": 6066.66666666669,
  	  	  	"judgement": null
  	  	},
  	  	{
  	  	  	"press": true,
  	  	  	"dir": 0,
  	  	  	"time": 6216.66666666669,
  	  	  	"judgement": null
  	  	},
  	  	{
  	  	  	"press": false,
  	  	  	"dir": 1,
  	  	  	"time": 6216.66666666669,
  	  	  	"judgement": null
  	  	},
  	  	{
  	  	  	"press": false,
  	  	  	"dir": 0,
  	  	  	"time": 6550.00000000003,
  	  	  	"judgement": null
  	  	},
  	  	{
  	  	  	"press": true,
  	  	  	"dir": 2,
  	  	  	"time": 6566.6666666667,
  	  	  	"judgement": null
  	  	},
  	  	{
  	  	  	"press": true,
  	  	  	"dir": 0,
  	  	  	"time": 6683.33333333337,
  	  	  	"judgement": null
  	  	},
  	  	{
  	  	  	"press": false,
  	  	  	"dir": 2,
  	  	  	"time": 6683.33333333337,
  	  	  	"judgement": null
  	  	},
  	  	{
  	  	  	"press": false,
  	  	  	"dir": 0,
  	  	  	"time": 7050.00000000004,
  	  	  	"judgement": null
  	  	},
  	  	{
  	  	  	"press": true,
  	  	  	"dir": 1,
  	  	  	"time": 7066.66666666671,
  	  	  	"judgement": null
  	  	},
  	  	{
  	  	  	"press": true,
  	  	  	"dir": 0,
  	  	  	"time": 7183.33333333337,
  	  	  	"judgement": null
  	  	},
  	  	{
  	  	  	"press": false,
  	  	  	"dir": 1,
  	  	  	"time": 7200.00000000004,
  	  	  	"judgement": null
  	  	},
  	  	{
  	  	  	"press": false,
  	  	  	"dir": 0,
  	  	  	"time": 7366.66666666671,
  	  	  	"judgement": null
  	  	},
  	  	{
  	  	  	"press": true,
  	  	  	"dir": 1,
  	  	  	"time": 7833.33333333339,
  	  	  	"judgement": "good"
  	  	},
  	  	{
  	  	  	"press": false,
  	  	  	"dir": 1,
  	  	  	"time": 7900.00000000005,
  	  	  	"judgement": null
  	  	},
  	  	{
  	  	  	"press": true,
  	  	  	"dir": 3,
  	  	  	"time": 7966.66666666672,
  	  	  	"judgement": "good"
  	  	},
  	  	{
  	  	  	"press": false,
  	  	  	"dir": 3,
  	  	  	"time": 8066.66666666672,
  	  	  	"judgement": null
  	  	},
  	  	{
  	  	  	"press": true,
  	  	  	"dir": 0,
  	  	  	"time": 8100.00000000006,
  	  	  	"judgement": "sick"
  	  	},
  	  	{
  	  	  	"press": false,
  	  	  	"dir": 0,
  	  	  	"time": 8215.66666666667,
  	  	  	"judgement": null
  	  	},
  	  	{
  	  	  	"press": true,
  	  	  	"dir": 1,
  	  	  	"time": 8249,
  	  	  	"judgement": "sick"
  	  	},
  	  	{
  	  	  	"press": false,
  	  	  	"dir": 1,
  	  	  	"time": 8365.66666666666,
  	  	  	"judgement": null
  	  	},
  	  	{
  	  	  	"press": true,
  	  	  	"dir": 1,
  	  	  	"time": 8582.33333333332,
  	  	  	"judgement": "sick"
  	  	},
  	  	{
  	  	  	"press": false,
  	  	  	"dir": 1,
  	  	  	"time": 8932.33333333331,
  	  	  	"judgement": null
  	  	},
  	  	{
  	  	  	"press": true,
  	  	  	"dir": 3,
  	  	  	"time": 8948.99999999997,
  	  	  	"judgement": "sick"
  	  	},
  	  	{
  	  	  	"press": true,
  	  	  	"dir": 2,
  	  	  	"time": 9075.66666666667,
  	  	  	"judgement": "sick"
  	  	},
  	  	{
  	  	  	"press": false,
  	  	  	"dir": 3,
  	  	  	"time": 9092.33333333333,
  	  	  	"judgement": null
  	  	},
  	  	{
  	  	  	"press": true,
  	  	  	"dir": 0,
  	  	  	"time": 9225.66666666666,
  	  	  	"judgement": "sick"
  	  	},
  	  	{
  	  	  	"press": false,
  	  	  	"dir": 2,
  	  	  	"time": 9242.33333333333,
  	  	  	"judgement": null
  	  	},
  	  	{
  	  	  	"press": true,
  	  	  	"dir": 1,
  	  	  	"time": 9442.33333333332,
  	  	  	"judgement": "sick"
  	  	},
  	  	{
  	  	  	"press": false,
  	  	  	"dir": 0,
  	  	  	"time": 9458.99999999999,
  	  	  	"judgement": null
  	  	},
  	  	{
  	  	  	"press": true,
  	  	  	"dir": 3,
  	  	  	"time": 9575.66666666665,
  	  	  	"judgement": "sick"
  	  	},
  	  	{
  	  	  	"press": false,
  	  	  	"dir": 1,
  	  	  	"time": 9575.66666666665,
  	  	  	"judgement": null
  	  	},
  	  	{
  	  	  	"press": true,
  	  	  	"dir": 2,
  	  	  	"time": 9692.33333333331,
  	  	  	"judgement": "sick"
  	  	},
  	  	{
  	  	  	"press": false,
  	  	  	"dir": 3,
  	  	  	"time": 9742.33333333331,
  	  	  	"judgement": null
  	  	},
  	  	{
  	  	  	"press": false,
  	  	  	"dir": 2,
  	  	  	"time": 9908.99999999997,
  	  	  	"judgement": null
  	  	},
  	  	{
  	  	  	"press": true,
  	  	  	"dir": 3,
  	  	  	"time": 9925.66666666664,
  	  	  	"judgement": "sick"
  	  	},
  	  	{
  	  	  	"press": true,
  	  	  	"dir": 1,
  	  	  	"time": 10059,
  	  	  	"judgement": "sick"
  	  	},
  	  	{
  	  	  	"press": false,
  	  	  	"dir": 3,
  	  	  	"time": 10125.6666666666,
  	  	  	"judgement": null
  	  	},
  	  	{
  	  	  	"press": true,
  	  	  	"dir": 0,
  	  	  	"time": 10175.6666666666,
  	  	  	"judgement": "sick"
  	  	},
  	  	{
  	  	  	"press": false,
  	  	  	"dir": 1,
  	  	  	"time": 10192.3333333333,
  	  	  	"judgement": null
  	  	},
  	  	{
  	  	  	"press": false,
  	  	  	"dir": 0,
  	  	  	"time": 10359,
  	  	  	"judgement": null
  	  	},
  	  	{
  	  	  	"press": true,
  	  	  	"dir": 3,
  	  	  	"time": 10392.3333333333,
  	  	  	"judgement": "sick"
  	  	},
  	  	{
  	  	  	"press": true,
  	  	  	"dir": 2,
  	  	  	"time": 10508.9999999999,
  	  	  	"judgement": "sick"
  	  	},
  	  	{
  	  	  	"press": false,
  	  	  	"dir": 3,
  	  	  	"time": 10575.6666666666,
  	  	  	"judgement": null
  	  	},
  	  	{
  	  	  	"press": false,
  	  	  	"dir": 2,
  	  	  	"time": 10825.6666666666,
  	  	  	"judgement": null
  	  	},
  	  	{
  	  	  	"press": true,
  	  	  	"dir": 1,
  	  	  	"time": 10842.3333333333,
  	  	  	"judgement": "good"
  	  	},
  	  	{
  	  	  	"press": true,
  	  	  	"dir": 3,
  	  	  	"time": 11125.6666666667,
  	  	  	"judgement": "sick"
  	  	},
  	  	{
  	  	  	"press": false,
  	  	  	"dir": 1,
  	  	  	"time": 11125.6666666667,
  	  	  	"judgement": null
  	  	},
  	  	{
  	  	  	"press": true,
  	  	  	"dir": 1,
  	  	  	"time": 11309,
  	  	  	"judgement": "sick"
  	  	},
  	  	{
  	  	  	"press": false,
  	  	  	"dir": 3,
  	  	  	"time": 11309,
  	  	  	"judgement": null
  	  	},
  	  	{
  	  	  	"press": false,
  	  	  	"dir": 1,
  	  	  	"time": 11375.6666666667,
  	  	  	"judgement": null
  	  	},
  	  	{
  	  	  	"press": true,
  	  	  	"dir": 2,
  	  	  	"time": 11459,
  	  	  	"judgement": "sick"
  	  	},
  	  	{
  	  	  	"press": true,
  	  	  	"dir": 0,
  	  	  	"time": 11609,
  	  	  	"judgement": "sick"
  	  	},
  	  	{
  	  	  	"press": false,
  	  	  	"dir": 2,
  	  	  	"time": 11609,
  	  	  	"judgement": null
  	  	},
  	  	{
  	  	  	"press": true,
  	  	  	"dir": 1,
  	  	  	"time": 12075.6666666666,
  	  	  	"judgement": "sick"
  	  	},
  	  	{
  	  	  	"press": false,
  	  	  	"dir": 0,
  	  	  	"time": 12092.3333333333,
  	  	  	"judgement": null
  	  	},
  	  	{
  	  	  	"press": false,
  	  	  	"dir": 1,
  	  	  	"time": 12392.3333333333,
  	  	  	"judgement": null
  	  	},
  	  	{
  	  	  	"press": true,
  	  	  	"dir": 3,
  	  	  	"time": 12575.6666666666,
  	  	  	"judgement": "sick"
  	  	},
  	  	{
  	  	  	"press": true,
  	  	  	"dir": 1,
  	  	  	"time": 13058.9999999999,
  	  	  	"judgement": "sick"
  	  	},
  	  	{
  	  	  	"press": false,
  	  	  	"dir": 3,
  	  	  	"time": 13208.9999999999,
  	  	  	"judgement": null
  	  	},
  	  	{
  	  	  	"press": true,
  	  	  	"dir": 0,
  	  	  	"time": 13275.6666666666,
  	  	  	"judgement": "sick"
  	  	},
  	  	{
  	  	  	"press": false,
  	  	  	"dir": 1,
  	  	  	"time": 13308.9999999999,
  	  	  	"judgement": null
  	  	},
  	  	{
  	  	  	"press": false,
  	  	  	"dir": 0,
  	  	  	"time": 13392.3333333332,
  	  	  	"judgement": null
  	  	},
  	  	{
  	  	  	"press": true,
  	  	  	"dir": 2,
  	  	  	"time": 13558.9999999999,
  	  	  	"judgement": "sick"
  	  	},
  	  	{
  	  	  	"press": true,
  	  	  	"dir": 0,
  	  	  	"time": 14242.3333333332,
  	  	  	"judgement": "sick"
  	  	},
  	  	{
  	  	  	"press": false,
  	  	  	"dir": 2,
  	  	  	"time": 14275.6666666665,
  	  	  	"judgement": null
  	  	},
  	  	{
  	  	  	"press": false,
  	  	  	"dir": 0,
  	  	  	"time": 14325.6666666665,
  	  	  	"judgement": null
  	  	},
  	  	{
  	  	  	"press": true,
  	  	  	"dir": 3,
  	  	  	"time": 14375.6666666665,
  	  	  	"judgement": "sick"
  	  	},
  	  	{
  	  	  	"press": false,
  	  	  	"dir": 3,
  	  	  	"time": 14525.6666666665,
  	  	  	"judgement": null
  	  	},
  	  	{
  	  	  	"press": true,
  	  	  	"dir": 1,
  	  	  	"time": 14642.3333333332,
  	  	  	"judgement": "sick"
  	  	},
  	  	{
  	  	  	"press": true,
  	  	  	"dir": 0,
  	  	  	"time": 14725.6666666665,
  	  	  	"judgement": "sick"
  	  	},
  	  	{
  	  	  	"press": false,
  	  	  	"dir": 1,
  	  	  	"time": 14775.6666666665,
  	  	  	"judgement": null
  	  	},
  	  	{
  	  	  	"press": false,
  	  	  	"dir": 0,
  	  	  	"time": 14842.3333333332,
  	  	  	"judgement": null
  	  	},
  	  	{
  	  	  	"press": true,
  	  	  	"dir": 2,
  	  	  	"time": 14975.6666666665,
  	  	  	"judgement": "sick"
  	  	},
  	  	{
  	  	  	"press": true,
  	  	  	"dir": 0,
  	  	  	"time": 15255.6666666667,
  	  	  	"judgement": "sick"
  	  	},
  	  	{
  	  	  	"press": false,
  	  	  	"dir": 2,
  	  	  	"time": 15272.3333333333,
  	  	  	"judgement": null
  	  	},
  	  	{
  	  	  	"press": false,
  	  	  	"dir": 0,
  	  	  	"time": 15322.3333333333,
  	  	  	"judgement": null
  	  	},
  	  	{
  	  	  	"press": true,
  	  	  	"dir": 3,
  	  	  	"time": 15355.6666666667,
  	  	  	"judgement": "sick"
  	  	},
  	  	{
  	  	  	"press": true,
  	  	  	"dir": 1,
  	  	  	"time": 15489,
  	  	  	"judgement": "sick"
  	  	},
  	  	{
  	  	  	"press": false,
  	  	  	"dir": 3,
  	  	  	"time": 15505.6666666666,
  	  	  	"judgement": null
  	  	},
  	  	{
  	  	  	"press": false,
  	  	  	"dir": 1,
  	  	  	"time": 15589,
  	  	  	"judgement": null
  	  	},
  	  	{
  	  	  	"press": true,
  	  	  	"dir": 0,
  	  	  	"time": 15939,
  	  	  	"judgement": null
  	  	},
  	  	{
  	  	  	"press": true,
  	  	  	"dir": 2,
  	  	  	"time": 15939,
  	  	  	"judgement": null
  	  	},
  	  	{
  	  	  	"press": true,
  	  	  	"dir": 3,
  	  	  	"time": 15939,
  	  	  	"judgement": null
  	  	},
  	  	{
  	  	  	"press": false,
  	  	  	"dir": 2,
  	  	  	"time": 15972.3333333333,
  	  	  	"judgement": null
  	  	},
  	  	{
  	  	  	"press": false,
  	  	  	"dir": 0,
  	  	  	"time": 16039,
  	  	  	"judgement": null
  	  	},
  	  	{
  	  	  	"press": false,
  	  	  	"dir": 3,
  	  	  	"time": 16072.3333333333,
  	  	  	"judgement": null
  	  	},
  	  	{
  	  	  	"press": true,
  	  	  	"dir": 0,
  	  	  	"time": 16389,
  	  	  	"judgement": null
  	  	},
  	  	{
  	  	  	"press": true,
  	  	  	"dir": 2,
  	  	  	"time": 16389,
  	  	  	"judgement": null
  	  	},
  	  	{
  	  	  	"press": true,
  	  	  	"dir": 3,
  	  	  	"time": 16439,
  	  	  	"judgement": null
  	  	},
  	  	{
  	  	  	"press": false,
  	  	  	"dir": 0,
  	  	  	"time": 16455.6666666666,
  	  	  	"judgement": null
  	  	},
  	  	{
  	  	  	"press": false,
  	  	  	"dir": 2,
  	  	  	"time": 16505.6666666666,
  	  	  	"judgement": null
  	  	},
  	  	{
  	  	  	"press": false,
  	  	  	"dir": 3,
  	  	  	"time": 16522.3333333333,
  	  	  	"judgement": null
  	  	},
  	  	{
  	  	  	"press": true,
  	  	  	"dir": 3,
  	  	  	"time": 16922.3333333333,
  	  	  	"judgement": null
  	  	},
  	  	{
  	  	  	"press": true,
  	  	  	"dir": 0,
  	  	  	"time": 16972.3333333333,
  	  	  	"judgement": null
  	  	},
  	  	{
  	  	  	"press": true,
  	  	  	"dir": 2,
  	  	  	"time": 17139,
  	  	  	"judgement": null
  	  	},
  	  	{
  	  	  	"press": false,
  	  	  	"dir": 3,
  	  	  	"time": 17172.3333333333,
  	  	  	"judgement": null
  	  	},
  	  	{
  	  	  	"press": false,
  	  	  	"dir": 2,
  	  	  	"time": 17205.6666666667,
  	  	  	"judgement": null
  	  	},
  	  	{
  	  	  	"press": false,
  	  	  	"dir": 0,
  	  	  	"time": 17305.6666666667,
  	  	  	"judgement": null
  	  	},
  	  	{
  	  	  	"press": true,
  	  	  	"dir": 3,
  	  	  	"time": 17355.6666666667,
  	  	  	"judgement": null
  	  	},
  	  	{
  	  	  	"press": true,
  	  	  	"dir": 2,
  	  	  	"time": 17422.3333333334,
  	  	  	"judgement": null
  	  	},
  	  	{
  	  	  	"press": false,
  	  	  	"dir": 3,
  	  	  	"time": 17472.3333333334,
  	  	  	"judgement": null
  	  	},
  	  	{
  	  	  	"press": false,
  	  	  	"dir": 2,
  	  	  	"time": 17572.3333333334,
  	  	  	"judgement": null
  	  	},
  	  	{
  	  	  	"press": true,
  	  	  	"dir": 1,
  	  	  	"time": 17605.6666666667,
  	  	  	"judgement": null
  	  	},
  	  	{
  	  	  	"press": true,
  	  	  	"dir": 3,
  	  	  	"time": 17605.6666666667,
  	  	  	"judgement": null
  	  	},
  	  	{
  	  	  	"press": true,
  	  	  	"dir": 2,
  	  	  	"time": 17722.3333333334,
  	  	  	"judgement": null
  	  	},
  	  	{
  	  	  	"press": false,
  	  	  	"dir": 1,
  	  	  	"time": 17789.0000000001,
  	  	  	"judgement": null
  	  	},
  	  	{
  	  	  	"press": false,
  	  	  	"dir": 3,
  	  	  	"time": 17789.0000000001,
  	  	  	"judgement": null
  	  	},
  	  	{
  	  	  	"press": true,
  	  	  	"dir": 0,
  	  	  	"time": 17805.6666666667,
  	  	  	"judgement": null
  	  	},
  	  	{
  	  	  	"press": false,
  	  	  	"dir": 2,
  	  	  	"time": 17855.6666666667,
  	  	  	"judgement": null
  	  	},
  	  	{
  	  	  	"press": true,
  	  	  	"dir": 3,
  	  	  	"time": 17872.3333333334,
  	  	  	"judgement": null
  	  	},
  	  	{
  	  	  	"press": true,
  	  	  	"dir": 2,
  	  	  	"time": 17989.0000000001,
  	  	  	"judgement": null
  	  	},
  	  	{
  	  	  	"press": false,
  	  	  	"dir": 3,
  	  	  	"time": 18005.6666666667,
  	  	  	"judgement": null
  	  	},
  	  	{
  	  	  	"press": false,
  	  	  	"dir": 2,
  	  	  	"time": 18089.0000000001,
  	  	  	"judgement": null
  	  	},
  	  	{
  	  	  	"press": true,
  	  	  	"dir": 3,
  	  	  	"time": 18122.3333333334,
  	  	  	"judgement": null
  	  	},
  	  	{
  	  	  	"press": false,
  	  	  	"dir": 0,
  	  	  	"time": 18205.6666666668,
  	  	  	"judgement": null
  	  	},
  	  	{
  	  	  	"press": true,
  	  	  	"dir": 2,
  	  	  	"time": 18222.3333333334,
  	  	  	"judgement": null
  	  	},
  	  	{
  	  	  	"press": false,
  	  	  	"dir": 3,
  	  	  	"time": 18255.6666666668,
  	  	  	"judgement": null
  	  	},
  	  	{
  	  	  	"press": true,
  	  	  	"dir": 1,
  	  	  	"time": 18305.6666666668,
  	  	  	"judgement": null
  	  	},
  	  	{
  	  	  	"press": false,
  	  	  	"dir": 2,
  	  	  	"time": 18339.0000000001,
  	  	  	"judgement": null
  	  	},
  	  	{
  	  	  	"press": true,
  	  	  	"dir": 3,
  	  	  	"time": 18372.3333333334,
  	  	  	"judgement": null
  	  	},
  	  	{
  	  	  	"press": true,
  	  	  	"dir": 2,
  	  	  	"time": 18455.6666666668,
  	  	  	"judgement": null
  	  	},
  	  	{
  	  	  	"press": false,
  	  	  	"dir": 3,
  	  	  	"time": 18489.0000000001,
  	  	  	"judgement": null
  	  	},
  	  	{
  	  	  	"press": false,
  	  	  	"dir": 1,
  	  	  	"time": 18555.6666666668,
  	  	  	"judgement": null
  	  	},
  	  	{
  	  	  	"press": false,
  	  	  	"dir": 2,
  	  	  	"time": 18555.6666666668,
  	  	  	"judgement": null
  	  	},
  	  	{
  	  	  	"press": true,
  	  	  	"dir": 3,
  	  	  	"time": 18789.0000000001,
  	  	  	"judgement": "sick"
  	  	},
  	  	{
  	  	  	"press": false,
  	  	  	"dir": 3,
  	  	  	"time": 18855.6666666668,
  	  	  	"judgement": null
  	  	},
  	  	{
  	  	  	"press": true,
  	  	  	"dir": 2,
  	  	  	"time": 19172.3333333335,
  	  	  	"judgement": "sick"
  	  	},
  	  	{
  	  	  	"press": false,
  	  	  	"dir": 2,
  	  	  	"time": 19222.3333333335,
  	  	  	"judgement": null
  	  	},
  	  	{
  	  	  	"press": true,
  	  	  	"dir": 0,
  	  	  	"time": 19389.0000000002,
  	  	  	"judgement": "sick"
  	  	},
  	  	{
  	  	  	"press": false,
  	  	  	"dir": 0,
  	  	  	"time": 19455.6666666668,
  	  	  	"judgement": null
  	  	},
  	  	{
  	  	  	"press": true,
  	  	  	"dir": 3,
  	  	  	"time": 19505.6666666668,
  	  	  	"judgement": "sick"
  	  	},
  	  	{
  	  	  	"press": false,
  	  	  	"dir": 3,
  	  	  	"time": 19572.3333333335,
  	  	  	"judgement": null
  	  	},
  	  	{
  	  	  	"press": true,
  	  	  	"dir": 1,
  	  	  	"time": 19672.3333333335,
  	  	  	"judgement": "sick"
  	  	},
  	  	{
  	  	  	"press": false,
  	  	  	"dir": 1,
  	  	  	"time": 19722.3333333335,
  	  	  	"judgement": null
  	  	},
  	  	{
  	  	  	"press": true,
  	  	  	"dir": 0,
  	  	  	"time": 19872.3333333335,
  	  	  	"judgement": "sick"
  	  	},
  	  	{
  	  	  	"press": false,
  	  	  	"dir": 0,
  	  	  	"time": 19922.3333333335,
  	  	  	"judgement": null
  	  	},
  	  	{
  	  	  	"press": true,
  	  	  	"dir": 2,
  	  	  	"time": 20005.6666666669,
  	  	  	"judgement": "sick"
  	  	},
  	  	{
  	  	  	"press": false,
  	  	  	"dir": 2,
  	  	  	"time": 20072.3333333336,
  	  	  	"judgement": null
  	  	},
  	  	{
  	  	  	"press": true,
  	  	  	"dir": 3,
  	  	  	"time": 20122.3333333336,
  	  	  	"judgement": "sick"
  	  	},
  	  	{
  	  	  	"press": false,
  	  	  	"dir": 3,
  	  	  	"time": 20172.3333333336,
  	  	  	"judgement": null
  	  	},
  	  	{
  	  	  	"press": true,
  	  	  	"dir": 3,
  	  	  	"time": 20255.6666666669,
  	  	  	"judgement": "sick"
  	  	},
  	  	{
  	  	  	"press": false,
  	  	  	"dir": 3,
  	  	  	"time": 20322.3333333336,
  	  	  	"judgement": null
  	  	},
  	  	{
  	  	  	"press": true,
  	  	  	"dir": 2,
  	  	  	"time": 20339.0000000002,
  	  	  	"judgement": null
  	  	},
  	  	{
  	  	  	"press": false,
  	  	  	"dir": 0,
  	  	  	"time": 20339.0000000002,
  	  	  	"judgement": null
  	  	},
  	  	{
  	  	  	"press": false,
  	  	  	"dir": 1,
  	  	  	"time": 20339.0000000002,
  	  	  	"judgement": null
  	  	},
  	  	{
  	  	  	"press": false,
  	  	  	"dir": 3,
  	  	  	"time": 20339.0000000002,
  	  	  	"judgement": null
  	  	},
  	  	{
  	  	  	"press": true,
  	  	  	"dir": 0,
  	  	  	"time": 20355.6666666669,
  	  	  	"judgement": "shit"
  	  	},
  	  	{
  	  	  	"press": false,
  	  	  	"dir": 2,
  	  	  	"time": 20355.6666666669,
  	  	  	"judgement": null
  	  	},
  	  	{
  	  	  	"press": true,
  	  	  	"dir": 3,
  	  	  	"time": 20372.3333333336,
  	  	  	"judgement": null
  	  	},
  	  	{
  	  	  	"press": false,
  	  	  	"dir": 0,
  	  	  	"time": 20372.3333333336,
  	  	  	"judgement": null
  	  	},
  	  	{
  	  	  	"press": true,
  	  	  	"dir": 1,
  	  	  	"time": 20389.0000000002,
  	  	  	"judgement": "sick"
  	  	},
  	  	{
  	  	  	"press": true,
  	  	  	"dir": 2,
  	  	  	"time": 20389.0000000002,
  	  	  	"judgement": null
  	  	},
  	  	{
  	  	  	"press": false,
  	  	  	"dir": 2,
  	  	  	"time": 21094.6666666667,
  	  	  	"judgement": null
  	  	},
  	  	{
  	  	  	"press": false,
  	  	  	"dir": 3,
  	  	  	"time": 21094.6666666667,
  	  	  	"judgement": null
  	  	},
  	  	{
  	  	  	"press": true,
  	  	  	"dir": 0,
  	  	  	"time": 21198,
  	  	  	"judgement": "shit"
  	  	},
  	  	{
  	  	  	"press": false,
  	  	  	"dir": 1,
  	  	  	"time": 21214.6666666667,
  	  	  	"judgement": null
  	  	},
  	  	{
  	  	  	"press": false,
  	  	  	"dir": 0,
  	  	  	"time": 21298,
  	  	  	"judgement": null
  	  	},
  	  	{
  	  	  	"press": true,
  	  	  	"dir": 1,
  	  	  	"time": 21431.3333333334,
  	  	  	"judgement": "shit"
  	  	},
  	  	{
  	  	  	"press": false,
  	  	  	"dir": 1,
  	  	  	"time": 21531.3333333334,
  	  	  	"judgement": null
  	  	},
  	  	{
  	  	  	"press": true,
  	  	  	"dir": 3,
  	  	  	"time": 21581.3333333334,
  	  	  	"judgement": "bad"
  	  	},
  	  	{
  	  	  	"press": false,
  	  	  	"dir": 3,
  	  	  	"time": 21648,
  	  	  	"judgement": null
  	  	},
  	  	{
  	  	  	"press": true,
  	  	  	"dir": 0,
  	  	  	"time": 21714.6666666667,
  	  	  	"judgement": "bad"
  	  	},
  	  	{
  	  	  	"press": false,
  	  	  	"dir": 0,
  	  	  	"time": 21781.3333333334,
  	  	  	"judgement": null
  	  	},
  	  	{
  	  	  	"press": true,
  	  	  	"dir": 2,
  	  	  	"time": 21798,
  	  	  	"judgement": "good"
  	  	},
  	  	{
  	  	  	"press": false,
  	  	  	"dir": 2,
  	  	  	"time": 21914.6666666667,
  	  	  	"judgement": null
  	  	},
  	  	{
  	  	  	"press": true,
  	  	  	"dir": 3,
  	  	  	"time": 21931.3333333334,
  	  	  	"judgement": "sick"
  	  	},
  	  	{
  	  	  	"press": false,
  	  	  	"dir": 3,
  	  	  	"time": 21981.3333333334,
  	  	  	"judgement": null
  	  	},
  	  	{
  	  	  	"press": true,
  	  	  	"dir": 1,
  	  	  	"time": 22031.3333333334,
  	  	  	"judgement": "sick"
  	  	},
  	  	{
  	  	  	"press": true,
  	  	  	"dir": 0,
  	  	  	"time": 22148.0000000001,
  	  	  	"judgement": "sick"
  	  	},
  	  	{
  	  	  	"press": false,
  	  	  	"dir": 1,
  	  	  	"time": 22148.0000000001,
  	  	  	"judgement": null
  	  	},
  	  	{
  	  	  	"press": true,
  	  	  	"dir": 1,
  	  	  	"time": 22398.0000000001,
  	  	  	"judgement": "sick"
  	  	},
  	  	{
  	  	  	"press": false,
  	  	  	"dir": 0,
  	  	  	"time": 22398.0000000001,
  	  	  	"judgement": null
  	  	},
  	  	{
  	  	  	"press": false,
  	  	  	"dir": 1,
  	  	  	"time": 22481.3333333334,
  	  	  	"judgement": null
  	  	},
  	  	{
  	  	  	"press": true,
  	  	  	"dir": 3,
  	  	  	"time": 22531.3333333334,
  	  	  	"judgement": "sick"
  	  	},
  	  	{
  	  	  	"press": true,
  	  	  	"dir": 2,
  	  	  	"time": 22664.6666666668,
  	  	  	"judgement": "sick"
  	  	},
  	  	{
  	  	  	"press": false,
  	  	  	"dir": 3,
  	  	  	"time": 22698.0000000001,
  	  	  	"judgement": null
  	  	},
  	  	{
  	  	  	"press": false,
  	  	  	"dir": 2,
  	  	  	"time": 22748.0000000001,
  	  	  	"judgement": null
  	  	},
  	  	{
  	  	  	"press": true,
  	  	  	"dir": 0,
  	  	  	"time": 22764.6666666668,
  	  	  	"judgement": "sick"
  	  	},
  	  	{
  	  	  	"press": false,
  	  	  	"dir": 0,
  	  	  	"time": 22814.6666666668,
  	  	  	"judgement": null
  	  	},
  	  	{
  	  	  	"press": true,
  	  	  	"dir": 3,
  	  	  	"time": 22881.3333333335,
  	  	  	"judgement": "sick"
  	  	},
  	  	{
  	  	  	"press": false,
  	  	  	"dir": 3,
  	  	  	"time": 22964.6666666668,
  	  	  	"judgement": null
  	  	},
  	  	{
  	  	  	"press": true,
  	  	  	"dir": 1,
  	  	  	"time": 23031.3333333335,
  	  	  	"judgement": "sick"
  	  	},
  	  	{
  	  	  	"press": false,
  	  	  	"dir": 1,
  	  	  	"time": 23114.6666666668,
  	  	  	"judgement": null
  	  	},
  	  	{
  	  	  	"press": true,
  	  	  	"dir": 0,
  	  	  	"time": 23131.3333333335,
  	  	  	"judgement": "sick"
  	  	},
  	  	{
  	  	  	"press": false,
  	  	  	"dir": 0,
  	  	  	"time": 23181.3333333335,
  	  	  	"judgement": null
  	  	},
  	  	{
  	  	  	"press": true,
  	  	  	"dir": 0,
  	  	  	"time": 23581.3333333335,
  	  	  	"judgement": null
  	  	},
  	  	{
  	  	  	"press": true,
  	  	  	"dir": 3,
  	  	  	"time": 23581.3333333335,
  	  	  	"judgement": null
  	  	},
  	  	{
  	  	  	"press": true,
  	  	  	"dir": 1,
  	  	  	"time": 23598.0000000002,
  	  	  	"judgement": null
  	  	},
  	  	{
  	  	  	"press": true,
  	  	  	"dir": 2,
  	  	  	"time": 23598.0000000002,
  	  	  	"judgement": null
  	  	},
  	  	{
  	  	  	"press": false,
  	  	  	"dir": 2,
  	  	  	"time": 23781.3333333335,
  	  	  	"judgement": null
  	  	},
  	  	{
  	  	  	"press": false,
  	  	  	"dir": 3,
  	  	  	"time": 23781.3333333335,
  	  	  	"judgement": null
  	  	},
  	  	{
  	  	  	"press": true,
  	  	  	"dir": 3,
  	  	  	"time": 24114.6666666669,
  	  	  	"judgement": null
  	  	},
  	  	{
  	  	  	"press": true,
  	  	  	"dir": 2,
  	  	  	"time": 24131.3333333335,
  	  	  	"judgement": null
  	  	},
  	  	{
  	  	  	"press": false,
  	  	  	"dir": 2,
  	  	  	"time": 24164.6666666669,
  	  	  	"judgement": null
  	  	},
  	  	{
  	  	  	"press": false,
  	  	  	"dir": 3,
  	  	  	"time": 24164.6666666669,
  	  	  	"judgement": null
  	  	},
  	  	{
  	  	  	"press": false,
  	  	  	"dir": 1,
  	  	  	"time": 24248.0000000002,
  	  	  	"judgement": null
  	  	},
  	  	{
  	  	  	"press": false,
  	  	  	"dir": 0,
  	  	  	"time": 24264.6666666669,
  	  	  	"judgement": null
  	  	},
  	  	{
  	  	  	"press": true,
  	  	  	"dir": 0,
  	  	  	"time": 24564.6666666669,
  	  	  	"judgement": null
  	  	},
  	  	{
  	  	  	"press": true,
  	  	  	"dir": 1,
  	  	  	"time": 24564.6666666669,
  	  	  	"judgement": null
  	  	},
  	  	{
  	  	  	"press": true,
  	  	  	"dir": 2,
  	  	  	"time": 24581.3333333336,
  	  	  	"judgement": null
  	  	},
  	  	{
  	  	  	"press": true,
  	  	  	"dir": 3,
  	  	  	"time": 24581.3333333336,
  	  	  	"judgement": null
  	  	},
  	  	{
  	  	  	"press": false,
  	  	  	"dir": 2,
  	  	  	"time": 24631.3333333336,
  	  	  	"judgement": null
  	  	},
  	  	{
  	  	  	"press": false,
  	  	  	"dir": 3,
  	  	  	"time": 24648.0000000003,
  	  	  	"judgement": null
  	  	},
  	  	{
  	  	  	"press": false,
  	  	  	"dir": 0,
  	  	  	"time": 24664.6666666669,
  	  	  	"judgement": null
  	  	},
  	  	{
  	  	  	"press": false,
  	  	  	"dir": 1,
  	  	  	"time": 24681.3333333336,
  	  	  	"judgement": null
  	  	},
  	  	{
  	  	  	"press": true,
  	  	  	"dir": 1,
  	  	  	"time": 24814.6666666669,
  	  	  	"judgement": null
  	  	},
  	  	{
  	  	  	"press": false,
  	  	  	"dir": 1,
  	  	  	"time": 24864.6666666669,
  	  	  	"judgement": null
  	  	},
  	  	{
  	  	  	"press": true,
  	  	  	"dir": 2,
  	  	  	"time": 24898.0000000003,
  	  	  	"judgement": "good"
  	  	},
  	  	{
  	  	  	"press": true,
  	  	  	"dir": 0,
  	  	  	"time": 24948.0000000003,
  	  	  	"judgement": "sick"
  	  	},
  	  	{
  	  	  	"press": false,
  	  	  	"dir": 2,
  	  	  	"time": 24964.6666666669,
  	  	  	"judgement": null
  	  	},
  	  	{
  	  	  	"press": true,
  	  	  	"dir": 1,
  	  	  	"time": 25048.0000000003,
  	  	  	"judgement": "sick"
  	  	},
  	  	{
  	  	  	"press": false,
  	  	  	"dir": 0,
  	  	  	"time": 25064.6666666669,
  	  	  	"judgement": null
  	  	},
  	  	{
  	  	  	"press": false,
  	  	  	"dir": 1,
  	  	  	"time": 25098.0000000003,
  	  	  	"judgement": null
  	  	},
  	  	{
  	  	  	"press": true,
  	  	  	"dir": 3,
  	  	  	"time": 25298.0000000003,
  	  	  	"judgement": "sick"
  	  	},
  	  	{
  	  	  	"press": false,
  	  	  	"dir": 3,
  	  	  	"time": 25348.0000000003,
  	  	  	"judgement": null
  	  	},
  	  	{
  	  	  	"press": true,
  	  	  	"dir": 2,
  	  	  	"time": 25514.666666667,
  	  	  	"judgement": "sick"
  	  	},
  	  	{
  	  	  	"press": true,
  	  	  	"dir": 0,
  	  	  	"time": 25981.3333333334,
  	  	  	"judgement": null
  	  	},
  	  	{
  	  	  	"press": false,
  	  	  	"dir": 0,
  	  	  	"time": 26031.3333333334,
  	  	  	"judgement": null
  	  	},
  	  	{
  	  	  	"press": false,
  	  	  	"dir": 2,
  	  	  	"time": 26181.3333333334,
  	  	  	"judgement": null
  	  	},
  	  	{
  	  	  	"press": true,
  	  	  	"dir": 0,
  	  	  	"time": 26248,
  	  	  	"judgement": "sick"
  	  	},
  	  	{
  	  	  	"press": false,
  	  	  	"dir": 0,
  	  	  	"time": 26314.6666666667,
  	  	  	"judgement": null
  	  	},
  	  	{
  	  	  	"press": true,
  	  	  	"dir": 1,
  	  	  	"time": 26498.0000000001,
  	  	  	"judgement": "sick"
  	  	},
  	  	{
  	  	  	"press": false,
  	  	  	"dir": 1,
  	  	  	"time": 26564.6666666667,
  	  	  	"judgement": null
  	  	},
  	  	{
  	  	  	"press": true,
  	  	  	"dir": 3,
  	  	  	"time": 26731.3333333334,
  	  	  	"judgement": "sick"
  	  	},
  	  	{
  	  	  	"press": false,
  	  	  	"dir": 3,
  	  	  	"time": 26814.6666666668,
  	  	  	"judgement": null
  	  	},
  	  	{
  	  	  	"press": true,
  	  	  	"dir": 0,
  	  	  	"time": 26981.3333333334,
  	  	  	"judgement": "sick"
  	  	},
  	  	{
  	  	  	"press": false,
  	  	  	"dir": 0,
  	  	  	"time": 27031.3333333334,
  	  	  	"judgement": null
  	  	},
  	  	{
  	  	  	"press": true,
  	  	  	"dir": 2,
  	  	  	"time": 27114.6666666668,
  	  	  	"judgement": "sick"
  	  	},
  	  	{
  	  	  	"press": false,
  	  	  	"dir": 2,
  	  	  	"time": 27214.6666666668,
  	  	  	"judgement": null
  	  	},
  	  	{
  	  	  	"press": true,
  	  	  	"dir": 1,
  	  	  	"time": 27231.3333333335,
  	  	  	"judgement": "sick"
  	  	},
  	  	{
  	  	  	"press": true,
  	  	  	"dir": 0,
  	  	  	"time": 27348.0000000001,
  	  	  	"judgement": "sick"
  	  	},
  	  	{
  	  	  	"press": false,
  	  	  	"dir": 1,
  	  	  	"time": 27348.0000000001,
  	  	  	"judgement": null
  	  	},
  	  	{
  	  	  	"press": false,
  	  	  	"dir": 0,
  	  	  	"time": 27431.3333333335,
  	  	  	"judgement": null
  	  	},
  	  	{
  	  	  	"press": true,
  	  	  	"dir": 2,
  	  	  	"time": 27448.0000000001,
  	  	  	"judgement": "sick"
  	  	},
  	  	{
  	  	  	"press": false,
  	  	  	"dir": 2,
  	  	  	"time": 27581.3333333335,
  	  	  	"judgement": null
  	  	},
  	  	{
  	  	  	"press": true,
  	  	  	"dir": 3,
  	  	  	"time": 27598.0000000001,
  	  	  	"judgement": "sick"
  	  	},
  	  	{
  	  	  	"press": false,
  	  	  	"dir": 3,
  	  	  	"time": 27681.3333333335,
  	  	  	"judgement": null
  	  	},
  	  	{
  	  	  	"press": true,
  	  	  	"dir": 1,
  	  	  	"time": 27698.0000000002,
  	  	  	"judgement": "sick"
  	  	},
  	  	{
  	  	  	"press": false,
  	  	  	"dir": 1,
  	  	  	"time": 27764.6666666668,
  	  	  	"judgement": null
  	  	},
  	  	{
  	  	  	"press": true,
  	  	  	"dir": 2,
  	  	  	"time": 27814.6666666668,
  	  	  	"judgement": "sick"
  	  	},
  	  	{
  	  	  	"press": true,
  	  	  	"dir": 0,
  	  	  	"time": 27914.6666666668,
  	  	  	"judgement": "sick"
  	  	},
  	  	{
  	  	  	"press": false,
  	  	  	"dir": 2,
  	  	  	"time": 27914.6666666668,
  	  	  	"judgement": null
  	  	},
  	  	{
  	  	  	"press": false,
  	  	  	"dir": 0,
  	  	  	"time": 28048.0000000002,
  	  	  	"judgement": null
  	  	},
  	  	{
  	  	  	"press": true,
  	  	  	"dir": 2,
  	  	  	"time": 28064.6666666668,
  	  	  	"judgement": "sick"
  	  	},
  	  	{
  	  	  	"press": false,
  	  	  	"dir": 2,
  	  	  	"time": 28148.0000000002,
  	  	  	"judgement": null
  	  	},
  	  	{
  	  	  	"press": true,
  	  	  	"dir": 3,
  	  	  	"time": 28198.0000000002,
  	  	  	"judgement": "sick"
  	  	},
  	  	{
  	  	  	"press": true,
  	  	  	"dir": 1,
  	  	  	"time": 28281.3333333335,
  	  	  	"judgement": "sick"
  	  	},
  	  	{
  	  	  	"press": false,
  	  	  	"dir": 3,
  	  	  	"time": 28281.3333333335,
  	  	  	"judgement": null
  	  	},
  	  	{
  	  	  	"press": false,
  	  	  	"dir": 1,
  	  	  	"time": 28364.6666666669,
  	  	  	"judgement": null
  	  	},
  	  	{
  	  	  	"press": true,
  	  	  	"dir": 2,
  	  	  	"time": 28431.3333333335,
  	  	  	"judgement": "sick"
  	  	},
  	  	{
  	  	  	"press": false,
  	  	  	"dir": 2,
  	  	  	"time": 28514.6666666669,
  	  	  	"judgement": null
  	  	},
  	  	{
  	  	  	"press": true,
  	  	  	"dir": 0,
  	  	  	"time": 28531.3333333335,
  	  	  	"judgement": "sick"
  	  	},
  	  	{
  	  	  	"press": false,
  	  	  	"dir": 0,
  	  	  	"time": 28648.0000000002,
  	  	  	"judgement": null
  	  	},
  	  	{
  	  	  	"press": true,
  	  	  	"dir": 3,
  	  	  	"time": 28664.6666666669,
  	  	  	"judgement": "sick"
  	  	},
  	  	{
  	  	  	"press": false,
  	  	  	"dir": 3,
  	  	  	"time": 28748.0000000002,
  	  	  	"judgement": null
  	  	},
  	  	{
  	  	  	"press": true,
  	  	  	"dir": 1,
  	  	  	"time": 28764.6666666669,
  	  	  	"judgement": "sick"
  	  	},
  	  	{
  	  	  	"press": true,
  	  	  	"dir": 0,
  	  	  	"time": 28898.0000000002,
  	  	  	"judgement": "sick"
  	  	},
  	  	{
  	  	  	"press": false,
  	  	  	"dir": 1,
  	  	  	"time": 28914.6666666669,
  	  	  	"judgement": null
  	  	},
  	  	{
  	  	  	"press": true,
  	  	  	"dir": 2,
  	  	  	"time": 29014.6666666669,
  	  	  	"judgement": "sick"
  	  	},
  	  	{
  	  	  	"press": false,
  	  	  	"dir": 0,
  	  	  	"time": 29014.6666666669,
  	  	  	"judgement": null
  	  	},
  	  	{
  	  	  	"press": false,
  	  	  	"dir": 2,
  	  	  	"time": 29114.6666666669,
  	  	  	"judgement": null
  	  	},
  	  	{
  	  	  	"press": true,
  	  	  	"dir": 1,
  	  	  	"time": 29131.3333333336,
  	  	  	"judgement": "sick"
  	  	},
  	  	{
  	  	  	"press": true,
  	  	  	"dir": 0,
  	  	  	"time": 29264.6666666669,
  	  	  	"judgement": "sick"
  	  	},
  	  	{
  	  	  	"press": false,
  	  	  	"dir": 1,
  	  	  	"time": 29281.3333333336,
  	  	  	"judgement": null
  	  	},
  	  	{
  	  	  	"press": true,
  	  	  	"dir": 2,
  	  	  	"time": 29381.3333333336,
  	  	  	"judgement": "sick"
  	  	},
  	  	{
  	  	  	"press": false,
  	  	  	"dir": 0,
  	  	  	"time": 29381.3333333336,
  	  	  	"judgement": null
  	  	},
  	  	{
  	  	  	"press": false,
  	  	  	"dir": 2,
  	  	  	"time": 29498.0000000003,
  	  	  	"judgement": null
  	  	},
  	  	{
  	  	  	"press": true,
  	  	  	"dir": 3,
  	  	  	"time": 29514.666666667,
  	  	  	"judgement": "sick"
  	  	},
  	  	{
  	  	  	"press": false,
  	  	  	"dir": 3,
  	  	  	"time": 29581.3333333336,
  	  	  	"judgement": null
  	  	},
  	  	{
  	  	  	"press": true,
  	  	  	"dir": 1,
  	  	  	"time": 29614.666666667,
  	  	  	"judgement": "sick"
  	  	},
  	  	{
  	  	  	"press": false,
  	  	  	"dir": 1,
  	  	  	"time": 29698.0000000003,
  	  	  	"judgement": null
  	  	},
  	  	{
  	  	  	"press": true,
  	  	  	"dir": 2,
  	  	  	"time": 29731.3333333336,
  	  	  	"judgement": "sick"
  	  	},
  	  	{
  	  	  	"press": false,
  	  	  	"dir": 2,
  	  	  	"time": 29814.666666667,
  	  	  	"judgement": null
  	  	},
  	  	{
  	  	  	"press": true,
  	  	  	"dir": 0,
  	  	  	"time": 29831.3333333336,
  	  	  	"judgement": "sick"
  	  	},
  	  	{
  	  	  	"press": false,
  	  	  	"dir": 0,
  	  	  	"time": 29914.666666667,
  	  	  	"judgement": null
  	  	},
  	  	{
  	  	  	"press": true,
  	  	  	"dir": 2,
  	  	  	"time": 29981.3333333337,
  	  	  	"judgement": "sick"
  	  	},
  	  	{
  	  	  	"press": false,
  	  	  	"dir": 2,
  	  	  	"time": 30064.666666667,
  	  	  	"judgement": null
  	  	},
  	  	{
  	  	  	"press": true,
  	  	  	"dir": 3,
  	  	  	"time": 30081.3333333337,
  	  	  	"judgement": "sick"
  	  	},
  	  	{
  	  	  	"press": false,
  	  	  	"dir": 3,
  	  	  	"time": 30148.0000000003,
  	  	  	"judgement": null
  	  	},
  	  	{
  	  	  	"press": true,
  	  	  	"dir": 1,
  	  	  	"time": 30181.3333333337,
  	  	  	"judgement": "sick"
  	  	},
  	  	{
  	  	  	"press": false,
  	  	  	"dir": 1,
  	  	  	"time": 30298.0000000003,
  	  	  	"judgement": null
  	  	},
  	  	{
  	  	  	"press": true,
  	  	  	"dir": 2,
  	  	  	"time": 30348.0000000003,
  	  	  	"judgement": "sick"
  	  	},
  	  	{
  	  	  	"press": false,
  	  	  	"dir": 2,
  	  	  	"time": 30414.666666667,
  	  	  	"judgement": null
  	  	},
  	  	{
  	  	  	"press": true,
  	  	  	"dir": 3,
  	  	  	"time": 30581.3333333337,
  	  	  	"judgement": "sick"
  	  	},
  	  	{
  	  	  	"press": false,
  	  	  	"dir": 3,
  	  	  	"time": 30714.666666667,
  	  	  	"judgement": null
  	  	},
  	  	{
  	  	  	"press": true,
  	  	  	"dir": 2,
  	  	  	"time": 30814.666666667,
  	  	  	"judgement": "sick"
  	  	},
  	  	{
  	  	  	"press": false,
  	  	  	"dir": 2,
  	  	  	"time": 31014.6666666667,
  	  	  	"judgement": null
  	  	},
  	  	{
  	  	  	"press": true,
  	  	  	"dir": 0,
  	  	  	"time": 31114.6666666667,
  	  	  	"judgement": "good"
  	  	},
  	  	{
  	  	  	"press": true,
  	  	  	"dir": 1,
  	  	  	"time": 31564.6666666667,
  	  	  	"judgement": "sick"
  	  	},
  	  	{
  	  	  	"press": true,
  	  	  	"dir": 2,
  	  	  	"time": 31964.6666666667,
  	  	  	"judgement": "good"
  	  	},
  	  	{
  	  	  	"press": false,
  	  	  	"dir": 1,
  	  	  	"time": 32098.0000000001,
  	  	  	"judgement": null
  	  	},
  	  	{
  	  	  	"press": false,
  	  	  	"dir": 0,
  	  	  	"time": 32114.6666666667,
  	  	  	"judgement": null
  	  	},
  	  	{
  	  	  	"press": true,
  	  	  	"dir": 1,
  	  	  	"time": 32248.0000000001,
  	  	  	"judgement": "sick"
  	  	},
  	  	{
  	  	  	"press": false,
  	  	  	"dir": 2,
  	  	  	"time": 32264.6666666668,
  	  	  	"judgement": null
  	  	},
  	  	{
  	  	  	"press": true,
  	  	  	"dir": 3,
  	  	  	"time": 32531.3333333334,
  	  	  	"judgement": "sick"
  	  	},
  	  	{
  	  	  	"press": false,
  	  	  	"dir": 1,
  	  	  	"time": 32531.3333333334,
  	  	  	"judgement": null
  	  	},
  	  	{
  	  	  	"press": false,
  	  	  	"dir": 3,
  	  	  	"time": 32664.6666666668,
  	  	  	"judgement": null
  	  	},
  	  	{
  	  	  	"press": true,
  	  	  	"dir": 2,
  	  	  	"time": 32748.0000000001,
  	  	  	"judgement": "sick"
  	  	},
  	  	{
  	  	  	"press": true,
  	  	  	"dir": 0,
  	  	  	"time": 32998.0000000001,
  	  	  	"judgement": "sick"
  	  	},
  	  	{
  	  	  	"press": false,
  	  	  	"dir": 2,
  	  	  	"time": 33048.0000000001,
  	  	  	"judgement": null
  	  	},
  	  	{
  	  	  	"press": true,
  	  	  	"dir": 1,
  	  	  	"time": 33481.3333333334,
  	  	  	"judgement": "sick"
  	  	},
  	  	{
  	  	  	"press": true,
  	  	  	"dir": 2,
  	  	  	"time": 33948,
  	  	  	"judgement": "sick"
  	  	},
  	  	{
  	  	  	"press": false,
  	  	  	"dir": 1,
  	  	  	"time": 33981.3333333333,
  	  	  	"judgement": null
  	  	},
  	  	{
  	  	  	"press": false,
  	  	  	"dir": 0,
  	  	  	"time": 34014.6666666666,
  	  	  	"judgement": null
  	  	},
  	  	{
  	  	  	"press": true,
  	  	  	"dir": 1,
  	  	  	"time": 34181.3333333333,
  	  	  	"judgement": "sick"
  	  	},
  	  	{
  	  	  	"press": false,
  	  	  	"dir": 2,
  	  	  	"time": 34214.6666666666,
  	  	  	"judgement": null
  	  	},
  	  	{
  	  	  	"press": true,
  	  	  	"dir": 3,
  	  	  	"time": 34414.6666666666,
  	  	  	"judgement": "sick"
  	  	},
  	  	{
  	  	  	"press": false,
  	  	  	"dir": 1,
  	  	  	"time": 34447.9999999999,
  	  	  	"judgement": null
  	  	},
  	  	{
  	  	  	"press": false,
  	  	  	"dir": 3,
  	  	  	"time": 34747.9999999998,
  	  	  	"judgement": null
  	  	},
  	  	{
  	  	  	"press": true,
  	  	  	"dir": 1,
  	  	  	"time": 34781.3333333332,
  	  	  	"judgement": "sick"
  	  	},
  	  	{
  	  	  	"press": true,
  	  	  	"dir": 0,
  	  	  	"time": 34931.3333333331,
  	  	  	"judgement": "sick"
  	  	},
  	  	{
  	  	  	"press": false,
  	  	  	"dir": 1,
  	  	  	"time": 34931.3333333331,
  	  	  	"judgement": null
  	  	},
  	  	{
  	  	  	"press": false,
  	  	  	"dir": 0,
  	  	  	"time": 35031.3333333331,
  	  	  	"judgement": null
  	  	},
  	  	{
  	  	  	"press": true,
  	  	  	"dir": 0,
  	  	  	"time": 35131.3333333331,
  	  	  	"judgement": "sick"
  	  	},
  	  	{
  	  	  	"press": true,
  	  	  	"dir": 2,
  	  	  	"time": 35381.3333333331,
  	  	  	"judgement": "sick"
  	  	},
  	  	{
  	  	  	"press": true,
  	  	  	"dir": 3,
  	  	  	"time": 35514.6666666664,
  	  	  	"judgement": "sick"
  	  	},
  	  	{
  	  	  	"press": false,
  	  	  	"dir": 2,
  	  	  	"time": 35547.9999999997,
  	  	  	"judgement": null
  	  	},
  	  	{
  	  	  	"press": true,
  	  	  	"dir": 1,
  	  	  	"time": 35631.333333333,
  	  	  	"judgement": "sick"
  	  	},
  	  	{
  	  	  	"press": false,
  	  	  	"dir": 3,
  	  	  	"time": 35647.9999999997,
  	  	  	"judgement": null
  	  	},
  	  	{
  	  	  	"press": false,
  	  	  	"dir": 0,
  	  	  	"time": 35697.9999999997,
  	  	  	"judgement": null
  	  	},
  	  	{
  	  	  	"press": true,
  	  	  	"dir": 3,
  	  	  	"time": 35731.333333333,
  	  	  	"judgement": "sick"
  	  	},
  	  	{
  	  	  	"press": false,
  	  	  	"dir": 1,
  	  	  	"time": 35747.9999999997,
  	  	  	"judgement": null
  	  	},
  	  	{
  	  	  	"press": true,
  	  	  	"dir": 0,
  	  	  	"time": 35831.333333333,
  	  	  	"judgement": "sick"
  	  	},
  	  	{
  	  	  	"press": false,
  	  	  	"dir": 3,
  	  	  	"time": 35914.6666666663,
  	  	  	"judgement": null
  	  	},
  	  	{
  	  	  	"press": true,
  	  	  	"dir": 1,
  	  	  	"time": 36047.9999999997,
  	  	  	"judgement": "good"
  	  	},
  	  	{
  	  	  	"press": true,
  	  	  	"dir": 2,
  	  	  	"time": 36114.6666666663,
  	  	  	"judgement": "sick"
  	  	},
  	  	{
  	  	  	"press": false,
  	  	  	"dir": 0,
  	  	  	"time": 36164.6666666663,
  	  	  	"judgement": null
  	  	},
  	  	{
  	  	  	"press": false,
  	  	  	"dir": 1,
  	  	  	"time": 36164.6666666663,
  	  	  	"judgement": null
  	  	},
  	  	{
  	  	  	"press": true,
  	  	  	"dir": 3,
  	  	  	"time": 36397.9999999996,
  	  	  	"judgement": "good"
  	  	},
  	  	{
  	  	  	"press": false,
  	  	  	"dir": 2,
  	  	  	"time": 36414.6666666663,
  	  	  	"judgement": null
  	  	},
  	  	{
  	  	  	"press": true,
  	  	  	"dir": 0,
  	  	  	"time": 36514.6666666662,
  	  	  	"judgement": "good"
  	  	},
  	  	{
  	  	  	"press": false,
  	  	  	"dir": 3,
  	  	  	"time": 36564.6666666662,
  	  	  	"judgement": null
  	  	},
  	  	{
  	  	  	"press": true,
  	  	  	"dir": 1,
  	  	  	"time": 36731.3333333329,
  	  	  	"judgement": "sick"
  	  	},
  	  	{
  	  	  	"press": false,
  	  	  	"dir": 0,
  	  	  	"time": 36764.6666666662,
  	  	  	"judgement": null
  	  	},
  	  	{
  	  	  	"press": true,
  	  	  	"dir": 2,
  	  	  	"time": 36847.9999999995,
  	  	  	"judgement": "sick"
  	  	},
  	  	{
  	  	  	"press": false,
  	  	  	"dir": 1,
  	  	  	"time": 36847.9999999995,
  	  	  	"judgement": null
  	  	},
  	  	{
  	  	  	"press": false,
  	  	  	"dir": 2,
  	  	  	"time": 36947.9999999995,
  	  	  	"judgement": null
  	  	},
  	  	{
  	  	  	"press": true,
  	  	  	"dir": 2,
  	  	  	"time": 37064.6666666662,
  	  	  	"judgement": "sick"
  	  	},
  	  	{
  	  	  	"press": true,
  	  	  	"dir": 3,
  	  	  	"time": 37297.9999999995,
  	  	  	"judgement": "bad"
  	  	},
  	  	{
  	  	  	"press": false,
  	  	  	"dir": 2,
  	  	  	"time": 37297.9999999995,
  	  	  	"judgement": null
  	  	},
  	  	{
  	  	  	"press": true,
  	  	  	"dir": 0,
  	  	  	"time": 37347.9999999995,
  	  	  	"judgement": "good"
  	  	},
  	  	{
  	  	  	"press": false,
  	  	  	"dir": 3,
  	  	  	"time": 37381.3333333328,
  	  	  	"judgement": null
  	  	},
  	  	{
  	  	  	"press": true,
  	  	  	"dir": 3,
  	  	  	"time": 37514.6666666661,
  	  	  	"judgement": "sick"
  	  	},
  	  	{
  	  	  	"press": false,
  	  	  	"dir": 0,
  	  	  	"time": 37514.6666666661,
  	  	  	"judgement": null
  	  	},
  	  	{
  	  	  	"press": true,
  	  	  	"dir": 2,
  	  	  	"time": 37647,
  	  	  	"judgement": "sick"
  	  	},
  	  	{
  	  	  	"press": false,
  	  	  	"dir": 3,
  	  	  	"time": 37680.3333333333,
  	  	  	"judgement": null
  	  	},
  	  	{
  	  	  	"press": true,
  	  	  	"dir": 0,
  	  	  	"time": 37797,
  	  	  	"judgement": "sick"
  	  	},
  	  	{
  	  	  	"press": false,
  	  	  	"dir": 2,
  	  	  	"time": 37797,
  	  	  	"judgement": null
  	  	},
  	  	{
  	  	  	"press": false,
  	  	  	"dir": 0,
  	  	  	"time": 38013.6666666666,
  	  	  	"judgement": null
  	  	},
  	  	{
  	  	  	"press": true,
  	  	  	"dir": 2,
  	  	  	"time": 38030.3333333333,
  	  	  	"judgement": "sick"
  	  	},
  	  	{
  	  	  	"press": true,
  	  	  	"dir": 0,
  	  	  	"time": 38146.9999999999,
  	  	  	"judgement": "sick"
  	  	},
  	  	{
  	  	  	"press": false,
  	  	  	"dir": 2,
  	  	  	"time": 38163.6666666666,
  	  	  	"judgement": null
  	  	},
  	  	{
  	  	  	"press": true,
  	  	  	"dir": 1,
  	  	  	"time": 38246.9999999999,
  	  	  	"judgement": "sick"
  	  	},
  	  	{
  	  	  	"press": false,
  	  	  	"dir": 0,
  	  	  	"time": 38263.6666666666,
  	  	  	"judgement": null
  	  	},
  	  	{
  	  	  	"press": true,
  	  	  	"dir": 3,
  	  	  	"time": 38380.3333333332,
  	  	  	"judgement": "sick"
  	  	},
  	  	{
  	  	  	"press": false,
  	  	  	"dir": 1,
  	  	  	"time": 38396.9999999999,
  	  	  	"judgement": null
  	  	},
  	  	{
  	  	  	"press": true,
  	  	  	"dir": 2,
  	  	  	"time": 38480.3333333332,
  	  	  	"judgement": "sick"
  	  	},
  	  	{
  	  	  	"press": true,
  	  	  	"dir": 0,
  	  	  	"time": 38863.6666666665,
  	  	  	"judgement": "sick"
  	  	},
  	  	{
  	  	  	"press": false,
  	  	  	"dir": 3,
  	  	  	"time": 38863.6666666665,
  	  	  	"judgement": null
  	  	},
  	  	{
  	  	  	"press": true,
  	  	  	"dir": 3,
  	  	  	"time": 38980.3333333331,
  	  	  	"judgement": "sick"
  	  	},
  	  	{
  	  	  	"press": true,
  	  	  	"dir": 1,
  	  	  	"time": 39230.3333333331,
  	  	  	"judgement": "sick"
  	  	},
  	  	{
  	  	  	"press": false,
  	  	  	"dir": 3,
  	  	  	"time": 39463.6666666664,
  	  	  	"judgement": null
  	  	},
  	  	{
  	  	  	"press": false,
  	  	  	"dir": 2,
  	  	  	"time": 39513.6666666664,
  	  	  	"judgement": null
  	  	},
  	  	{
  	  	  	"press": true,
  	  	  	"dir": 2,
  	  	  	"time": 39696.9999999997,
  	  	  	"judgement": "sick"
  	  	},
  	  	{
  	  	  	"press": false,
  	  	  	"dir": 0,
  	  	  	"time": 39696.9999999997,
  	  	  	"judgement": null
  	  	},
  	  	{
  	  	  	"press": true,
  	  	  	"dir": 0,
  	  	  	"time": 39813.6666666663,
  	  	  	"judgement": "sick"
  	  	},
  	  	{
  	  	  	"press": false,
  	  	  	"dir": 2,
  	  	  	"time": 39846.9999999997,
  	  	  	"judgement": null
  	  	},
  	  	{
  	  	  	"press": false,
  	  	  	"dir": 1,
  	  	  	"time": 39863.6666666663,
  	  	  	"judgement": null
  	  	},
  	  	{
  	  	  	"press": true,
  	  	  	"dir": 3,
  	  	  	"time": 39913.6666666663,
  	  	  	"judgement": "sick"
  	  	},
  	  	{
  	  	  	"press": false,
  	  	  	"dir": 0,
  	  	  	"time": 40030.333333333,
  	  	  	"judgement": null
  	  	},
  	  	{
  	  	  	"press": true,
  	  	  	"dir": 0,
  	  	  	"time": 40163.6666666663,
  	  	  	"judgement": "sick"
  	  	},
  	  	{
  	  	  	"press": false,
  	  	  	"dir": 3,
  	  	  	"time": 40263.6666666663,
  	  	  	"judgement": null
  	  	},
  	  	{
  	  	  	"press": true,
  	  	  	"dir": 1,
  	  	  	"time": 40296.9999999996,
  	  	  	"judgement": "sick"
  	  	},
  	  	{
  	  	  	"press": false,
  	  	  	"dir": 0,
  	  	  	"time": 40346.9999999996,
  	  	  	"judgement": null
  	  	},
  	  	{
  	  	  	"press": true,
  	  	  	"dir": 2,
  	  	  	"time": 40413.6666666663,
  	  	  	"judgement": "sick"
  	  	},
  	  	{
  	  	  	"press": false,
  	  	  	"dir": 1,
  	  	  	"time": 40480.3333333329,
  	  	  	"judgement": null
  	  	},
  	  	{
  	  	  	"press": true,
  	  	  	"dir": 0,
  	  	  	"time": 40630.3333333329,
  	  	  	"judgement": "sick"
  	  	},
  	  	{
  	  	  	"press": false,
  	  	  	"dir": 2,
  	  	  	"time": 40663.6666666662,
  	  	  	"judgement": null
  	  	},
  	  	{
  	  	  	"press": false,
  	  	  	"dir": 0,
  	  	  	"time": 40780.3333333329,
  	  	  	"judgement": null
  	  	},
  	  	{
  	  	  	"press": true,
  	  	  	"dir": 3,
  	  	  	"time": 40796.9999999995,
  	  	  	"judgement": "sick"
  	  	},
  	  	{
  	  	  	"press": true,
  	  	  	"dir": 2,
  	  	  	"time": 41013.6666666662,
  	  	  	"judgement": "sick"
  	  	},
  	  	{
  	  	  	"press": false,
  	  	  	"dir": 3,
  	  	  	"time": 41013.6666666662,
  	  	  	"judgement": null
  	  	},
  	  	{
  	  	  	"press": false,
  	  	  	"dir": 2,
  	  	  	"time": 41163.6666666661,
  	  	  	"judgement": null
  	  	},
  	  	{
  	  	  	"press": true,
  	  	  	"dir": 1,
  	  	  	"time": 41196.9999999995,
  	  	  	"judgement": "good"
  	  	},
  	  	{
  	  	  	"press": false,
  	  	  	"dir": 1,
  	  	  	"time": 41513.6666666661,
  	  	  	"judgement": null
  	  	},
  	  	{
  	  	  	"press": true,
  	  	  	"dir": 2,
  	  	  	"time": 41630.3333333327,
  	  	  	"judgement": "sick"
  	  	},
  	  	{
  	  	  	"press": true,
  	  	  	"dir": 3,
  	  	  	"time": 41746.9999999994,
  	  	  	"judgement": "sick"
  	  	},
  	  	{
  	  	  	"press": false,
  	  	  	"dir": 2,
  	  	  	"time": 41763.6666666661,
  	  	  	"judgement": null
  	  	},
  	  	{
  	  	  	"press": true,
  	  	  	"dir": 0,
  	  	  	"time": 41863.666666666,
  	  	  	"judgement": "sick"
  	  	},
  	  	{
  	  	  	"press": false,
  	  	  	"dir": 3,
  	  	  	"time": 41880.3333333327,
  	  	  	"judgement": null
  	  	},
  	  	{
  	  	  	"press": true,
  	  	  	"dir": 3,
  	  	  	"time": 42046.9999999994,
  	  	  	"judgement": "good"
  	  	},
  	  	{
  	  	  	"press": false,
  	  	  	"dir": 0,
  	  	  	"time": 42046.9999999994,
  	  	  	"judgement": null
  	  	},
  	  	{
  	  	  	"press": false,
  	  	  	"dir": 3,
  	  	  	"time": 42180.3333333327,
  	  	  	"judgement": null
  	  	},
  	  	{
  	  	  	"press": true,
  	  	  	"dir": 1,
  	  	  	"time": 42246.9999999993,
  	  	  	"judgement": "sick"
  	  	},
  	  	{
  	  	  	"press": true,
  	  	  	"dir": 0,
  	  	  	"time": 42346.9999999993,
  	  	  	"judgement": "sick"
  	  	},
  	  	{
  	  	  	"press": false,
  	  	  	"dir": 1,
  	  	  	"time": 42363.666666666,
  	  	  	"judgement": null
  	  	},
  	  	{
  	  	  	"press": true,
  	  	  	"dir": 3,
  	  	  	"time": 42746.9999999993,
  	  	  	"judgement": "good"
  	  	},
  	  	{
  	  	  	"press": false,
  	  	  	"dir": 0,
  	  	  	"time": 42880.3333333326,
  	  	  	"judgement": null
  	  	},
  	  	{
  	  	  	"press": false,
  	  	  	"dir": 3,
  	  	  	"time": 42913.6666666659,
  	  	  	"judgement": null
  	  	},
  	  	{
  	  	  	"press": true,
  	  	  	"dir": 2,
  	  	  	"time": 42946.9999999992,
  	  	  	"judgement": "sick"
  	  	},
  	  	{
  	  	  	"press": true,
  	  	  	"dir": 1,
  	  	  	"time": 43046.9999999992,
  	  	  	"judgement": "sick"
  	  	},
  	  	{
  	  	  	"press": false,
  	  	  	"dir": 2,
  	  	  	"time": 43063.6666666659,
  	  	  	"judgement": null
  	  	},
  	  	{
  	  	  	"press": false,
  	  	  	"dir": 1,
  	  	  	"time": 43146.9999999992,
  	  	  	"judgement": null
  	  	},
  	  	{
  	  	  	"press": true,
  	  	  	"dir": 3,
  	  	  	"time": 43163.6666666659,
  	  	  	"judgement": "sick"
  	  	},
  	  	{
  	  	  	"press": true,
  	  	  	"dir": 0,
  	  	  	"time": 43280.3333333325,
  	  	  	"judgement": "sick"
  	  	},
  	  	{
  	  	  	"press": false,
  	  	  	"dir": 3,
  	  	  	"time": 43296.9999999992,
  	  	  	"judgement": null
  	  	},
  	  	{
  	  	  	"press": true,
  	  	  	"dir": 1,
  	  	  	"time": 43430.3333333325,
  	  	  	"judgement": "sick"
  	  	},
  	  	{
  	  	  	"press": false,
  	  	  	"dir": 0,
  	  	  	"time": 43446.9999999991,
  	  	  	"judgement": null
  	  	},
  	  	{
  	  	  	"press": true,
  	  	  	"dir": 2,
  	  	  	"time": 43696.9999999991,
  	  	  	"judgement": "sick"
  	  	},
  	  	{
  	  	  	"press": false,
  	  	  	"dir": 1,
  	  	  	"time": 43763.6666666658,
  	  	  	"judgement": null
  	  	},
  	  	{
  	  	  	"press": true,
  	  	  	"dir": 0,
  	  	  	"time": 43896.9999999991,
  	  	  	"judgement": "good"
  	  	},
  	  	{
  	  	  	"press": true,
  	  	  	"dir": 3,
  	  	  	"time": 43896.9999999991,
  	  	  	"judgement": "sick"
  	  	},
  	  	{
  	  	  	"press": false,
  	  	  	"dir": 2,
  	  	  	"time": 43896.9999999991,
  	  	  	"judgement": null
  	  	},
  	  	{
  	  	  	"press": false,
  	  	  	"dir": 3,
  	  	  	"time": 43996.9999999991,
  	  	  	"judgement": null
  	  	},
  	  	{
  	  	  	"press": true,
  	  	  	"dir": 1,
  	  	  	"time": 44077,
  	  	  	"judgement": "good"
  	  	},
  	  	{
  	  	  	"press": false,
  	  	  	"dir": 0,
  	  	  	"time": 44093.6666666667,
  	  	  	"judgement": null
  	  	},
  	  	{
  	  	  	"press": true,
  	  	  	"dir": 3,
  	  	  	"time": 44143.6666666667,
  	  	  	"judgement": "sick"
  	  	},
  	  	{
  	  	  	"press": false,
  	  	  	"dir": 1,
  	  	  	"time": 44160.3333333333,
  	  	  	"judgement": null
  	  	},
  	  	{
  	  	  	"press": true,
  	  	  	"dir": 2,
  	  	  	"time": 44243.6666666666,
  	  	  	"judgement": "sick"
  	  	},
  	  	{
  	  	  	"press": false,
  	  	  	"dir": 3,
  	  	  	"time": 44260.3333333333,
  	  	  	"judgement": null
  	  	},
  	  	{
  	  	  	"press": false,
  	  	  	"dir": 2,
  	  	  	"time": 44826.9999999999,
  	  	  	"judgement": null
  	  	},
  	  	{
  	  	  	"press": true,
  	  	  	"dir": 1,
  	  	  	"time": 44843.6666666666,
  	  	  	"judgement": "sick"
  	  	},
  	  	{
  	  	  	"press": false,
  	  	  	"dir": 1,
  	  	  	"time": 44960.3333333332,
  	  	  	"judgement": null
  	  	},
  	  	{
  	  	  	"press": true,
  	  	  	"dir": 3,
  	  	  	"time": 45093.6666666665,
  	  	  	"judgement": "sick"
  	  	},
  	  	{
  	  	  	"press": true,
  	  	  	"dir": 1,
  	  	  	"time": 45176.9999999998,
  	  	  	"judgement": "sick"
  	  	},
  	  	{
  	  	  	"press": true,
  	  	  	"dir": 2,
  	  	  	"time": 45176.9999999998,
  	  	  	"judgement": null
  	  	},
  	  	{
  	  	  	"press": false,
  	  	  	"dir": 0,
  	  	  	"time": 45176.9999999998,
  	  	  	"judgement": null
  	  	},
  	  	{
  	  	  	"press": false,
  	  	  	"dir": 1,
  	  	  	"time": 45193.6666666665,
  	  	  	"judgement": null
  	  	},
  	  	{
  	  	  	"press": false,
  	  	  	"dir": 3,
  	  	  	"time": 45193.6666666665,
  	  	  	"judgement": null
  	  	},
  	  	{
  	  	  	"press": true,
  	  	  	"dir": 0,
  	  	  	"time": 45917,
  	  	  	"judgement": "sick"
  	  	},
  	  	{
  	  	  	"press": false,
  	  	  	"dir": 2,
  	  	  	"time": 45917,
  	  	  	"judgement": null
  	  	},
  	  	{
  	  	  	"press": true,
  	  	  	"dir": 1,
  	  	  	"time": 45933.6666666667,
  	  	  	"judgement": null
  	  	},
  	  	{
  	  	  	"press": false,
  	  	  	"dir": 0,
  	  	  	"time": 45997,
  	  	  	"judgement": null
  	  	},
  	  	{
  	  	  	"press": true,
  	  	  	"dir": 2,
  	  	  	"time": 46013.6666666667,
  	  	  	"judgement": "miss"
  	  	},
  	  	{
  	  	  	"press": false,
  	  	  	"dir": 1,
  	  	  	"time": 46063.6666666667,
  	  	  	"judgement": null
  	  	},
  	  	{
  	  	  	"press": false,
  	  	  	"dir": 2,
  	  	  	"time": 46080.3333333333,
  	  	  	"judgement": null
  	  	},
  	  	{
  	  	  	"press": true,
  	  	  	"dir": 0,
  	  	  	"time": 46130.3333333333,
  	  	  	"judgement": "miss"
  	  	},
  	  	{
  	  	  	"press": true,
  	  	  	"dir": 2,
  	  	  	"time": 46180.3333333333,
  	  	  	"judgement": null
  	  	},
  	  	{
  	  	  	"press": true,
  	  	  	"dir": 1,
  	  	  	"time": 46247,
  	  	  	"judgement": "miss"
  	  	},
  	  	{
  	  	  	"press": false,
  	  	  	"dir": 2,
  	  	  	"time": 46247,
  	  	  	"judgement": null
  	  	},
  	  	{
  	  	  	"press": false,
  	  	  	"dir": 0,
  	  	  	"time": 46280.3333333333,
  	  	  	"judgement": null
  	  	},
  	  	{
  	  	  	"press": true,
  	  	  	"dir": 3,
  	  	  	"time": 46377,
  	  	  	"judgement": "miss"
  	  	},
  	  	{
  	  	  	"press": false,
  	  	  	"dir": 1,
  	  	  	"time": 46393.6666666667,
  	  	  	"judgement": null
  	  	},
  	  	{
  	  	  	"press": true,
  	  	  	"dir": 0,
  	  	  	"time": 46510.3333333333,
  	  	  	"judgement": null
  	  	},
  	  	{
  	  	  	"press": false,
  	  	  	"dir": 3,
  	  	  	"time": 46510.3333333333,
  	  	  	"judgement": null
  	  	},
  	  	{
  	  	  	"press": false,
  	  	  	"dir": 0,
  	  	  	"time": 46560.3333333333,
  	  	  	"judgement": null
  	  	},
  	  	{
  	  	  	"press": true,
  	  	  	"dir": 2,
  	  	  	"time": 46677,
  	  	  	"judgement": "sick"
  	  	},
  	  	{
  	  	  	"press": false,
  	  	  	"dir": 2,
  	  	  	"time": 47376.9999999999,
  	  	  	"judgement": null
  	  	},
  	  	{
  	  	  	"press": true,
  	  	  	"dir": 0,
  	  	  	"time": 48063.6666666666,
  	  	  	"judgement": null
  	  	},
  	  	{
  	  	  	"press": true,
  	  	  	"dir": 1,
  	  	  	"time": 48063.6666666666,
  	  	  	"judgement": null
  	  	},
  	  	{
  	  	  	"press": true,
  	  	  	"dir": 2,
  	  	  	"time": 48097,
  	  	  	"judgement": null
  	  	},
  	  	{
  	  	  	"press": true,
  	  	  	"dir": 3,
  	  	  	"time": 48097,
  	  	  	"judgement": null
  	  	},
  	  	{
  	  	  	"press": false,
  	  	  	"dir": 2,
  	  	  	"time": 48280.3333333333,
  	  	  	"judgement": null
  	  	},
  	  	{
  	  	  	"press": false,
  	  	  	"dir": 3,
  	  	  	"time": 48280.3333333333,
  	  	  	"judgement": null
  	  	},
  	  	{
  	  	  	"press": true,
  	  	  	"dir": 2,
  	  	  	"time": 48396.9999999999,
  	  	  	"judgement": null
  	  	},
  	  	{
  	  	  	"press": true,
  	  	  	"dir": 3,
  	  	  	"time": 48463.6666666666,
  	  	  	"judgement": null
  	  	},
  	  	{
  	  	  	"press": false,
  	  	  	"dir": 2,
  	  	  	"time": 48463.6666666666,
  	  	  	"judgement": null
  	  	},
  	  	{
  	  	  	"press": false,
  	  	  	"dir": 0,
  	  	  	"time": 48480.3333333332,
  	  	  	"judgement": null
  	  	},
  	  	{
  	  	  	"press": false,
  	  	  	"dir": 1,
  	  	  	"time": 48480.3333333332,
  	  	  	"judgement": null
  	  	},
  	  	{
  	  	  	"press": true,
  	  	  	"dir": 2,
  	  	  	"time": 48596.9999999999,
  	  	  	"judgement": null
  	  	},
  	  	{
  	  	  	"press": false,
  	  	  	"dir": 3,
  	  	  	"time": 48630.3333333332,
  	  	  	"judgement": null
  	  	},
  	  	{
  	  	  	"press": false,
  	  	  	"dir": 2,
  	  	  	"time": 48730.3333333332,
  	  	  	"judgement": null
  	  	},
  	  	{
  	  	  	"press": true,
  	  	  	"dir": 0,
  	  	  	"time": 48863.6666666665,
  	  	  	"judgement": null
  	  	},
  	  	{
  	  	  	"press": true,
  	  	  	"dir": 3,
  	  	  	"time": 48880.3333333332,
  	  	  	"judgement": null
  	  	},
  	  	{
  	  	  	"press": false,
  	  	  	"dir": 3,
  	  	  	"time": 48946.9999999998,
  	  	  	"judgement": null
  	  	},
  	  	{
  	  	  	"press": false,
  	  	  	"dir": 0,
  	  	  	"time": 49046.9999999998,
  	  	  	"judgement": null
  	  	},
  	  	{
  	  	  	"press": true,
  	  	  	"dir": 2,
  	  	  	"time": 49063.6666666665,
  	  	  	"judgement": null
  	  	},
  	  	{
  	  	  	"press": true,
  	  	  	"dir": 1,
  	  	  	"time": 49080.3333333331,
  	  	  	"judgement": null
  	  	},
  	  	{
  	  	  	"press": false,
  	  	  	"dir": 2,
  	  	  	"time": 49213.6666666665,
  	  	  	"judgement": null
  	  	},
  	  	{
  	  	  	"press": false,
  	  	  	"dir": 1,
  	  	  	"time": 49296.9999999998,
  	  	  	"judgement": null
  	  	},
  	  	{
  	  	  	"press": true,
  	  	  	"dir": 2,
  	  	  	"time": 49546.9999999997,
  	  	  	"judgement": null
  	  	},
  	  	{
  	  	  	"press": true,
  	  	  	"dir": 3,
  	  	  	"time": 49546.9999999997,
  	  	  	"judgement": null
  	  	},
  	  	{
  	  	  	"press": false,
  	  	  	"dir": 2,
  	  	  	"time": 49780.333333333,
  	  	  	"judgement": null
  	  	},
  	  	{
  	  	  	"press": false,
  	  	  	"dir": 3,
  	  	  	"time": 49780.333333333,
  	  	  	"judgement": null
  	  	},
  	  	{
  	  	  	"press": true,
  	  	  	"dir": 2,
  	  	  	"time": 50013.6666666663,
  	  	  	"judgement": "sick"
  	  	},
  	  	{
  	  	  	"press": false,
  	  	  	"dir": 2,
  	  	  	"time": 50080.333333333,
  	  	  	"judgement": null
  	  	},
  	  	{
  	  	  	"press": true,
  	  	  	"dir": 0,
  	  	  	"time": 50146.9999999997,
  	  	  	"judgement": "sick"
  	  	},
  	  	{
  	  	  	"press": false,
  	  	  	"dir": 0,
  	  	  	"time": 50196.9999999997,
  	  	  	"judgement": null
  	  	},
  	  	{
  	  	  	"press": true,
  	  	  	"dir": 3,
  	  	  	"time": 50246.9999999996,
  	  	  	"judgement": "sick"
  	  	},
  	  	{
  	  	  	"press": false,
  	  	  	"dir": 3,
  	  	  	"time": 50313.6666666663,
  	  	  	"judgement": null
  	  	},
  	  	{
  	  	  	"press": true,
  	  	  	"dir": 1,
  	  	  	"time": 50363.6666666663,
  	  	  	"judgement": "sick"
  	  	},
  	  	{
  	  	  	"press": false,
  	  	  	"dir": 1,
  	  	  	"time": 50446.9999999996,
  	  	  	"judgement": null
  	  	},
  	  	{
  	  	  	"press": true,
  	  	  	"dir": 2,
  	  	  	"time": 50496.9999999996,
  	  	  	"judgement": "sick"
  	  	},
  	  	{
  	  	  	"press": false,
  	  	  	"dir": 2,
  	  	  	"time": 50580.3333333329,
  	  	  	"judgement": null
  	  	},
  	  	{
  	  	  	"press": true,
  	  	  	"dir": 3,
  	  	  	"time": 50646.9999999996,
  	  	  	"judgement": "sick"
  	  	},
  	  	{
  	  	  	"press": true,
  	  	  	"dir": 2,
  	  	  	"time": 50763.6666666662,
  	  	  	"judgement": "sick"
  	  	},
  	  	{
  	  	  	"press": false,
  	  	  	"dir": 3,
  	  	  	"time": 50780.3333333329,
  	  	  	"judgement": null
  	  	},
  	  	{
  	  	  	"press": false,
  	  	  	"dir": 2,
  	  	  	"time": 50846.9999999996,
  	  	  	"judgement": null
  	  	},
  	  	{
  	  	  	"press": true,
  	  	  	"dir": 1,
  	  	  	"time": 50880.3333333329,
  	  	  	"judgement": "sick"
  	  	},
  	  	{
  	  	  	"press": true,
  	  	  	"dir": 0,
  	  	  	"time": 50996.9999999995,
  	  	  	"judgement": "sick"
  	  	},
  	  	{
  	  	  	"press": false,
  	  	  	"dir": 1,
  	  	  	"time": 50996.9999999995,
  	  	  	"judgement": null
  	  	},
  	  	{
  	  	  	"press": false,
  	  	  	"dir": 0,
  	  	  	"time": 51046.9999999995,
  	  	  	"judgement": null
  	  	},
  	  	{
  	  	  	"press": true,
  	  	  	"dir": 3,
  	  	  	"time": 51113.6666666662,
  	  	  	"judgement": "sick"
  	  	},
  	  	{
  	  	  	"press": false,
  	  	  	"dir": 3,
  	  	  	"time": 51180.3333333328,
  	  	  	"judgement": null
  	  	},
  	  	{
  	  	  	"press": true,
  	  	  	"dir": 1,
  	  	  	"time": 51246.9999999995,
  	  	  	"judgement": "sick"
  	  	},
  	  	{
  	  	  	"press": true,
  	  	  	"dir": 0,
  	  	  	"time": 51330.3333333328,
  	  	  	"judgement": "sick"
  	  	},
  	  	{
  	  	  	"press": false,
  	  	  	"dir": 1,
  	  	  	"time": 51330.3333333328,
  	  	  	"judgement": null
  	  	},
  	  	{
  	  	  	"press": false,
  	  	  	"dir": 0,
  	  	  	"time": 51413.6666666661,
  	  	  	"judgement": null
  	  	},
  	  	{
  	  	  	"press": true,
  	  	  	"dir": 2,
  	  	  	"time": 51480.3333333328,
  	  	  	"judgement": "sick"
  	  	},
  	  	{
  	  	  	"press": false,
  	  	  	"dir": 2,
  	  	  	"time": 51546.9999999995,
  	  	  	"judgement": null
  	  	},
  	  	{
  	  	  	"press": true,
  	  	  	"dir": 1,
  	  	  	"time": 51596.9999999994,
  	  	  	"judgement": "sick"
  	  	},
  	  	{
  	  	  	"press": true,
  	  	  	"dir": 0,
  	  	  	"time": 51696.9999999994,
  	  	  	"judgement": "sick"
  	  	},
  	  	{
  	  	  	"press": false,
  	  	  	"dir": 1,
  	  	  	"time": 51713.6666666661,
  	  	  	"judgement": null
  	  	},
  	  	{
  	  	  	"press": true,
  	  	  	"dir": 2,
  	  	  	"time": 51796.9999999994,
  	  	  	"judgement": "shit"
  	  	},
  	  	{
  	  	  	"press": false,
  	  	  	"dir": 0,
  	  	  	"time": 51796.9999999994,
  	  	  	"judgement": null
  	  	},
  	  	{
  	  	  	"press": true,
  	  	  	"dir": 3,
  	  	  	"time": 51863.6666666661,
  	  	  	"judgement": "good"
  	  	},
  	  	{
  	  	  	"press": false,
  	  	  	"dir": 2,
  	  	  	"time": 51863.6666666661,
  	  	  	"judgement": null
  	  	},
  	  	{
  	  	  	"press": false,
  	  	  	"dir": 3,
  	  	  	"time": 52030.3333333327,
  	  	  	"judgement": null
  	  	},
  	  	{
  	  	  	"press": true,
  	  	  	"dir": 0,
  	  	  	"time": 52046.9999999994,
  	  	  	"judgement": "sick"
  	  	},
  	  	{
  	  	  	"press": false,
  	  	  	"dir": 0,
  	  	  	"time": 52130.3333333327,
  	  	  	"judgement": null
  	  	},
  	  	{
  	  	  	"press": true,
  	  	  	"dir": 3,
  	  	  	"time": 52146.9999999994,
  	  	  	"judgement": "sick"
  	  	},
  	  	{
  	  	  	"press": false,
  	  	  	"dir": 3,
  	  	  	"time": 52246.9999999994,
  	  	  	"judgement": null
  	  	},
  	  	{
  	  	  	"press": true,
  	  	  	"dir": 1,
  	  	  	"time": 52263.666666666,
  	  	  	"judgement": "sick"
  	  	},
  	  	{
  	  	  	"press": false,
  	  	  	"dir": 1,
  	  	  	"time": 52363.666666666,
  	  	  	"judgement": null
  	  	},
  	  	{
  	  	  	"press": true,
  	  	  	"dir": 2,
  	  	  	"time": 52396.9999999993,
  	  	  	"judgement": "sick"
  	  	},
  	  	{
  	  	  	"press": false,
  	  	  	"dir": 2,
  	  	  	"time": 52527,
  	  	  	"judgement": null
  	  	},
  	  	{
  	  	  	"press": true,
  	  	  	"dir": 0,
  	  	  	"time": 52560.3333333333,
  	  	  	"judgement": "sick"
  	  	},
  	  	{
  	  	  	"press": true,
  	  	  	"dir": 3,
  	  	  	"time": 52660.3333333333,
  	  	  	"judgement": "sick"
  	  	},
  	  	{
  	  	  	"press": false,
  	  	  	"dir": 0,
  	  	  	"time": 52677,
  	  	  	"judgement": null
  	  	},
  	  	{
  	  	  	"press": false,
  	  	  	"dir": 3,
  	  	  	"time": 52760.3333333333,
  	  	  	"judgement": null
  	  	},
  	  	{
  	  	  	"press": true,
  	  	  	"dir": 1,
  	  	  	"time": 52810.3333333333,
  	  	  	"judgement": "sick"
  	  	},
  	  	{
  	  	  	"press": false,
  	  	  	"dir": 1,
  	  	  	"time": 52893.6666666666,
  	  	  	"judgement": null
  	  	},
  	  	{
  	  	  	"press": true,
  	  	  	"dir": 2,
  	  	  	"time": 52910.3333333333,
  	  	  	"judgement": "sick"
  	  	},
  	  	{
  	  	  	"press": false,
  	  	  	"dir": 2,
  	  	  	"time": 53010.3333333333,
  	  	  	"judgement": null
  	  	},
  	  	{
  	  	  	"press": true,
  	  	  	"dir": 3,
  	  	  	"time": 53043.6666666666,
  	  	  	"judgement": "sick"
  	  	},
  	  	{
  	  	  	"press": false,
  	  	  	"dir": 3,
  	  	  	"time": 53126.9999999999,
  	  	  	"judgement": null
  	  	},
  	  	{
  	  	  	"press": true,
  	  	  	"dir": 1,
  	  	  	"time": 53160.3333333332,
  	  	  	"judgement": "sick"
  	  	},
  	  	{
  	  	  	"press": true,
  	  	  	"dir": 0,
  	  	  	"time": 53276.9999999999,
  	  	  	"judgement": "sick"
  	  	},
  	  	{
  	  	  	"press": false,
  	  	  	"dir": 1,
  	  	  	"time": 53293.6666666665,
  	  	  	"judgement": null
  	  	},
  	  	{
  	  	  	"press": false,
  	  	  	"dir": 0,
  	  	  	"time": 53376.9999999999,
  	  	  	"judgement": null
  	  	},
  	  	{
  	  	  	"press": true,
  	  	  	"dir": 2,
  	  	  	"time": 53393.6666666665,
  	  	  	"judgement": "sick"
  	  	},
  	  	{
  	  	  	"press": true,
  	  	  	"dir": 3,
  	  	  	"time": 53510.3333333332,
  	  	  	"judgement": "sick"
  	  	},
  	  	{
  	  	  	"press": false,
  	  	  	"dir": 2,
  	  	  	"time": 53510.3333333332,
  	  	  	"judgement": null
  	  	},
  	  	{
  	  	  	"press": true,
  	  	  	"dir": 2,
  	  	  	"time": 53626.9999999998,
  	  	  	"judgement": "sick"
  	  	},
  	  	{
  	  	  	"press": false,
  	  	  	"dir": 3,
  	  	  	"time": 53660.3333333332,
  	  	  	"judgement": null
  	  	},
  	  	{
  	  	  	"press": true,
  	  	  	"dir": 0,
  	  	  	"time": 53726.9999999998,
  	  	  	"judgement": "sick"
  	  	},
  	  	{
  	  	  	"press": false,
  	  	  	"dir": 2,
  	  	  	"time": 53743.6666666665,
  	  	  	"judgement": null
  	  	},
  	  	{
  	  	  	"press": false,
  	  	  	"dir": 0,
  	  	  	"time": 53826.9999999998,
  	  	  	"judgement": null
  	  	},
  	  	{
  	  	  	"press": true,
  	  	  	"dir": 3,
  	  	  	"time": 53860.3333333331,
  	  	  	"judgement": "sick"
  	  	},
  	  	{
  	  	  	"press": false,
  	  	  	"dir": 3,
  	  	  	"time": 53993.6666666664,
  	  	  	"judgement": null
  	  	},
  	  	{
  	  	  	"press": true,
  	  	  	"dir": 1,
  	  	  	"time": 54076.9999999998,
  	  	  	"judgement": "sick"
  	  	},
  	  	{
  	  	  	"press": true,
  	  	  	"dir": 0,
  	  	  	"time": 54343.6666666664,
  	  	  	"judgement": "sick"
  	  	},
  	  	{
  	  	  	"press": false,
  	  	  	"dir": 1,
  	  	  	"time": 54360.3333333331,
  	  	  	"judgement": null
  	  	},
  	  	{
  	  	  	"press": true,
  	  	  	"dir": 2,
  	  	  	"time": 54443.6666666664,
  	  	  	"judgement": "sick"
  	  	},
  	  	{
  	  	  	"press": false,
  	  	  	"dir": 0,
  	  	  	"time": 54476.9999999997,
  	  	  	"judgement": null
  	  	},
  	  	{
  	  	  	"press": true,
  	  	  	"dir": 3,
  	  	  	"time": 54576.9999999997,
  	  	  	"judgement": "sick"
  	  	},
  	  	{
  	  	  	"press": false,
  	  	  	"dir": 2,
  	  	  	"time": 54576.9999999997,
  	  	  	"judgement": null
  	  	},
  	  	{
  	  	  	"press": true,
  	  	  	"dir": 1,
  	  	  	"time": 54710.333333333,
  	  	  	"judgement": "sick"
  	  	},
  	  	{
  	  	  	"press": false,
  	  	  	"dir": 3,
  	  	  	"time": 54726.9999999997,
  	  	  	"judgement": null
  	  	},
  	  	{
  	  	  	"press": true,
  	  	  	"dir": 0,
  	  	  	"time": 54826.9999999997,
  	  	  	"judgement": "sick"
  	  	},
  	  	{
  	  	  	"press": false,
  	  	  	"dir": 1,
  	  	  	"time": 54843.6666666663,
  	  	  	"judgement": null
  	  	},
  	  	{
  	  	  	"press": false,
  	  	  	"dir": 0,
  	  	  	"time": 54910.333333333,
  	  	  	"judgement": null
  	  	},
  	  	{
  	  	  	"press": true,
  	  	  	"dir": 1,
  	  	  	"time": 55176.9999999996,
  	  	  	"judgement": "sick"
  	  	},
  	  	{
  	  	  	"press": false,
  	  	  	"dir": 1,
  	  	  	"time": 55243.6666666663,
  	  	  	"judgement": null
  	  	},
  	  	{
  	  	  	"press": true,
  	  	  	"dir": 2,
  	  	  	"time": 55293.6666666663,
  	  	  	"judgement": "sick"
  	  	},
  	  	{
  	  	  	"press": false,
  	  	  	"dir": 2,
  	  	  	"time": 55410.3333333329,
  	  	  	"judgement": null
  	  	},
  	  	{
  	  	  	"press": true,
  	  	  	"dir": 0,
  	  	  	"time": 55426.9999999996,
  	  	  	"judgement": "sick"
  	  	},
  	  	{
  	  	  	"press": false,
  	  	  	"dir": 0,
  	  	  	"time": 55493.6666666662,
  	  	  	"judgement": null
  	  	},
  	  	{
  	  	  	"press": true,
  	  	  	"dir": 2,
  	  	  	"time": 55510.3333333329,
  	  	  	"judgement": "sick"
  	  	},
  	  	{
  	  	  	"press": false,
  	  	  	"dir": 2,
  	  	  	"time": 55643.6666666662,
  	  	  	"judgement": null
  	  	},
  	  	{
  	  	  	"press": true,
  	  	  	"dir": 3,
  	  	  	"time": 55660.3333333329,
  	  	  	"judgement": "sick"
  	  	},
  	  	{
  	  	  	"press": true,
  	  	  	"dir": 1,
  	  	  	"time": 55776.9999999995,
  	  	  	"judgement": "sick"
  	  	},
  	  	{
  	  	  	"press": false,
  	  	  	"dir": 3,
  	  	  	"time": 55776.9999999995,
  	  	  	"judgement": null
  	  	},
  	  	{
  	  	  	"press": false,
  	  	  	"dir": 1,
  	  	  	"time": 55843.6666666662,
  	  	  	"judgement": null
  	  	},
  	  	{
  	  	  	"press": true,
  	  	  	"dir": 0,
  	  	  	"time": 55993.6666666662,
  	  	  	"judgement": "sick"
  	  	},
  	  	{
  	  	  	"press": true,
  	  	  	"dir": 2,
  	  	  	"time": 56260.3333333328,
  	  	  	"judgement": "sick"
  	  	},
  	  	{
  	  	  	"press": false,
  	  	  	"dir": 0,
  	  	  	"time": 56260.3333333328,
  	  	  	"judgement": null
  	  	},
  	  	{
  	  	  	"press": false,
  	  	  	"dir": 2,
  	  	  	"time": 56343.6666666661,
  	  	  	"judgement": null
  	  	},
  	  	{
  	  	  	"press": true,
  	  	  	"dir": 1,
  	  	  	"time": 56376.9999999994,
  	  	  	"judgement": "sick"
  	  	},
  	  	{
  	  	  	"press": true,
  	  	  	"dir": 3,
  	  	  	"time": 56493.6666666661,
  	  	  	"judgement": "sick"
  	  	},
  	  	{
  	  	  	"press": false,
  	  	  	"dir": 1,
  	  	  	"time": 56493.6666666661,
  	  	  	"judgement": null
  	  	},
  	  	{
  	  	  	"press": true,
  	  	  	"dir": 0,
  	  	  	"time": 56610.3333333327,
  	  	  	"judgement": "sick"
  	  	},
  	  	{
  	  	  	"press": false,
  	  	  	"dir": 3,
  	  	  	"time": 56610.3333333327,
  	  	  	"judgement": null
  	  	},
  	  	{
  	  	  	"press": false,
  	  	  	"dir": 0,
  	  	  	"time": 56726.9999999994,
  	  	  	"judgement": null
  	  	},
  	  	{
  	  	  	"press": true,
  	  	  	"dir": 3,
  	  	  	"time": 56860.3333333327,
  	  	  	"judgement": "sick"
  	  	},
  	  	{
  	  	  	"press": true,
  	  	  	"dir": 1,
  	  	  	"time": 56993.666666666,
  	  	  	"judgement": "sick"
  	  	},
  	  	{
  	  	  	"press": false,
  	  	  	"dir": 3,
  	  	  	"time": 56993.666666666,
  	  	  	"judgement": null
  	  	},
  	  	{
  	  	  	"press": true,
  	  	  	"dir": 0,
  	  	  	"time": 57076.9999999993,
  	  	  	"judgement": "sick"
  	  	},
  	  	{
  	  	  	"press": false,
  	  	  	"dir": 1,
  	  	  	"time": 57093.666666666,
  	  	  	"judgement": null
  	  	},
  	  	{
  	  	  	"press": false,
  	  	  	"dir": 0,
  	  	  	"time": 57176.9999999993,
  	  	  	"judgement": null
  	  	},
  	  	{
  	  	  	"press": true,
  	  	  	"dir": 3,
  	  	  	"time": 57193.666666666,
  	  	  	"judgement": "sick"
  	  	},
  	  	{
  	  	  	"press": false,
  	  	  	"dir": 3,
  	  	  	"time": 57326.9999999993,
  	  	  	"judgement": null
  	  	},
  	  	{
  	  	  	"press": true,
  	  	  	"dir": 2,
  	  	  	"time": 57343.666666666,
  	  	  	"judgement": "sick"
  	  	},
  	  	{
  	  	  	"press": false,
  	  	  	"dir": 2,
  	  	  	"time": 57426.9999999993,
  	  	  	"judgement": null
  	  	},
  	  	{
  	  	  	"press": true,
  	  	  	"dir": 0,
  	  	  	"time": 57460.3333333326,
  	  	  	"judgement": "sick"
  	  	},
  	  	{
  	  	  	"press": false,
  	  	  	"dir": 0,
  	  	  	"time": 57560.3333333326,
  	  	  	"judgement": null
  	  	},
  	  	{
  	  	  	"press": true,
  	  	  	"dir": 3,
  	  	  	"time": 57593.6666666659,
  	  	  	"judgement": "sick"
  	  	},
  	  	{
  	  	  	"press": false,
  	  	  	"dir": 3,
  	  	  	"time": 57693.6666666659,
  	  	  	"judgement": null
  	  	},
  	  	{
  	  	  	"press": true,
  	  	  	"dir": 2,
  	  	  	"time": 57743.6666666659,
  	  	  	"judgement": "good"
  	  	},
  	  	{
  	  	  	"press": true,
  	  	  	"dir": 0,
  	  	  	"time": 57826.9999999992,
  	  	  	"judgement": "sick"
  	  	},
  	  	{
  	  	  	"press": false,
  	  	  	"dir": 2,
  	  	  	"time": 57826.9999999992,
  	  	  	"judgement": null
  	  	},
  	  	{
  	  	  	"press": true,
  	  	  	"dir": 3,
  	  	  	"time": 57910.3333333325,
  	  	  	"judgement": "sick"
  	  	},
  	  	{
  	  	  	"press": false,
  	  	  	"dir": 0,
  	  	  	"time": 57943.6666666659,
  	  	  	"judgement": null
  	  	},
  	  	{
  	  	  	"press": false,
  	  	  	"dir": 3,
  	  	  	"time": 58043.6666666659,
  	  	  	"judgement": null
  	  	},
  	  	{
  	  	  	"press": true,
  	  	  	"dir": 1,
  	  	  	"time": 58060.3333333325,
  	  	  	"judgement": "sick"
  	  	},
  	  	{
  	  	  	"press": false,
  	  	  	"dir": 1,
  	  	  	"time": 58143.6666666658,
  	  	  	"judgement": null
  	  	},
  	  	{
  	  	  	"press": true,
  	  	  	"dir": 2,
  	  	  	"time": 58193.6666666658,
  	  	  	"judgement": "sick"
  	  	},
  	  	{
  	  	  	"press": false,
  	  	  	"dir": 2,
  	  	  	"time": 58293.6666666658,
  	  	  	"judgement": null
  	  	},
  	  	{
  	  	  	"press": true,
  	  	  	"dir": 3,
  	  	  	"time": 58343.6666666658,
  	  	  	"judgement": "good"
  	  	},
  	  	{
  	  	  	"press": true,
  	  	  	"dir": 2,
  	  	  	"time": 58460.3333333325,
  	  	  	"judgement": "sick"
  	  	},
  	  	{
  	  	  	"press": false,
  	  	  	"dir": 3,
  	  	  	"time": 58476.9999999991,
  	  	  	"judgement": null
  	  	},
  	  	{
  	  	  	"press": true,
  	  	  	"dir": 1,
  	  	  	"time": 58560.3333333324,
  	  	  	"judgement": "sick"
  	  	},
  	  	{
  	  	  	"press": false,
  	  	  	"dir": 2,
  	  	  	"time": 58576.9999999991,
  	  	  	"judgement": null
  	  	},
  	  	{
  	  	  	"press": true,
  	  	  	"dir": 0,
  	  	  	"time": 58676.9999999991,
  	  	  	"judgement": "sick"
  	  	},
  	  	{
  	  	  	"press": false,
  	  	  	"dir": 1,
  	  	  	"time": 58676.9999999991,
  	  	  	"judgement": null
  	  	},
  	  	{
  	  	  	"press": false,
  	  	  	"dir": 0,
  	  	  	"time": 58776.9999999991,
  	  	  	"judgement": null
  	  	},
  	  	{
  	  	  	"press": true,
  	  	  	"dir": 3,
  	  	  	"time": 58810.3333333324,
  	  	  	"judgement": "sick"
  	  	},
  	  	{
  	  	  	"press": false,
  	  	  	"dir": 3,
  	  	  	"time": 58893.6666666657,
  	  	  	"judgement": null
  	  	},
  	  	{
  	  	  	"press": true,
  	  	  	"dir": 1,
  	  	  	"time": 58926.9999999991,
  	  	  	"judgement": "sick"
  	  	},
  	  	{
  	  	  	"press": true,
  	  	  	"dir": 0,
  	  	  	"time": 59010.3333333324,
  	  	  	"judgement": "sick"
  	  	},
  	  	{
  	  	  	"press": false,
  	  	  	"dir": 1,
  	  	  	"time": 59043.6666666657,
  	  	  	"judgement": null
  	  	},
  	  	{
  	  	  	"press": true,
  	  	  	"dir": 2,
  	  	  	"time": 59143.6666666657,
  	  	  	"judgement": "sick"
  	  	},
  	  	{
  	  	  	"press": false,
  	  	  	"dir": 0,
  	  	  	"time": 59160.3333333324,
  	  	  	"judgement": null
  	  	},
  	  	{
  	  	  	"press": true,
  	  	  	"dir": 1,
  	  	  	"time": 59276.999999999,
  	  	  	"judgement": "sick"
  	  	},
  	  	{
  	  	  	"press": false,
  	  	  	"dir": 2,
  	  	  	"time": 59276.999999999,
  	  	  	"judgement": null
  	  	},
  	  	{
  	  	  	"press": true,
  	  	  	"dir": 0,
  	  	  	"time": 59393.6666666657,
  	  	  	"judgement": "sick"
  	  	},
  	  	{
  	  	  	"press": false,
  	  	  	"dir": 1,
  	  	  	"time": 59410.3333333323,
  	  	  	"judgement": null
  	  	},
  	  	{
  	  	  	"press": true,
  	  	  	"dir": 3,
  	  	  	"time": 59476.999999999,
  	  	  	"judgement": "sick"
  	  	},
  	  	{
  	  	  	"press": false,
  	  	  	"dir": 0,
  	  	  	"time": 59510.3333333323,
  	  	  	"judgement": null
  	  	},
  	  	{
  	  	  	"press": true,
  	  	  	"dir": 2,
  	  	  	"time": 59626.999999999,
  	  	  	"judgement": "sick"
  	  	},
  	  	{
  	  	  	"press": false,
  	  	  	"dir": 3,
  	  	  	"time": 59626.999999999,
  	  	  	"judgement": null
  	  	},
  	  	{
  	  	  	"press": false,
  	  	  	"dir": 2,
  	  	  	"time": 59726,
  	  	  	"judgement": null
  	  	},
  	  	{
  	  	  	"press": true,
  	  	  	"dir": 0,
  	  	  	"time": 59759.3333333333,
  	  	  	"judgement": "sick"
  	  	},
  	  	{
  	  	  	"press": true,
  	  	  	"dir": 3,
  	  	  	"time": 59892.6666666666,
  	  	  	"judgement": "sick"
  	  	},
  	  	{
  	  	  	"press": false,
  	  	  	"dir": 0,
  	  	  	"time": 59909.3333333333,
  	  	  	"judgement": null
  	  	},
  	  	{
  	  	  	"press": true,
  	  	  	"dir": 1,
  	  	  	"time": 60009.3333333333,
  	  	  	"judgement": "sick"
  	  	},
  	  	{
  	  	  	"press": false,
  	  	  	"dir": 3,
  	  	  	"time": 60009.3333333333,
  	  	  	"judgement": null
  	  	},
  	  	{
  	  	  	"press": true,
  	  	  	"dir": 2,
  	  	  	"time": 60109.3333333333,
  	  	  	"judgement": "sick"
  	  	},
  	  	{
  	  	  	"press": false,
  	  	  	"dir": 1,
  	  	  	"time": 60109.3333333333,
  	  	  	"judgement": null
  	  	},
  	  	{
  	  	  	"press": true,
  	  	  	"dir": 0,
  	  	  	"time": 60242.6666666666,
  	  	  	"judgement": "sick"
  	  	},
  	  	{
  	  	  	"press": false,
  	  	  	"dir": 2,
  	  	  	"time": 60242.6666666666,
  	  	  	"judgement": null
  	  	},
  	  	{
  	  	  	"press": false,
  	  	  	"dir": 0,
  	  	  	"time": 60342.6666666666,
  	  	  	"judgement": null
  	  	},
  	  	{
  	  	  	"press": true,
  	  	  	"dir": 3,
  	  	  	"time": 60359.3333333332,
  	  	  	"judgement": "sick"
  	  	},
  	  	{
  	  	  	"press": true,
  	  	  	"dir": 1,
  	  	  	"time": 60459.3333333332,
  	  	  	"judgement": "sick"
  	  	},
  	  	{
  	  	  	"press": false,
  	  	  	"dir": 3,
  	  	  	"time": 60459.3333333332,
  	  	  	"judgement": null
  	  	},
  	  	{
  	  	  	"press": false,
  	  	  	"dir": 1,
  	  	  	"time": 60559.3333333332,
  	  	  	"judgement": null
  	  	},
  	  	{
  	  	  	"press": true,
  	  	  	"dir": 2,
  	  	  	"time": 60575.9999999999,
  	  	  	"judgement": "sick"
  	  	},
  	  	{
  	  	  	"press": true,
  	  	  	"dir": 0,
  	  	  	"time": 60709.3333333332,
  	  	  	"judgement": "sick"
  	  	},
  	  	{
  	  	  	"press": false,
  	  	  	"dir": 2,
  	  	  	"time": 60709.3333333332,
  	  	  	"judgement": null
  	  	},
  	  	{
  	  	  	"press": false,
  	  	  	"dir": 0,
  	  	  	"time": 60809.3333333332,
  	  	  	"judgement": null
  	  	},
  	  	{
  	  	  	"press": true,
  	  	  	"dir": 3,
  	  	  	"time": 60842.6666666665,
  	  	  	"judgement": "sick"
  	  	},
  	  	{
  	  	  	"press": true,
  	  	  	"dir": 1,
  	  	  	"time": 60959.3333333331,
  	  	  	"judgement": "sick"
  	  	},
  	  	{
  	  	  	"press": false,
  	  	  	"dir": 3,
  	  	  	"time": 60992.6666666665,
  	  	  	"judgement": null
  	  	},
  	  	{
  	  	  	"press": true,
  	  	  	"dir": 0,
  	  	  	"time": 61059.3333333331,
  	  	  	"judgement": "sick"
  	  	},
  	  	{
  	  	  	"press": false,
  	  	  	"dir": 1,
  	  	  	"time": 61092.6666666665,
  	  	  	"judgement": null
  	  	},
  	  	{
  	  	  	"press": false,
  	  	  	"dir": 0,
  	  	  	"time": 61192.6666666664,
  	  	  	"judgement": null
  	  	},
  	  	{
  	  	  	"press": true,
  	  	  	"dir": 2,
  	  	  	"time": 61209.3333333331,
  	  	  	"judgement": "sick"
  	  	},
  	  	{
  	  	  	"press": true,
  	  	  	"dir": 3,
  	  	  	"time": 61309.3333333331,
  	  	  	"judgement": "sick"
  	  	},
  	  	{
  	  	  	"press": false,
  	  	  	"dir": 2,
  	  	  	"time": 61325.9999999998,
  	  	  	"judgement": null
  	  	},
  	  	{
  	  	  	"press": true,
  	  	  	"dir": 0,
  	  	  	"time": 61409.3333333331,
  	  	  	"judgement": "sick"
  	  	},
  	  	{
  	  	  	"press": false,
  	  	  	"dir": 3,
  	  	  	"time": 61459.3333333331,
  	  	  	"judgement": null
  	  	},
  	  	{
  	  	  	"press": true,
  	  	  	"dir": 1,
  	  	  	"time": 61559.3333333331,
  	  	  	"judgement": "sick"
  	  	},
  	  	{
  	  	  	"press": false,
  	  	  	"dir": 0,
  	  	  	"time": 61609.3333333331,
  	  	  	"judgement": null
  	  	},
  	  	{
  	  	  	"press": true,
  	  	  	"dir": 3,
  	  	  	"time": 61659.333333333,
  	  	  	"judgement": "sick"
  	  	},
  	  	{
  	  	  	"press": false,
  	  	  	"dir": 1,
  	  	  	"time": 61675.9999999997,
  	  	  	"judgement": null
  	  	},
  	  	{
  	  	  	"press": true,
  	  	  	"dir": 2,
  	  	  	"time": 61775.9999999997,
  	  	  	"judgement": "sick"
  	  	},
  	  	{
  	  	  	"press": false,
  	  	  	"dir": 3,
  	  	  	"time": 61825.9999999997,
  	  	  	"judgement": null
  	  	},
  	  	{
  	  	  	"press": false,
  	  	  	"dir": 2,
  	  	  	"time": 61875.9999999997,
  	  	  	"judgement": null
  	  	},
  	  	{
  	  	  	"press": true,
  	  	  	"dir": 2,
  	  	  	"time": 62009.333333333,
  	  	  	"judgement": "sick"
  	  	},
  	  	{
  	  	  	"press": true,
  	  	  	"dir": 0,
  	  	  	"time": 62275.9999999996,
  	  	  	"judgement": "sick"
  	  	},
  	  	{
  	  	  	"press": false,
  	  	  	"dir": 2,
  	  	  	"time": 62292.6666666663,
  	  	  	"judgement": null
  	  	},
  	  	{
  	  	  	"press": false,
  	  	  	"dir": 0,
  	  	  	"time": 62392.6666666663,
  	  	  	"judgement": null
  	  	},
  	  	{
  	  	  	"press": true,
  	  	  	"dir": 2,
  	  	  	"time": 62425.9999999996,
  	  	  	"judgement": "good"
  	  	},
  	  	{
  	  	  	"press": false,
  	  	  	"dir": 2,
  	  	  	"time": 62492.6666666663,
  	  	  	"judgement": null
  	  	},
  	  	{
  	  	  	"press": true,
  	  	  	"dir": 1,
  	  	  	"time": 62509.3333333329,
  	  	  	"judgement": "sick"
  	  	},
  	  	{
  	  	  	"press": false,
  	  	  	"dir": 1,
  	  	  	"time": 62609.3333333329,
  	  	  	"judgement": null
  	  	},
  	  	{
  	  	  	"press": true,
  	  	  	"dir": 3,
  	  	  	"time": 62642.6666666662,
  	  	  	"judgement": "sick"
  	  	},
  	  	{
  	  	  	"press": false,
  	  	  	"dir": 3,
  	  	  	"time": 62742.6666666662,
  	  	  	"judgement": null
  	  	},
  	  	{
  	  	  	"press": true,
  	  	  	"dir": 2,
  	  	  	"time": 62775.9999999995,
  	  	  	"judgement": "sick"
  	  	},
  	  	{
  	  	  	"press": false,
  	  	  	"dir": 2,
  	  	  	"time": 62859.3333333329,
  	  	  	"judgement": null
  	  	},
  	  	{
  	  	  	"press": true,
  	  	  	"dir": 2,
  	  	  	"time": 62992.6666666662,
  	  	  	"judgement": "sick"
  	  	},
  	  	{
  	  	  	"press": true,
  	  	  	"dir": 0,
  	  	  	"time": 63192.6666666662,
  	  	  	"judgement": "sick"
  	  	},
  	  	{
  	  	  	"press": false,
  	  	  	"dir": 2,
  	  	  	"time": 63259.3333333328,
  	  	  	"judgement": null
  	  	},
  	  	{
  	  	  	"press": false,
  	  	  	"dir": 0,
  	  	  	"time": 63325.9999999995,
  	  	  	"judgement": null
  	  	},
  	  	{
  	  	  	"press": true,
  	  	  	"dir": 3,
  	  	  	"time": 63375.9999999995,
  	  	  	"judgement": "sick"
  	  	},
  	  	{
  	  	  	"press": false,
  	  	  	"dir": 3,
  	  	  	"time": 63492.6666666661,
  	  	  	"judgement": null
  	  	},
  	  	{
  	  	  	"press": true,
  	  	  	"dir": 1,
  	  	  	"time": 63509.3333333328,
  	  	  	"judgement": "good"
  	  	},
  	  	{
  	  	  	"press": true,
  	  	  	"dir": 3,
  	  	  	"time": 63575.9999999994,
  	  	  	"judgement": null
  	  	},
  	  	{
  	  	  	"press": false,
  	  	  	"dir": 0,
  	  	  	"time": 63575.9999999994,
  	  	  	"judgement": null
  	  	},
  	  	{
  	  	  	"press": false,
  	  	  	"dir": 1,
  	  	  	"time": 63575.9999999994,
  	  	  	"judgement": null
  	  	},
  	  	{
  	  	  	"press": false,
  	  	  	"dir": 2,
  	  	  	"time": 63575.9999999994,
  	  	  	"judgement": null
  	  	},
  	  	{
  	  	  	"press": true,
  	  	  	"dir": 0,
  	  	  	"time": 64252.6666666667,
  	  	  	"judgement": "good"
  	  	},
  	  	{
  	  	  	"press": true,
  	  	  	"dir": 1,
  	  	  	"time": 64286,
  	  	  	"judgement": "bad"
  	  	},
  	  	{
  	  	  	"press": true,
  	  	  	"dir": 2,
  	  	  	"time": 64286,
  	  	  	"judgement": "sick"
  	  	},
  	  	{
  	  	  	"press": false,
  	  	  	"dir": 0,
  	  	  	"time": 64286,
  	  	  	"judgement": null
  	  	},
  	  	{
  	  	  	"press": false,
  	  	  	"dir": 3,
  	  	  	"time": 64286,
  	  	  	"judgement": null
  	  	},
  	  	{
  	  	  	"press": true,
  	  	  	"dir": 3,
  	  	  	"time": 64319.3333333333,
  	  	  	"judgement": null
  	  	},
  	  	{
  	  	  	"press": false,
  	  	  	"dir": 2,
  	  	  	"time": 64319.3333333333,
  	  	  	"judgement": null
  	  	},
  	  	{
  	  	  	"press": true,
  	  	  	"dir": 0,
  	  	  	"time": 64472.6666666667,
  	  	  	"judgement": null
  	  	},
  	  	{
  	  	  	"press": false,
  	  	  	"dir": 1,
  	  	  	"time": 64472.6666666667,
  	  	  	"judgement": null
  	  	},
  	  	{
  	  	  	"press": true,
  	  	  	"dir": 2,
  	  	  	"time": 64556,
  	  	  	"judgement": null
  	  	},
  	  	{
  	  	  	"press": false,
  	  	  	"dir": 3,
  	  	  	"time": 64572.6666666666,
  	  	  	"judgement": null
  	  	},
  	  	{
  	  	  	"press": false,
  	  	  	"dir": 0,
  	  	  	"time": 64589.3333333333,
  	  	  	"judgement": null
  	  	},
  	  	{
  	  	  	"press": true,
  	  	  	"dir": 1,
  	  	  	"time": 64606,
  	  	  	"judgement": null
  	  	},
  	  	{
  	  	  	"press": false,
  	  	  	"dir": 2,
  	  	  	"time": 64606,
  	  	  	"judgement": null
  	  	},
  	  	{
  	  	  	"press": false,
  	  	  	"dir": 1,
  	  	  	"time": 64722.6666666666,
  	  	  	"judgement": null
  	  	},
  	  	{
  	  	  	"press": true,
  	  	  	"dir": 2,
  	  	  	"time": 64872.6666666667,
  	  	  	"judgement": "bad"
  	  	},
  	  	{
  	  	  	"press": false,
  	  	  	"dir": 2,
  	  	  	"time": 64956,
  	  	  	"judgement": null
  	  	},
  	  	{
  	  	  	"press": true,
  	  	  	"dir": 3,
  	  	  	"time": 64989.3333333333,
  	  	  	"judgement": "bad"
  	  	},
  	  	{
  	  	  	"press": true,
  	  	  	"dir": 0,
  	  	  	"time": 65022.6666666666,
  	  	  	"judgement": "sick"
  	  	},
  	  	{
  	  	  	"press": false,
  	  	  	"dir": 0,
  	  	  	"time": 65056,
  	  	  	"judgement": null
  	  	},
  	  	{
  	  	  	"press": false,
  	  	  	"dir": 3,
  	  	  	"time": 65106,
  	  	  	"judgement": null
  	  	},
  	  	{
  	  	  	"press": true,
  	  	  	"dir": 2,
  	  	  	"time": 65139.3333333333,
  	  	  	"judgement": "sick"
  	  	},
  	  	{
  	  	  	"press": true,
  	  	  	"dir": 1,
  	  	  	"time": 65239.3333333333,
  	  	  	"judgement": "sick"
  	  	},
  	  	{
  	  	  	"press": false,
  	  	  	"dir": 2,
  	  	  	"time": 65289.3333333333,
  	  	  	"judgement": null
  	  	},
  	  	{
  	  	  	"press": true,
  	  	  	"dir": 0,
  	  	  	"time": 65355.9999999999,
  	  	  	"judgement": "sick"
  	  	},
  	  	{
  	  	  	"press": false,
  	  	  	"dir": 1,
  	  	  	"time": 65372.6666666666,
  	  	  	"judgement": null
  	  	},
  	  	{
  	  	  	"press": false,
  	  	  	"dir": 0,
  	  	  	"time": 65439.3333333332,
  	  	  	"judgement": null
  	  	},
  	  	{
  	  	  	"press": true,
  	  	  	"dir": 3,
  	  	  	"time": 65622.6666666666,
  	  	  	"judgement": "sick"
  	  	},
  	  	{
  	  	  	"press": false,
  	  	  	"dir": 3,
  	  	  	"time": 65706,
  	  	  	"judgement": null
  	  	},
  	  	{
  	  	  	"press": true,
  	  	  	"dir": 1,
  	  	  	"time": 65722.6666666666,
  	  	  	"judgement": "sick"
  	  	},
  	  	{
  	  	  	"press": false,
  	  	  	"dir": 1,
  	  	  	"time": 65822.6666666667,
  	  	  	"judgement": null
  	  	},
  	  	{
  	  	  	"press": true,
  	  	  	"dir": 2,
  	  	  	"time": 65856,
  	  	  	"judgement": "sick"
  	  	},
  	  	{
  	  	  	"press": false,
  	  	  	"dir": 2,
  	  	  	"time": 65939.3333333334,
  	  	  	"judgement": null
  	  	},
  	  	{
  	  	  	"press": true,
  	  	  	"dir": 0,
  	  	  	"time": 66106.0000000001,
  	  	  	"judgement": "sick"
  	  	},
  	  	{
  	  	  	"press": true,
  	  	  	"dir": 3,
  	  	  	"time": 66206.0000000001,
  	  	  	"judgement": "sick"
  	  	},
  	  	{
  	  	  	"press": false,
  	  	  	"dir": 0,
  	  	  	"time": 66206.0000000001,
  	  	  	"judgement": null
  	  	},
  	  	{
  	  	  	"press": true,
  	  	  	"dir": 1,
  	  	  	"time": 66339.3333333335,
  	  	  	"judgement": "sick"
  	  	},
  	  	{
  	  	  	"press": false,
  	  	  	"dir": 3,
  	  	  	"time": 66339.3333333335,
  	  	  	"judgement": null
  	  	},
  	  	{
  	  	  	"press": false,
  	  	  	"dir": 1,
  	  	  	"time": 66439.3333333335,
  	  	  	"judgement": null
  	  	},
  	  	{
  	  	  	"press": true,
  	  	  	"dir": 0,
  	  	  	"time": 66472.6666666668,
  	  	  	"judgement": "sick"
  	  	},
  	  	{
  	  	  	"press": false,
  	  	  	"dir": 0,
  	  	  	"time": 66572.6666666669,
  	  	  	"judgement": null
  	  	},
  	  	{
  	  	  	"press": true,
  	  	  	"dir": 1,
  	  	  	"time": 66589.3333333335,
  	  	  	"judgement": "sick"
  	  	},
  	  	{
  	  	  	"press": false,
  	  	  	"dir": 1,
  	  	  	"time": 66656.0000000002,
  	  	  	"judgement": null
  	  	},
  	  	{
  	  	  	"press": true,
  	  	  	"dir": 3,
  	  	  	"time": 66689.3333333336,
  	  	  	"judgement": "sick"
  	  	},
  	  	{
  	  	  	"press": false,
  	  	  	"dir": 3,
  	  	  	"time": 66789.3333333336,
  	  	  	"judgement": null
  	  	},
  	  	{
  	  	  	"press": true,
  	  	  	"dir": 2,
  	  	  	"time": 66806.0000000003,
  	  	  	"judgement": "sick"
  	  	},
  	  	{
  	  	  	"press": false,
  	  	  	"dir": 2,
  	  	  	"time": 66889.3333333336,
  	  	  	"judgement": null
  	  	},
  	  	{
  	  	  	"press": true,
  	  	  	"dir": 0,
  	  	  	"time": 67056.0000000003,
  	  	  	"judgement": "sick"
  	  	},
  	  	{
  	  	  	"press": false,
  	  	  	"dir": 0,
  	  	  	"time": 67089.3333333337,
  	  	  	"judgement": null
  	  	},
  	  	{
  	  	  	"press": true,
  	  	  	"dir": 2,
  	  	  	"time": 67156.0000000004,
  	  	  	"judgement": "sick"
  	  	},
  	  	{
  	  	  	"press": false,
  	  	  	"dir": 2,
  	  	  	"time": 67256.0000000004,
  	  	  	"judgement": null
  	  	},
  	  	{
  	  	  	"press": true,
  	  	  	"dir": 3,
  	  	  	"time": 67289.3333333338,
  	  	  	"judgement": "sick"
  	  	},
  	  	{
  	  	  	"press": false,
  	  	  	"dir": 3,
  	  	  	"time": 67389.3333333338,
  	  	  	"judgement": null
  	  	},
  	  	{
  	  	  	"press": true,
  	  	  	"dir": 0,
  	  	  	"time": 67422.6666666671,
  	  	  	"judgement": "sick"
  	  	},
  	  	{
  	  	  	"press": true,
  	  	  	"dir": 1,
  	  	  	"time": 67506.0000000005,
  	  	  	"judgement": "sick"
  	  	},
  	  	{
  	  	  	"press": false,
  	  	  	"dir": 0,
  	  	  	"time": 67539.3333333338,
  	  	  	"judgement": null
  	  	},
  	  	{
  	  	  	"press": false,
  	  	  	"dir": 1,
  	  	  	"time": 67589.3333333338,
  	  	  	"judgement": null
  	  	},
  	  	{
  	  	  	"press": true,
  	  	  	"dir": 3,
  	  	  	"time": 67672.6666666672,
  	  	  	"judgement": "sick"
  	  	},
  	  	{
  	  	  	"press": true,
  	  	  	"dir": 2,
  	  	  	"time": 67789.3333333339,
  	  	  	"judgement": "sick"
  	  	},
  	  	{
  	  	  	"press": false,
  	  	  	"dir": 3,
  	  	  	"time": 67806.0000000006,
  	  	  	"judgement": null
  	  	},
  	  	{
  	  	  	"press": true,
  	  	  	"dir": 0,
  	  	  	"time": 68006.0000000006,
  	  	  	"judgement": "sick"
  	  	},
  	  	{
  	  	  	"press": false,
  	  	  	"dir": 2,
  	  	  	"time": 68022.6666666673,
  	  	  	"judgement": null
  	  	},
  	  	{
  	  	  	"press": false,
  	  	  	"dir": 0,
  	  	  	"time": 68072.6666666673,
  	  	  	"judgement": null
  	  	},
  	  	{
  	  	  	"press": true,
  	  	  	"dir": 3,
  	  	  	"time": 68156.0000000007,
  	  	  	"judgement": "sick"
  	  	},
  	  	{
  	  	  	"press": false,
  	  	  	"dir": 3,
  	  	  	"time": 68222.6666666674,
  	  	  	"judgement": null
  	  	},
  	  	{
  	  	  	"press": true,
  	  	  	"dir": 1,
  	  	  	"time": 68272.6666666674,
  	  	  	"judgement": "sick"
  	  	},
  	  	{
  	  	  	"press": false,
  	  	  	"dir": 1,
  	  	  	"time": 68322.6666666674,
  	  	  	"judgement": null
  	  	},
  	  	{
  	  	  	"press": true,
  	  	  	"dir": 0,
  	  	  	"time": 68389.3333333341,
  	  	  	"judgement": "sick"
  	  	},
  	  	{
  	  	  	"press": false,
  	  	  	"dir": 0,
  	  	  	"time": 68506.0000000008,
  	  	  	"judgement": null
  	  	},
  	  	{
  	  	  	"press": true,
  	  	  	"dir": 1,
  	  	  	"time": 68522.6666666674,
  	  	  	"judgement": "sick"
  	  	},
  	  	{
  	  	  	"press": false,
  	  	  	"dir": 1,
  	  	  	"time": 68606.0000000008,
  	  	  	"judgement": null
  	  	},
  	  	{
  	  	  	"press": true,
  	  	  	"dir": 3,
  	  	  	"time": 68622.6666666675,
  	  	  	"judgement": "sick"
  	  	},
  	  	{
  	  	  	"press": false,
  	  	  	"dir": 3,
  	  	  	"time": 68706.0000000008,
  	  	  	"judgement": null
  	  	},
  	  	{
  	  	  	"press": true,
  	  	  	"dir": 0,
  	  	  	"time": 68756.0000000008,
  	  	  	"judgement": "sick"
  	  	},
  	  	{
  	  	  	"press": true,
  	  	  	"dir": 1,
  	  	  	"time": 68872.6666666675,
  	  	  	"judgement": "sick"
  	  	},
  	  	{
  	  	  	"press": false,
  	  	  	"dir": 0,
  	  	  	"time": 68889.3333333342,
  	  	  	"judgement": null
  	  	},
  	  	{
  	  	  	"press": false,
  	  	  	"dir": 1,
  	  	  	"time": 68956.0000000009,
  	  	  	"judgement": null
  	  	},
  	  	{
  	  	  	"press": true,
  	  	  	"dir": 2,
  	  	  	"time": 68972.6666666676,
  	  	  	"judgement": "sick"
  	  	},
  	  	{
  	  	  	"press": true,
  	  	  	"dir": 0,
  	  	  	"time": 69089.3333333343,
  	  	  	"judgement": "sick"
  	  	},
  	  	{
  	  	  	"press": false,
  	  	  	"dir": 2,
  	  	  	"time": 69089.3333333343,
  	  	  	"judgement": null
  	  	},
  	  	{
  	  	  	"press": false,
  	  	  	"dir": 0,
  	  	  	"time": 69222.6666666676,
  	  	  	"judgement": null
  	  	},
  	  	{
  	  	  	"press": true,
  	  	  	"dir": 3,
  	  	  	"time": 69706.0000000011,
  	  	  	"judgement": null
  	  	},
  	  	{
  	  	  	"press": true,
  	  	  	"dir": 0,
  	  	  	"time": 69722.6666666678,
  	  	  	"judgement": null
  	  	},
  	  	{
  	  	  	"press": true,
  	  	  	"dir": 1,
  	  	  	"time": 69722.6666666678,
  	  	  	"judgement": null
  	  	},
  	  	{
  	  	  	"press": true,
  	  	  	"dir": 2,
  	  	  	"time": 69722.6666666678,
  	  	  	"judgement": null
  	  	},
  	  	{
  	  	  	"press": false,
  	  	  	"dir": 2,
  	  	  	"time": 69972.6666666679,
  	  	  	"judgement": null
  	  	},
  	  	{
  	  	  	"press": false,
  	  	  	"dir": 3,
  	  	  	"time": 69972.6666666679,
  	  	  	"judgement": null
  	  	},
  	  	{
  	  	  	"press": false,
  	  	  	"dir": 0,
  	  	  	"time": 70189.3333333346,
  	  	  	"judgement": null
  	  	},
  	  	{
  	  	  	"press": false,
  	  	  	"dir": 1,
  	  	  	"time": 70206.0000000013,
  	  	  	"judgement": null
  	  	},
  	  	{
  	  	  	"press": true,
  	  	  	"dir": 2,
  	  	  	"time": 71239.3333333334,
  	  	  	"judgement": null
  	  	},
  	  	{
  	  	  	"press": true,
  	  	  	"dir": 3,
  	  	  	"time": 71239.3333333334,
  	  	  	"judgement": null
  	  	},
  	  	{
  	  	  	"press": false,
  	  	  	"dir": 3,
  	  	  	"time": 71372.6666666668,
  	  	  	"judgement": null
  	  	},
  	  	{
  	  	  	"press": false,
  	  	  	"dir": 2,
  	  	  	"time": 71389.3333333335,
  	  	  	"judgement": null
  	  	},
  	  	{
  	  	  	"press": true,
  	  	  	"dir": 0,
  	  	  	"time": 71622.6666666669,
  	  	  	"judgement": null
  	  	},
  	  	{
  	  	  	"press": true,
  	  	  	"dir": 1,
  	  	  	"time": 71639.3333333335,
  	  	  	"judgement": null
  	  	},
  	  	{
  	  	  	"press": true,
  	  	  	"dir": 2,
  	  	  	"time": 71639.3333333335,
  	  	  	"judgement": null
  	  	},
  	  	{
  	  	  	"press": true,
  	  	  	"dir": 3,
  	  	  	"time": 71639.3333333335,
  	  	  	"judgement": null
  	  	},
  	  	{
  	  	  	"press": false,
  	  	  	"dir": 3,
  	  	  	"time": 71806.0000000002,
  	  	  	"judgement": null
  	  	},
  	  	{
  	  	  	"press": false,
  	  	  	"dir": 2,
  	  	  	"time": 71822.6666666669,
  	  	  	"judgement": null
  	  	},
  	  	{
  	  	  	"press": true,
  	  	  	"dir": 2,
  	  	  	"time": 72139.3333333337,
  	  	  	"judgement": null
  	  	},
  	  	{
  	  	  	"press": true,
  	  	  	"dir": 3,
  	  	  	"time": 72139.3333333337,
  	  	  	"judgement": null
  	  	},
  	  	{
  	  	  	"press": false,
  	  	  	"dir": 3,
  	  	  	"time": 72256.0000000004,
  	  	  	"judgement": null
  	  	},
  	  	{
  	  	  	"press": false,
  	  	  	"dir": 2,
  	  	  	"time": 72272.666666667,
  	  	  	"judgement": null
  	  	},
  	  	{
  	  	  	"press": true,
  	  	  	"dir": 2,
  	  	  	"time": 72589.3333333338,
  	  	  	"judgement": null
  	  	},
  	  	{
  	  	  	"press": true,
  	  	  	"dir": 3,
  	  	  	"time": 72589.3333333338,
  	  	  	"judgement": null
  	  	},
  	  	{
  	  	  	"press": false,
  	  	  	"dir": 3,
  	  	  	"time": 72672.6666666672,
  	  	  	"judgement": null
  	  	},
  	  	{
  	  	  	"press": false,
  	  	  	"dir": 2,
  	  	  	"time": 72822.6666666672,
  	  	  	"judgement": null
  	  	},
  	  	{
  	  	  	"press": false,
  	  	  	"dir": 0,
  	  	  	"time": 72856.0000000006,
  	  	  	"judgement": null
  	  	},
  	  	{
  	  	  	"press": false,
  	  	  	"dir": 1,
  	  	  	"time": 72856.0000000006,
  	  	  	"judgement": null
  	  	},
  	  	{
  	  	  	"press": true,
  	  	  	"dir": 2,
  	  	  	"time": 73056.0000000006,
  	  	  	"judgement": "sick"
  	  	},
  	  	{
  	  	  	"press": false,
  	  	  	"dir": 2,
  	  	  	"time": 73139.333333334,
  	  	  	"judgement": null
  	  	},
  	  	{
  	  	  	"press": true,
  	  	  	"dir": 0,
  	  	  	"time": 73172.6666666673,
  	  	  	"judgement": "sick"
  	  	},
  	  	{
  	  	  	"press": false,
  	  	  	"dir": 0,
  	  	  	"time": 73239.333333334,
  	  	  	"judgement": null
  	  	},
  	  	{
  	  	  	"press": true,
  	  	  	"dir": 3,
  	  	  	"time": 73289.333333334,
  	  	  	"judgement": "sick"
  	  	},
  	  	{
  	  	  	"press": false,
  	  	  	"dir": 3,
  	  	  	"time": 73356.0000000007,
  	  	  	"judgement": null
  	  	},
  	  	{
  	  	  	"press": true,
  	  	  	"dir": 1,
  	  	  	"time": 73422.6666666674,
  	  	  	"judgement": "sick"
  	  	},
  	  	{
  	  	  	"press": false,
  	  	  	"dir": 1,
  	  	  	"time": 73506.0000000007,
  	  	  	"judgement": null
  	  	},
  	  	{
  	  	  	"press": true,
  	  	  	"dir": 2,
  	  	  	"time": 73522.6666666674,
  	  	  	"judgement": "sick"
  	  	},
  	  	{
  	  	  	"press": false,
  	  	  	"dir": 2,
  	  	  	"time": 73639.3333333341,
  	  	  	"judgement": null
  	  	},
  	  	{
  	  	  	"press": true,
  	  	  	"dir": 3,
  	  	  	"time": 73706.0000000008,
  	  	  	"judgement": "good"
  	  	},
  	  	{
  	  	  	"press": false,
  	  	  	"dir": 3,
  	  	  	"time": 73772.6666666675,
  	  	  	"judgement": null
  	  	},
  	  	{
  	  	  	"press": true,
  	  	  	"dir": 2,
  	  	  	"time": 73789.3333333342,
  	  	  	"judgement": "sick"
  	  	},
  	  	{
  	  	  	"press": false,
  	  	  	"dir": 2,
  	  	  	"time": 73856.0000000008,
  	  	  	"judgement": null
  	  	},
  	  	{
  	  	  	"press": true,
  	  	  	"dir": 1,
  	  	  	"time": 73889.3333333342,
  	  	  	"judgement": "sick"
  	  	},
  	  	{
  	  	  	"press": true,
  	  	  	"dir": 0,
  	  	  	"time": 74039.3333333342,
  	  	  	"judgement": "sick"
  	  	},
  	  	{
  	  	  	"press": false,
  	  	  	"dir": 1,
  	  	  	"time": 74039.3333333342,
  	  	  	"judgement": null
  	  	},
  	  	{
  	  	  	"press": false,
  	  	  	"dir": 0,
  	  	  	"time": 74122.6666666676,
  	  	  	"judgement": null
  	  	},
  	  	{
  	  	  	"press": true,
  	  	  	"dir": 3,
  	  	  	"time": 74139.3333333343,
  	  	  	"judgement": "sick"
  	  	},
  	  	{
  	  	  	"press": false,
  	  	  	"dir": 3,
  	  	  	"time": 74256.000000001,
  	  	  	"judgement": null
  	  	},
  	  	{
  	  	  	"press": true,
  	  	  	"dir": 1,
  	  	  	"time": 74272.6666666676,
  	  	  	"judgement": "sick"
  	  	},
  	  	{
  	  	  	"press": true,
  	  	  	"dir": 0,
  	  	  	"time": 74372.6666666677,
  	  	  	"judgement": "sick"
  	  	},
  	  	{
  	  	  	"press": false,
  	  	  	"dir": 1,
  	  	  	"time": 74406.000000001,
  	  	  	"judgement": null
  	  	},
  	  	{
  	  	  	"press": true,
  	  	  	"dir": 2,
  	  	  	"time": 74489.3333333344,
  	  	  	"judgement": "sick"
  	  	},
  	  	{
  	  	  	"press": false,
  	  	  	"dir": 0,
  	  	  	"time": 74489.3333333344,
  	  	  	"judgement": null
  	  	},
  	  	{
  	  	  	"press": false,
  	  	  	"dir": 2,
  	  	  	"time": 74589.3333333344,
  	  	  	"judgement": null
  	  	},
  	  	{
  	  	  	"press": true,
  	  	  	"dir": 1,
  	  	  	"time": 74622.6666666677,
  	  	  	"judgement": "sick"
  	  	},
  	  	{
  	  	  	"press": true,
  	  	  	"dir": 0,
  	  	  	"time": 74722.6666666678,
  	  	  	"judgement": "sick"
  	  	},
  	  	{
  	  	  	"press": false,
  	  	  	"dir": 1,
  	  	  	"time": 74756.0000000011,
  	  	  	"judgement": null
  	  	},
  	  	{
  	  	  	"press": true,
  	  	  	"dir": 3,
  	  	  	"time": 74839.3333333345,
  	  	  	"judgement": "sick"
  	  	},
  	  	{
  	  	  	"press": false,
  	  	  	"dir": 0,
  	  	  	"time": 74856.0000000011,
  	  	  	"judgement": null
  	  	},
  	  	{
  	  	  	"press": true,
  	  	  	"dir": 2,
  	  	  	"time": 74939.3333333345,
  	  	  	"judgement": "sick"
  	  	},
  	  	{
  	  	  	"press": false,
  	  	  	"dir": 3,
  	  	  	"time": 74956.0000000012,
  	  	  	"judgement": null
  	  	},
  	  	{
  	  	  	"press": false,
  	  	  	"dir": 2,
  	  	  	"time": 75039.3333333345,
  	  	  	"judgement": null
  	  	},
  	  	{
  	  	  	"press": true,
  	  	  	"dir": 0,
  	  	  	"time": 75089.3333333345,
  	  	  	"judgement": "sick"
  	  	},
  	  	{
  	  	  	"press": true,
  	  	  	"dir": 3,
  	  	  	"time": 75189.3333333346,
  	  	  	"judgement": "sick"
  	  	},
  	  	{
  	  	  	"press": false,
  	  	  	"dir": 0,
  	  	  	"time": 75189.3333333346,
  	  	  	"judgement": null
  	  	},
  	  	{
  	  	  	"press": false,
  	  	  	"dir": 3,
  	  	  	"time": 75272.6666666679,
  	  	  	"judgement": null
  	  	},
  	  	{
  	  	  	"press": true,
  	  	  	"dir": 1,
  	  	  	"time": 75322.6666666679,
  	  	  	"judgement": "sick"
  	  	},
  	  	{
  	  	  	"press": false,
  	  	  	"dir": 1,
  	  	  	"time": 75406.0000000013,
  	  	  	"judgement": null
  	  	},
  	  	{
  	  	  	"press": true,
  	  	  	"dir": 2,
  	  	  	"time": 75439.3333333346,
  	  	  	"judgement": "sick"
  	  	},
  	  	{
  	  	  	"press": false,
  	  	  	"dir": 2,
  	  	  	"time": 75522.666666668,
  	  	  	"judgement": null
  	  	},
  	  	{
  	  	  	"press": true,
  	  	  	"dir": 0,
  	  	  	"time": 75589.3333333347,
  	  	  	"judgement": "sick"
  	  	},
  	  	{
  	  	  	"press": false,
  	  	  	"dir": 0,
  	  	  	"time": 75639.3333333347,
  	  	  	"judgement": null
  	  	},
  	  	{
  	  	  	"press": true,
  	  	  	"dir": 3,
  	  	  	"time": 75689.3333333347,
  	  	  	"judgement": "sick"
  	  	},
  	  	{
  	  	  	"press": false,
  	  	  	"dir": 3,
  	  	  	"time": 75772.6666666681,
  	  	  	"judgement": null
  	  	},
  	  	{
  	  	  	"press": true,
  	  	  	"dir": 1,
  	  	  	"time": 75822.6666666681,
  	  	  	"judgement": "sick"
  	  	},
  	  	{
  	  	  	"press": false,
  	  	  	"dir": 1,
  	  	  	"time": 75889.3333333348,
  	  	  	"judgement": null
  	  	},
  	  	{
  	  	  	"press": true,
  	  	  	"dir": 2,
  	  	  	"time": 75939.3333333348,
  	  	  	"judgement": "sick"
  	  	},
  	  	{
  	  	  	"press": false,
  	  	  	"dir": 2,
  	  	  	"time": 76022.6666666681,
  	  	  	"judgement": null
  	  	},
  	  	{
  	  	  	"press": true,
  	  	  	"dir": 0,
  	  	  	"time": 76056.0000000015,
  	  	  	"judgement": "sick"
  	  	},
  	  	{
  	  	  	"press": false,
  	  	  	"dir": 0,
  	  	  	"time": 76106.0000000015,
  	  	  	"judgement": null
  	  	},
  	  	{
  	  	  	"press": true,
  	  	  	"dir": 3,
  	  	  	"time": 76189.3333333349,
  	  	  	"judgement": "sick"
  	  	},
  	  	{
  	  	  	"press": false,
  	  	  	"dir": 3,
  	  	  	"time": 76272.6666666682,
  	  	  	"judgement": null
  	  	},
  	  	{
  	  	  	"press": true,
  	  	  	"dir": 1,
  	  	  	"time": 76306.0000000016,
  	  	  	"judgement": "sick"
  	  	},
  	  	{
  	  	  	"press": true,
  	  	  	"dir": 0,
  	  	  	"time": 76422.6666666683,
  	  	  	"judgement": "sick"
  	  	},
  	  	{
  	  	  	"press": false,
  	  	  	"dir": 1,
  	  	  	"time": 76439.3333333349,
  	  	  	"judgement": null
  	  	},
  	  	{
  	  	  	"press": false,
  	  	  	"dir": 0,
  	  	  	"time": 76522.6666666683,
  	  	  	"judgement": null
  	  	},
  	  	{
  	  	  	"press": true,
  	  	  	"dir": 1,
  	  	  	"time": 76639.333333335,
  	  	  	"judgement": "sick"
  	  	},
  	  	{
  	  	  	"press": true,
  	  	  	"dir": 2,
  	  	  	"time": 76872.6666666684,
  	  	  	"judgement": "sick"
  	  	},
  	  	{
  	  	  	"press": false,
  	  	  	"dir": 1,
  	  	  	"time": 77172.6666666685,
  	  	  	"judgement": null
  	  	},
  	  	{
  	  	  	"press": false,
  	  	  	"dir": 2,
  	  	  	"time": 77172.6666666685,
  	  	  	"judgement": null
  	  	},
  	  	{
  	  	  	"press": true,
  	  	  	"dir": 0,
  	  	  	"time": 77356.0000000019,
  	  	  	"judgement": null
  	  	},
  	  	{
  	  	  	"press": true,
  	  	  	"dir": 1,
  	  	  	"time": 77372.6666666685,
  	  	  	"judgement": null
  	  	},
  	  	{
  	  	  	"press": true,
  	  	  	"dir": 2,
  	  	  	"time": 77372.6666666685,
  	  	  	"judgement": null
  	  	},
  	  	{
  	  	  	"press": true,
  	  	  	"dir": 3,
  	  	  	"time": 77372.6666666685,
  	  	  	"judgement": null
  	  	},
  	  	{
  	  	  	"press": false,
  	  	  	"dir": 3,
  	  	  	"time": 77439.3333333352,
  	  	  	"judgement": null
  	  	},
  	  	{
  	  	  	"press": false,
  	  	  	"dir": 2,
  	  	  	"time": 77456.0000000019,
  	  	  	"judgement": null
  	  	},
  	  	{
  	  	  	"press": false,
  	  	  	"dir": 0,
  	  	  	"time": 77572.6666666686,
  	  	  	"judgement": null
  	  	},
  	  	{
  	  	  	"press": false,
  	  	  	"dir": 1,
  	  	  	"time": 77572.6666666686,
  	  	  	"judgement": null
  	  	},
  	  	{
  	  	  	"press": true,
  	  	  	"dir": 2,
  	  	  	"time": 77622.6666666686,
  	  	  	"judgement": null
  	  	},
  	  	{
  	  	  	"press": true,
  	  	  	"dir": 3,
  	  	  	"time": 77622.6666666686,
  	  	  	"judgement": null
  	  	},
  	  	{
  	  	  	"press": false,
  	  	  	"dir": 2,
  	  	  	"time": 77839.3333333353,
  	  	  	"judgement": null
  	  	},
  	  	{
  	  	  	"press": false,
  	  	  	"dir": 3,
  	  	  	"time": 77839.3333333353,
  	  	  	"judgement": null
  	  	},
  	  	{
  	  	  	"press": true,
  	  	  	"dir": 2,
  	  	  	"time": 78072.6666666687,
  	  	  	"judgement": null
  	  	},
  	  	{
  	  	  	"press": true,
  	  	  	"dir": 3,
  	  	  	"time": 78072.6666666687,
  	  	  	"judgement": null
  	  	},
  	  	{
  	  	  	"press": false,
  	  	  	"dir": 2,
  	  	  	"time": 78255,
  	  	  	"judgement": null
  	  	},
  	  	{
  	  	  	"press": false,
  	  	  	"dir": 3,
  	  	  	"time": 78255,
  	  	  	"judgement": null
  	  	},
  	  	{
  	  	  	"press": true,
  	  	  	"dir": 0,
  	  	  	"time": 78371.6666666667,
  	  	  	"judgement": null
  	  	},
  	  	{
  	  	  	"press": true,
  	  	  	"dir": 1,
  	  	  	"time": 78371.6666666667,
  	  	  	"judgement": null
  	  	},
  	  	{
  	  	  	"press": false,
  	  	  	"dir": 0,
  	  	  	"time": 78655.0000000001,
  	  	  	"judgement": null
  	  	},
  	  	{
  	  	  	"press": false,
  	  	  	"dir": 1,
  	  	  	"time": 78655.0000000001,
  	  	  	"judgement": null
  	  	},
  	  	{
  	  	  	"press": true,
  	  	  	"dir": 1,
  	  	  	"time": 78821.6666666669,
  	  	  	"judgement": "sick"
  	  	},
  	  	{
  	  	  	"press": false,
  	  	  	"dir": 1,
  	  	  	"time": 79038.3333333336,
  	  	  	"judgement": null
  	  	},
  	  	{
  	  	  	"press": true,
  	  	  	"dir": 3,
  	  	  	"time": 79088.3333333336,
  	  	  	"judgement": "sick"
  	  	},
  	  	{
  	  	  	"press": true,
  	  	  	"dir": 0,
  	  	  	"time": 79205.0000000003,
  	  	  	"judgement": "sick"
  	  	},
  	  	{
  	  	  	"press": false,
  	  	  	"dir": 3,
  	  	  	"time": 79205.0000000003,
  	  	  	"judgement": null
  	  	},
  	  	{
  	  	  	"press": true,
  	  	  	"dir": 2,
  	  	  	"time": 79288.3333333337,
  	  	  	"judgement": "sick"
  	  	},
  	  	{
  	  	  	"press": false,
  	  	  	"dir": 0,
  	  	  	"time": 79288.3333333337,
  	  	  	"judgement": null
  	  	},
  	  	{
  	  	  	"press": true,
  	  	  	"dir": 1,
  	  	  	"time": 79538.3333333337,
  	  	  	"judgement": "sick"
  	  	},
  	  	{
  	  	  	"press": false,
  	  	  	"dir": 2,
  	  	  	"time": 79721.6666666671,
  	  	  	"judgement": null
  	  	},
  	  	{
  	  	  	"press": true,
  	  	  	"dir": 0,
  	  	  	"time": 79771.6666666671,
  	  	  	"judgement": "sick"
  	  	},
  	  	{
  	  	  	"press": false,
  	  	  	"dir": 1,
  	  	  	"time": 79771.6666666671,
  	  	  	"judgement": null
  	  	},
  	  	{
  	  	  	"press": true,
  	  	  	"dir": 3,
  	  	  	"time": 80021.6666666672,
  	  	  	"judgement": "sick"
  	  	},
  	  	{
  	  	  	"press": false,
  	  	  	"dir": 0,
  	  	  	"time": 80088.3333333339,
  	  	  	"judgement": null
  	  	},
  	  	{
  	  	  	"press": true,
  	  	  	"dir": 2,
  	  	  	"time": 80221.6666666673,
  	  	  	"judgement": "sick"
  	  	},
  	  	{
  	  	  	"press": false,
  	  	  	"dir": 3,
  	  	  	"time": 80255.0000000006,
  	  	  	"judgement": null
  	  	},
  	  	{
  	  	  	"press": true,
  	  	  	"dir": 0,
  	  	  	"time": 80471.6666666673,
  	  	  	"judgement": "sick"
  	  	},
  	  	{
  	  	  	"press": false,
  	  	  	"dir": 2,
  	  	  	"time": 80538.333333334,
  	  	  	"judgement": null
  	  	},
  	  	{
  	  	  	"press": true,
  	  	  	"dir": 1,
  	  	  	"time": 80588.333333334,
  	  	  	"judgement": "sick"
  	  	},
  	  	{
  	  	  	"press": false,
  	  	  	"dir": 0,
  	  	  	"time": 80605.0000000007,
  	  	  	"judgement": null
  	  	},
  	  	{
  	  	  	"press": false,
  	  	  	"dir": 1,
  	  	  	"time": 80688.3333333341,
  	  	  	"judgement": null
  	  	},
  	  	{
  	  	  	"press": true,
  	  	  	"dir": 3,
  	  	  	"time": 80721.6666666674,
  	  	  	"judgement": "sick"
  	  	},
  	  	{
  	  	  	"press": false,
  	  	  	"dir": 3,
  	  	  	"time": 80805.0000000008,
  	  	  	"judgement": null
  	  	},
  	  	{
  	  	  	"press": true,
  	  	  	"dir": 0,
  	  	  	"time": 80838.3333333341,
  	  	  	"judgement": "sick"
  	  	},
  	  	{
  	  	  	"press": false,
  	  	  	"dir": 0,
  	  	  	"time": 80921.6666666675,
  	  	  	"judgement": null
  	  	},
  	  	{
  	  	  	"press": true,
  	  	  	"dir": 2,
  	  	  	"time": 80955.0000000008,
  	  	  	"judgement": "sick"
  	  	},
  	  	{
  	  	  	"press": true,
  	  	  	"dir": 3,
  	  	  	"time": 81071.6666666675,
  	  	  	"judgement": "sick"
  	  	},
  	  	{
  	  	  	"press": false,
  	  	  	"dir": 2,
  	  	  	"time": 81071.6666666675,
  	  	  	"judgement": null
  	  	},
  	  	{
  	  	  	"press": true,
  	  	  	"dir": 0,
  	  	  	"time": 81138.3333333342,
  	  	  	"judgement": "sick"
  	  	},
  	  	{
  	  	  	"press": false,
  	  	  	"dir": 3,
  	  	  	"time": 81155.0000000009,
  	  	  	"judgement": null
  	  	},
  	  	{
  	  	  	"press": true,
  	  	  	"dir": 1,
  	  	  	"time": 81205.0000000009,
  	  	  	"judgement": "sick"
  	  	},
  	  	{
  	  	  	"press": false,
  	  	  	"dir": 0,
  	  	  	"time": 81238.3333333342,
  	  	  	"judgement": null
  	  	},
  	  	{
  	  	  	"press": false,
  	  	  	"dir": 1,
  	  	  	"time": 81271.6666666676,
  	  	  	"judgement": null
  	  	},
  	  	{
  	  	  	"press": true,
  	  	  	"dir": 3,
  	  	  	"time": 81338.3333333343,
  	  	  	"judgement": "sick"
  	  	},
  	  	{
  	  	  	"press": false,
  	  	  	"dir": 3,
  	  	  	"time": 81421.6666666676,
  	  	  	"judgement": null
  	  	},
  	  	{
  	  	  	"press": true,
  	  	  	"dir": 0,
  	  	  	"time": 81455.000000001,
  	  	  	"judgement": "sick"
  	  	},
  	  	{
  	  	  	"press": false,
  	  	  	"dir": 0,
  	  	  	"time": 81555.000000001,
  	  	  	"judgement": null
  	  	},
  	  	{
  	  	  	"press": true,
  	  	  	"dir": 2,
  	  	  	"time": 81571.6666666677,
  	  	  	"judgement": "sick"
  	  	},
  	  	{
  	  	  	"press": false,
  	  	  	"dir": 2,
  	  	  	"time": 81671.6666666677,
  	  	  	"judgement": null
  	  	},
  	  	{
  	  	  	"press": true,
  	  	  	"dir": 3,
  	  	  	"time": 81705.000000001,
  	  	  	"judgement": "sick"
  	  	},
  	  	{
  	  	  	"press": false,
  	  	  	"dir": 3,
  	  	  	"time": 81788.3333333344,
  	  	  	"judgement": null
  	  	},
  	  	{
  	  	  	"press": true,
  	  	  	"dir": 0,
  	  	  	"time": 81805.0000000011,
  	  	  	"judgement": "sick"
  	  	},
  	  	{
  	  	  	"press": false,
  	  	  	"dir": 0,
  	  	  	"time": 81871.6666666677,
  	  	  	"judgement": null
  	  	},
  	  	{
  	  	  	"press": true,
  	  	  	"dir": 0,
  	  	  	"time": 81955.0000000011,
  	  	  	"judgement": "sick"
  	  	},
  	  	{
  	  	  	"press": true,
  	  	  	"dir": 2,
  	  	  	"time": 82021.6666666678,
  	  	  	"judgement": "sick"
  	  	},
  	  	{
  	  	  	"press": false,
  	  	  	"dir": 0,
  	  	  	"time": 82021.6666666678,
  	  	  	"judgement": null
  	  	},
  	  	{
  	  	  	"press": false,
  	  	  	"dir": 2,
  	  	  	"time": 82105.0000000011,
  	  	  	"judgement": null
  	  	},
  	  	{
  	  	  	"press": true,
  	  	  	"dir": 1,
  	  	  	"time": 82121.6666666678,
  	  	  	"judgement": "sick"
  	  	},
  	  	{
  	  	  	"press": false,
  	  	  	"dir": 1,
  	  	  	"time": 82188.3333333345,
  	  	  	"judgement": null
  	  	},
  	  	{
  	  	  	"press": true,
  	  	  	"dir": 3,
  	  	  	"time": 82221.6666666679,
  	  	  	"judgement": "sick"
  	  	},
  	  	{
  	  	  	"press": false,
  	  	  	"dir": 3,
  	  	  	"time": 82288.3333333345,
  	  	  	"judgement": null
  	  	},
  	  	{
  	  	  	"press": true,
  	  	  	"dir": 0,
  	  	  	"time": 82338.3333333346,
  	  	  	"judgement": "sick"
  	  	},
  	  	{
  	  	  	"press": false,
  	  	  	"dir": 0,
  	  	  	"time": 82388.3333333346,
  	  	  	"judgement": null
  	  	},
  	  	{
  	  	  	"press": true,
  	  	  	"dir": 2,
  	  	  	"time": 82405.0000000012,
  	  	  	"judgement": "sick"
  	  	},
  	  	{
  	  	  	"press": false,
  	  	  	"dir": 2,
  	  	  	"time": 82505.0000000013,
  	  	  	"judgement": null
  	  	},
  	  	{
  	  	  	"press": true,
  	  	  	"dir": 3,
  	  	  	"time": 82538.3333333346,
  	  	  	"judgement": "sick"
  	  	},
  	  	{
  	  	  	"press": true,
  	  	  	"dir": 2,
  	  	  	"time": 82655.0000000013,
  	  	  	"judgement": "sick"
  	  	},
  	  	{
  	  	  	"press": false,
  	  	  	"dir": 3,
  	  	  	"time": 82671.666666668,
  	  	  	"judgement": null
  	  	},
  	  	{
  	  	  	"press": true,
  	  	  	"dir": 1,
  	  	  	"time": 82755.0000000013,
  	  	  	"judgement": "sick"
  	  	},
  	  	{
  	  	  	"press": false,
  	  	  	"dir": 2,
  	  	  	"time": 82755.0000000013,
  	  	  	"judgement": null
  	  	},
  	  	{
  	  	  	"press": false,
  	  	  	"dir": 1,
  	  	  	"time": 82855.0000000014,
  	  	  	"judgement": null
  	  	},
  	  	{
  	  	  	"press": true,
  	  	  	"dir": 0,
  	  	  	"time": 82871.666666668,
  	  	  	"judgement": "sick"
  	  	},
  	  	{
  	  	  	"press": false,
  	  	  	"dir": 0,
  	  	  	"time": 82988.3333333347,
  	  	  	"judgement": null
  	  	},
  	  	{
  	  	  	"press": true,
  	  	  	"dir": 3,
  	  	  	"time": 83005.0000000014,
  	  	  	"judgement": "sick"
  	  	},
  	  	{
  	  	  	"press": true,
  	  	  	"dir": 1,
  	  	  	"time": 83088.3333333348,
  	  	  	"judgement": "sick"
  	  	},
  	  	{
  	  	  	"press": false,
  	  	  	"dir": 3,
  	  	  	"time": 83088.3333333348,
  	  	  	"judgement": null
  	  	},
  	  	{
  	  	  	"press": true,
  	  	  	"dir": 2,
  	  	  	"time": 83138.3333333348,
  	  	  	"judgement": "sick"
  	  	},
  	  	{
  	  	  	"press": false,
  	  	  	"dir": 1,
  	  	  	"time": 83138.3333333348,
  	  	  	"judgement": null
  	  	},
  	  	{
  	  	  	"press": false,
  	  	  	"dir": 2,
  	  	  	"time": 83221.6666666681,
  	  	  	"judgement": null
  	  	},
  	  	{
  	  	  	"press": true,
  	  	  	"dir": 0,
  	  	  	"time": 83255.0000000015,
  	  	  	"judgement": "sick"
  	  	},
  	  	{
  	  	  	"press": false,
  	  	  	"dir": 0,
  	  	  	"time": 83338.3333333348,
  	  	  	"judgement": null
  	  	},
  	  	{
  	  	  	"press": true,
  	  	  	"dir": 3,
  	  	  	"time": 83388.3333333349,
  	  	  	"judgement": "sick"
  	  	},
  	  	{
  	  	  	"press": true,
  	  	  	"dir": 2,
  	  	  	"time": 83488.3333333349,
  	  	  	"judgement": "sick"
  	  	},
  	  	{
  	  	  	"press": false,
  	  	  	"dir": 3,
  	  	  	"time": 83521.6666666682,
  	  	  	"judgement": null
  	  	},
  	  	{
  	  	  	"press": true,
  	  	  	"dir": 1,
  	  	  	"time": 83621.6666666683,
  	  	  	"judgement": "sick"
  	  	},
  	  	{
  	  	  	"press": false,
  	  	  	"dir": 2,
  	  	  	"time": 83721.6666666683,
  	  	  	"judgement": null
  	  	},
  	  	{
  	  	  	"press": true,
  	  	  	"dir": 0,
  	  	  	"time": 83805.0000000016,
  	  	  	"judgement": "good"
  	  	},
  	  	{
  	  	  	"press": false,
  	  	  	"dir": 1,
  	  	  	"time": 83821.6666666683,
  	  	  	"judgement": null
  	  	},
  	  	{
  	  	  	"press": false,
  	  	  	"dir": 0,
  	  	  	"time": 83905.0000000017,
  	  	  	"judgement": null
  	  	},
  	  	{
  	  	  	"press": true,
  	  	  	"dir": 3,
  	  	  	"time": 83921.6666666683,
  	  	  	"judgement": "good"
  	  	},
  	  	{
  	  	  	"press": false,
  	  	  	"dir": 3,
  	  	  	"time": 84021.6666666684,
  	  	  	"judgement": null
  	  	},
  	  	{
  	  	  	"press": true,
  	  	  	"dir": 1,
  	  	  	"time": 84188.3333333351,
  	  	  	"judgement": "sick"
  	  	},
  	  	{
  	  	  	"press": false,
  	  	  	"dir": 1,
  	  	  	"time": 84271.6666666684,
  	  	  	"judgement": null
  	  	},
  	  	{
  	  	  	"press": true,
  	  	  	"dir": 2,
  	  	  	"time": 84305.0000000018,
  	  	  	"judgement": "sick"
  	  	},
  	  	{
  	  	  	"press": false,
  	  	  	"dir": 2,
  	  	  	"time": 84421.6666666685,
  	  	  	"judgement": null
  	  	},
  	  	{
  	  	  	"press": true,
  	  	  	"dir": 0,
  	  	  	"time": 84438.3333333352,
  	  	  	"judgement": "sick"
  	  	},
  	  	{
  	  	  	"press": true,
  	  	  	"dir": 1,
  	  	  	"time": 84588.3333333352,
  	  	  	"judgement": "sick"
  	  	},
  	  	{
  	  	  	"press": false,
  	  	  	"dir": 0,
  	  	  	"time": 84588.3333333352,
  	  	  	"judgement": null
  	  	},
  	  	{
  	  	  	"press": false,
  	  	  	"dir": 1,
  	  	  	"time": 84655.0000000019,
  	  	  	"judgement": null
  	  	},
  	  	{
  	  	  	"press": true,
  	  	  	"dir": 2,
  	  	  	"time": 85021.6666666687,
  	  	  	"judgement": null
  	  	},
  	  	{
  	  	  	"press": true,
  	  	  	"dir": 3,
  	  	  	"time": 85021.6666666687,
  	  	  	"judgement": null
  	  	},
  	  	{
  	  	  	"press": true,
  	  	  	"dir": 0,
  	  	  	"time": 85055.000000002,
  	  	  	"judgement": null
  	  	},
  	  	{
  	  	  	"press": true,
  	  	  	"dir": 1,
  	  	  	"time": 85055.000000002,
  	  	  	"judgement": null
  	  	},
  	  	{
  	  	  	"press": false,
  	  	  	"dir": 2,
  	  	  	"time": 85305.0000000021,
  	  	  	"judgement": null
  	  	},
  	  	{
  	  	  	"press": false,
  	  	  	"dir": 3,
  	  	  	"time": 85321.6666666688,
  	  	  	"judgement": null
  	  	},
  	  	{
  	  	  	"press": true,
  	  	  	"dir": 2,
  	  	  	"time": 85538.3333333355,
  	  	  	"judgement": null
  	  	},
  	  	{
  	  	  	"press": true,
  	  	  	"dir": 3,
  	  	  	"time": 85538.3333333355,
  	  	  	"judgement": null
  	  	},
  	  	{
  	  	  	"press": false,
  	  	  	"dir": 0,
  	  	  	"time": 85571.6666666688,
  	  	  	"judgement": null
  	  	},
  	  	{
  	  	  	"press": false,
  	  	  	"dir": 1,
  	  	  	"time": 85571.6666666688,
  	  	  	"judgement": null
  	  	},
  	  	{
  	  	  	"press": false,
  	  	  	"dir": 3,
  	  	  	"time": 85588.3333333355,
  	  	  	"judgement": null
  	  	},
  	  	{
  	  	  	"press": false,
  	  	  	"dir": 2,
  	  	  	"time": 85605.0000000022,
  	  	  	"judgement": null
  	  	},
  	  	{
  	  	  	"press": true,
  	  	  	"dir": 0,
  	  	  	"time": 85755.0000000022,
  	  	  	"judgement": null
  	  	},
  	  	{
  	  	  	"press": true,
  	  	  	"dir": 1,
  	  	  	"time": 85755.0000000022,
  	  	  	"judgement": null
  	  	},
  	  	{
  	  	  	"press": false,
  	  	  	"dir": 0,
  	  	  	"time": 85805.0000000022,
  	  	  	"judgement": null
  	  	},
  	  	{
  	  	  	"press": false,
  	  	  	"dir": 1,
  	  	  	"time": 85838.3333333356,
  	  	  	"judgement": null
  	  	},
  	  	{
  	  	  	"press": true,
  	  	  	"dir": 2,
  	  	  	"time": 85988.3333333356,
  	  	  	"judgement": null
  	  	},
  	  	{
  	  	  	"press": true,
  	  	  	"dir": 3,
  	  	  	"time": 85988.3333333356,
  	  	  	"judgement": null
  	  	},
  	  	{
  	  	  	"press": false,
  	  	  	"dir": 3,
  	  	  	"time": 86255.0000000024,
  	  	  	"judgement": null
  	  	},
  	  	{
  	  	  	"press": true,
  	  	  	"dir": 0,
  	  	  	"time": 86271.666666669,
  	  	  	"judgement": null
  	  	},
  	  	{
  	  	  	"press": true,
  	  	  	"dir": 1,
  	  	  	"time": 86271.666666669,
  	  	  	"judgement": null
  	  	},
  	  	{
  	  	  	"press": false,
  	  	  	"dir": 2,
  	  	  	"time": 86288.3333333357,
  	  	  	"judgement": null
  	  	},
  	  	{
  	  	  	"press": false,
  	  	  	"dir": 1,
  	  	  	"time": 86321.666666669,
  	  	  	"judgement": null
  	  	},
  	  	{
  	  	  	"press": false,
  	  	  	"dir": 0,
  	  	  	"time": 86338.3333333357,
  	  	  	"judgement": null
  	  	},
  	  	{
  	  	  	"press": true,
  	  	  	"dir": 0,
  	  	  	"time": 86388.3333333357,
  	  	  	"judgement": "bad"
  	  	},
  	  	{
  	  	  	"press": true,
  	  	  	"dir": 1,
  	  	  	"time": 86388.3333333357,
  	  	  	"judgement": null
  	  	},
  	  	{
  	  	  	"press": true,
  	  	  	"dir": 3,
  	  	  	"time": 86388.3333333357,
  	  	  	"judgement": null
  	  	},
  	  	{
  	  	  	"press": false,
  	  	  	"dir": 0,
  	  	  	"time": 87055,
  	  	  	"judgement": null
  	  	},
  	  	{
  	  	  	"press": false,
  	  	  	"dir": 2,
  	  	  	"time": 87055,
  	  	  	"judgement": null
  	  	},
  	  	{
  	  	  	"press": false,
  	  	  	"dir": 3,
  	  	  	"time": 87055,
  	  	  	"judgement": null
  	  	},
  	  	{
  	  	  	"press": false,
  	  	  	"dir": 1,
  	  	  	"time": 87071.6666666667,
  	  	  	"judgement": null
  	  	},
  	  	{
  	  	  	"press": true,
  	  	  	"dir": 0,
  	  	  	"time": 87235,
  	  	  	"judgement": null
  	  	},
  	  	{
  	  	  	"press": true,
  	  	  	"dir": 1,
  	  	  	"time": 87235,
  	  	  	"judgement": null
  	  	},
  	  	{
  	  	  	"press": true,
  	  	  	"dir": 2,
  	  	  	"time": 87235,
  	  	  	"judgement": "sick"
  	  	},
  	  	{
  	  	  	"press": true,
  	  	  	"dir": 3,
  	  	  	"time": 87235,
  	  	  	"judgement": null
  	  	},
  	  	{
  	  	  	"press": false,
  	  	  	"dir": 0,
  	  	  	"time": 87385,
  	  	  	"judgement": null
  	  	},
  	  	{
  	  	  	"press": false,
  	  	  	"dir": 1,
  	  	  	"time": 87385,
  	  	  	"judgement": null
  	  	},
  	  	{
  	  	  	"press": false,
  	  	  	"dir": 3,
  	  	  	"time": 87385,
  	  	  	"judgement": null
  	  	},
  	  	{
  	  	  	"press": false,
  	  	  	"dir": 2,
  	  	  	"time": 87401.6666666667,
  	  	  	"judgement": null
  	  	},
  	  	{
  	  	  	"press": true,
  	  	  	"dir": 2,
  	  	  	"time": 87668.3333333335,
  	  	  	"judgement": null
  	  	},
  	  	{
  	  	  	"press": true,
  	  	  	"dir": 0,
  	  	  	"time": 87751.6666666668,
  	  	  	"judgement": "good"
  	  	},
  	  	{
  	  	  	"press": false,
  	  	  	"dir": 2,
  	  	  	"time": 87751.6666666668,
  	  	  	"judgement": null
  	  	},
  	  	{
  	  	  	"press": false,
  	  	  	"dir": 0,
  	  	  	"time": 87851.6666666668,
  	  	  	"judgement": null
  	  	},
  	  	{
  	  	  	"press": true,
  	  	  	"dir": 2,
  	  	  	"time": 87901.6666666669,
  	  	  	"judgement": "sick"
  	  	},
  	  	{
  	  	  	"press": true,
  	  	  	"dir": 3,
  	  	  	"time": 88185.0000000003,
  	  	  	"judgement": "sick"
  	  	},
  	  	{
  	  	  	"press": true,
  	  	  	"dir": 0,
  	  	  	"time": 88451.6666666667,
  	  	  	"judgement": "sick"
  	  	},
  	  	{
  	  	  	"press": false,
  	  	  	"dir": 0,
  	  	  	"time": 88518.3333333334,
  	  	  	"judgement": null
  	  	},
  	  	{
  	  	  	"press": false,
  	  	  	"dir": 2,
  	  	  	"time": 88535.0000000001,
  	  	  	"judgement": null
  	  	},
  	  	{
  	  	  	"press": false,
  	  	  	"dir": 3,
  	  	  	"time": 88535.0000000001,
  	  	  	"judgement": null
  	  	},
  	  	{
  	  	  	"press": true,
  	  	  	"dir": 1,
  	  	  	"time": 88668.3333333335,
  	  	  	"judgement": "sick"
  	  	},
  	  	{
  	  	  	"press": false,
  	  	  	"dir": 1,
  	  	  	"time": 88751.6666666668,
  	  	  	"judgement": null
  	  	},
  	  	{
  	  	  	"press": true,
  	  	  	"dir": 2,
  	  	  	"time": 88885.0000000002,
  	  	  	"judgement": "sick"
  	  	},
  	  	{
  	  	  	"press": true,
  	  	  	"dir": 0,
  	  	  	"time": 89168.3333333336,
  	  	  	"judgement": "sick"
  	  	},
  	  	{
  	  	  	"press": false,
  	  	  	"dir": 2,
  	  	  	"time": 89201.6666666669,
  	  	  	"judgement": null
  	  	},
  	  	{
  	  	  	"press": false,
  	  	  	"dir": 0,
  	  	  	"time": 89235.0000000003,
  	  	  	"judgement": null
  	  	},
  	  	{
  	  	  	"press": true,
  	  	  	"dir": 3,
  	  	  	"time": 89385.0000000003,
  	  	  	"judgement": "sick"
  	  	},
  	  	{
  	  	  	"press": false,
  	  	  	"dir": 3,
  	  	  	"time": 89451.666666667,
  	  	  	"judgement": null
  	  	},
  	  	{
  	  	  	"press": true,
  	  	  	"dir": 1,
  	  	  	"time": 89618.3333333337,
  	  	  	"judgement": "sick"
  	  	},
  	  	{
  	  	  	"press": false,
  	  	  	"dir": 1,
  	  	  	"time": 89651.6666666671,
  	  	  	"judgement": null
  	  	},
  	  	{
  	  	  	"press": true,
  	  	  	"dir": 1,
  	  	  	"time": 89868.3333333338,
  	  	  	"judgement": "sick"
  	  	},
  	  	{
  	  	  	"press": true,
  	  	  	"dir": 0,
  	  	  	"time": 90118.3333333339,
  	  	  	"judgement": "sick"
  	  	},
  	  	{
  	  	  	"press": false,
  	  	  	"dir": 1,
  	  	  	"time": 90135.0000000006,
  	  	  	"judgement": null
  	  	},
  	  	{
  	  	  	"press": false,
  	  	  	"dir": 0,
  	  	  	"time": 90218.3333333339,
  	  	  	"judgement": null
  	  	},
  	  	{
  	  	  	"press": true,
  	  	  	"dir": 2,
  	  	  	"time": 90368.333333334,
  	  	  	"judgement": "sick"
  	  	},
  	  	{
  	  	  	"press": false,
  	  	  	"dir": 2,
  	  	  	"time": 90418.333333334,
  	  	  	"judgement": null
  	  	},
  	  	{
  	  	  	"press": true,
  	  	  	"dir": 3,
  	  	  	"time": 90718.3333333341,
  	  	  	"judgement": "sick"
  	  	},
  	  	{
  	  	  	"press": false,
  	  	  	"dir": 3,
  	  	  	"time": 90768.3333333341,
  	  	  	"judgement": null
  	  	},
  	  	{
  	  	  	"press": true,
  	  	  	"dir": 1,
  	  	  	"time": 91085.0000000008,
  	  	  	"judgement": "sick"
  	  	},
  	  	{
  	  	  	"press": true,
  	  	  	"dir": 0,
  	  	  	"time": 91385.0000000009,
  	  	  	"judgement": "sick"
  	  	},
  	  	{
  	  	  	"press": false,
  	  	  	"dir": 1,
  	  	  	"time": 91401.6666666676,
  	  	  	"judgement": null
  	  	},
  	  	{
  	  	  	"press": false,
  	  	  	"dir": 0,
  	  	  	"time": 91501.6666666676,
  	  	  	"judgement": null
  	  	},
  	  	{
  	  	  	"press": true,
  	  	  	"dir": 2,
  	  	  	"time": 91518.3333333343,
  	  	  	"judgement": "sick"
  	  	},
  	  	{
  	  	  	"press": false,
  	  	  	"dir": 2,
  	  	  	"time": 91585.000000001,
  	  	  	"judgement": null
  	  	},
  	  	{
  	  	  	"press": true,
  	  	  	"dir": 2,
  	  	  	"time": 91801.6666666677,
  	  	  	"judgement": "sick"
  	  	},
  	  	{
  	  	  	"press": false,
  	  	  	"dir": 2,
  	  	  	"time": 91885.0000000011,
  	  	  	"judgement": null
  	  	},
  	  	{
  	  	  	"press": true,
  	  	  	"dir": 0,
  	  	  	"time": 92035.0000000011,
  	  	  	"judgement": "sick"
  	  	},
  	  	{
  	  	  	"press": false,
  	  	  	"dir": 0,
  	  	  	"time": 92101.6666666678,
  	  	  	"judgement": null
  	  	},
  	  	{
  	  	  	"press": true,
  	  	  	"dir": 3,
  	  	  	"time": 92135.0000000011,
  	  	  	"judgement": "sick"
  	  	},
  	  	{
  	  	  	"press": false,
  	  	  	"dir": 3,
  	  	  	"time": 92218.3333333345,
  	  	  	"judgement": null
  	  	},
  	  	{
  	  	  	"press": true,
  	  	  	"dir": 1,
  	  	  	"time": 92251.6666666678,
  	  	  	"judgement": "sick"
  	  	},
  	  	{
  	  	  	"press": true,
  	  	  	"dir": 0,
  	  	  	"time": 92351.6666666679,
  	  	  	"judgement": "sick"
  	  	},
  	  	{
  	  	  	"press": false,
  	  	  	"dir": 1,
  	  	  	"time": 92385.0000000012,
  	  	  	"judgement": null
  	  	},
  	  	{
  	  	  	"press": true,
  	  	  	"dir": 3,
  	  	  	"time": 92501.6666666679,
  	  	  	"judgement": "sick"
  	  	},
  	  	{
  	  	  	"press": false,
  	  	  	"dir": 0,
  	  	  	"time": 92501.6666666679,
  	  	  	"judgement": null
  	  	},
  	  	{
  	  	  	"press": true,
  	  	  	"dir": 2,
  	  	  	"time": 92618.3333333346,
  	  	  	"judgement": "sick"
  	  	},
  	  	{
  	  	  	"press": false,
  	  	  	"dir": 3,
  	  	  	"time": 92635.0000000013,
  	  	  	"judgement": null
  	  	},
  	  	{
  	  	  	"press": false,
  	  	  	"dir": 2,
  	  	  	"time": 92701.666666668,
  	  	  	"judgement": null
  	  	},
  	  	{
  	  	  	"press": true,
  	  	  	"dir": 0,
  	  	  	"time": 92968.3333333347,
  	  	  	"judgement": "sick"
  	  	},
  	  	{
  	  	  	"press": true,
  	  	  	"dir": 1,
  	  	  	"time": 93701.6666666683,
  	  	  	"judgement": "sick"
  	  	},
  	  	{
  	  	  	"press": true,
  	  	  	"dir": 3,
  	  	  	"time": 94417.3333333334,
  	  	  	"judgement": "sick"
  	  	},
  	  	{
  	  	  	"press": false,
  	  	  	"dir": 1,
  	  	  	"time": 94884.0000000002,
  	  	  	"judgement": null
  	  	},
  	  	{
  	  	  	"press": true,
  	  	  	"dir": 1,
  	  	  	"time": 94934.0000000002,
  	  	  	"judgement": "sick"
  	  	},
  	  	{
  	  	  	"press": false,
  	  	  	"dir": 0,
  	  	  	"time": 95400.666666667,
  	  	  	"judgement": null
  	  	},
  	  	{
  	  	  	"press": false,
  	  	  	"dir": 1,
  	  	  	"time": 95434.0000000003,
  	  	  	"judgement": null
  	  	},
  	  	{
  	  	  	"press": true,
  	  	  	"dir": 0,
  	  	  	"time": 95617.3333333337,
  	  	  	"judgement": "sick"
  	  	},
  	  	{
  	  	  	"press": false,
  	  	  	"dir": 3,
  	  	  	"time": 95850.6666666671,
  	  	  	"judgement": null
  	  	},
  	  	{
  	  	  	"press": false,
  	  	  	"dir": 0,
  	  	  	"time": 96017.3333333339,
  	  	  	"judgement": null
  	  	},
  	  	{
  	  	  	"press": true,
  	  	  	"dir": 2,
  	  	  	"time": 96050.6666666672,
  	  	  	"judgement": "good"
  	  	},
  	  	{
  	  	  	"press": false,
  	  	  	"dir": 2,
  	  	  	"time": 96167.3333333339,
  	  	  	"judgement": null
  	  	},
  	  	{
  	  	  	"press": true,
  	  	  	"dir": 0,
  	  	  	"time": 96200.6666666672,
  	  	  	"judgement": "sick"
  	  	},
  	  	{
  	  	  	"press": false,
  	  	  	"dir": 0,
  	  	  	"time": 96284.0000000006,
  	  	  	"judgement": null
  	  	},
  	  	{
  	  	  	"press": true,
  	  	  	"dir": 3,
  	  	  	"time": 96317.3333333339,
  	  	  	"judgement": "sick"
  	  	},
  	  	{
  	  	  	"press": false,
  	  	  	"dir": 3,
  	  	  	"time": 96400.6666666673,
  	  	  	"judgement": null
  	  	},
  	  	{
  	  	  	"press": true,
  	  	  	"dir": 1,
  	  	  	"time": 96450.6666666673,
  	  	  	"judgement": "sick"
  	  	},
  	  	{
  	  	  	"press": false,
  	  	  	"dir": 1,
  	  	  	"time": 96550.6666666673,
  	  	  	"judgement": null
  	  	},
  	  	{
  	  	  	"press": true,
  	  	  	"dir": 2,
  	  	  	"time": 96567.333333334,
  	  	  	"judgement": "sick"
  	  	},
  	  	{
  	  	  	"press": false,
  	  	  	"dir": 2,
  	  	  	"time": 96700.6666666667,
  	  	  	"judgement": null
  	  	},
  	  	{
  	  	  	"press": true,
  	  	  	"dir": 3,
  	  	  	"time": 96717.3333333334,
  	  	  	"judgement": "sick"
  	  	},
  	  	{
  	  	  	"press": true,
  	  	  	"dir": 2,
  	  	  	"time": 96834.0000000001,
  	  	  	"judgement": "sick"
  	  	},
  	  	{
  	  	  	"press": false,
  	  	  	"dir": 3,
  	  	  	"time": 96850.6666666667,
  	  	  	"judgement": null
  	  	},
  	  	{
  	  	  	"press": false,
  	  	  	"dir": 2,
  	  	  	"time": 96917.3333333334,
  	  	  	"judgement": null
  	  	},
  	  	{
  	  	  	"press": true,
  	  	  	"dir": 1,
  	  	  	"time": 96934.0000000001,
  	  	  	"judgement": "sick"
  	  	},
  	  	{
  	  	  	"press": true,
  	  	  	"dir": 0,
  	  	  	"time": 97067.3333333335,
  	  	  	"judgement": "sick"
  	  	},
  	  	{
  	  	  	"press": false,
  	  	  	"dir": 1,
  	  	  	"time": 97084.0000000001,
  	  	  	"judgement": null
  	  	},
  	  	{
  	  	  	"press": false,
  	  	  	"dir": 0,
  	  	  	"time": 97200.6666666668,
  	  	  	"judgement": null
  	  	},
  	  	{
  	  	  	"press": true,
  	  	  	"dir": 3,
  	  	  	"time": 97217.3333333335,
  	  	  	"judgement": "sick"
  	  	},
  	  	{
  	  	  	"press": false,
  	  	  	"dir": 3,
  	  	  	"time": 97317.3333333335,
  	  	  	"judgement": null
  	  	},
  	  	{
  	  	  	"press": true,
  	  	  	"dir": 1,
  	  	  	"time": 97334.0000000002,
  	  	  	"judgement": "sick"
  	  	},
  	  	{
  	  	  	"press": true,
  	  	  	"dir": 0,
  	  	  	"time": 97434.0000000002,
  	  	  	"judgement": "sick"
  	  	},
  	  	{
  	  	  	"press": false,
  	  	  	"dir": 1,
  	  	  	"time": 97467.3333333336,
  	  	  	"judgement": null
  	  	},
  	  	{
  	  	  	"press": true,
  	  	  	"dir": 2,
  	  	  	"time": 97550.6666666669,
  	  	  	"judgement": "sick"
  	  	},
  	  	{
  	  	  	"press": false,
  	  	  	"dir": 0,
  	  	  	"time": 97550.6666666669,
  	  	  	"judgement": null
  	  	},
  	  	{
  	  	  	"press": false,
  	  	  	"dir": 2,
  	  	  	"time": 97650.666666667,
  	  	  	"judgement": null
  	  	},
  	  	{
  	  	  	"press": true,
  	  	  	"dir": 1,
  	  	  	"time": 97684.0000000003,
  	  	  	"judgement": "sick"
  	  	},
  	  	{
  	  	  	"press": true,
  	  	  	"dir": 0,
  	  	  	"time": 97784.0000000003,
  	  	  	"judgement": "sick"
  	  	},
  	  	{
  	  	  	"press": false,
  	  	  	"dir": 1,
  	  	  	"time": 97817.3333333337,
  	  	  	"judgement": null
  	  	},
  	  	{
  	  	  	"press": true,
  	  	  	"dir": 3,
  	  	  	"time": 97884.0000000004,
  	  	  	"judgement": "sick"
  	  	},
  	  	{
  	  	  	"press": false,
  	  	  	"dir": 0,
  	  	  	"time": 97900.666666667,
  	  	  	"judgement": null
  	  	},
  	  	{
  	  	  	"press": false,
  	  	  	"dir": 3,
  	  	  	"time": 98000.6666666671,
  	  	  	"judgement": null
  	  	},
  	  	{
  	  	  	"press": true,
  	  	  	"dir": 2,
  	  	  	"time": 98050.6666666671,
  	  	  	"judgement": "sick"
  	  	},
  	  	{
  	  	  	"press": true,
  	  	  	"dir": 0,
  	  	  	"time": 98134.0000000004,
  	  	  	"judgement": "sick"
  	  	},
  	  	{
  	  	  	"press": false,
  	  	  	"dir": 2,
  	  	  	"time": 98134.0000000004,
  	  	  	"judgement": null
  	  	},
  	  	{
  	  	  	"press": false,
  	  	  	"dir": 0,
  	  	  	"time": 98250.6666666671,
  	  	  	"judgement": null
  	  	},
  	  	{
  	  	  	"press": true,
  	  	  	"dir": 3,
  	  	  	"time": 98267.3333333338,
  	  	  	"judgement": "sick"
  	  	},
  	  	{
  	  	  	"press": false,
  	  	  	"dir": 3,
  	  	  	"time": 98367.3333333338,
  	  	  	"judgement": null
  	  	},
  	  	{
  	  	  	"press": true,
  	  	  	"dir": 1,
  	  	  	"time": 98384.0000000005,
  	  	  	"judgement": "sick"
  	  	},
  	  	{
  	  	  	"press": false,
  	  	  	"dir": 1,
  	  	  	"time": 98467.3333333339,
  	  	  	"judgement": null
  	  	},
  	  	{
  	  	  	"press": true,
  	  	  	"dir": 2,
  	  	  	"time": 98484.0000000005,
  	  	  	"judgement": "sick"
  	  	},
  	  	{
  	  	  	"press": false,
  	  	  	"dir": 2,
  	  	  	"time": 98567.3333333339,
  	  	  	"judgement": null
  	  	},
  	  	{
  	  	  	"press": true,
  	  	  	"dir": 0,
  	  	  	"time": 98617.3333333339,
  	  	  	"judgement": "sick"
  	  	},
  	  	{
  	  	  	"press": false,
  	  	  	"dir": 0,
  	  	  	"time": 98684.0000000006,
  	  	  	"judgement": null
  	  	},
  	  	{
  	  	  	"press": true,
  	  	  	"dir": 3,
  	  	  	"time": 98734.0000000006,
  	  	  	"judgement": "sick"
  	  	},
  	  	{
  	  	  	"press": false,
  	  	  	"dir": 3,
  	  	  	"time": 98834.0000000006,
  	  	  	"judgement": null
  	  	},
  	  	{
  	  	  	"press": true,
  	  	  	"dir": 1,
  	  	  	"time": 98867.333333334,
  	  	  	"judgement": "sick"
  	  	},
  	  	{
  	  	  	"press": false,
  	  	  	"dir": 1,
  	  	  	"time": 98917.333333334,
  	  	  	"judgement": null
  	  	},
  	  	{
  	  	  	"press": true,
  	  	  	"dir": 2,
  	  	  	"time": 98984.0000000007,
  	  	  	"judgement": "sick"
  	  	},
  	  	{
  	  	  	"press": true,
  	  	  	"dir": 3,
  	  	  	"time": 99100.6666666674,
  	  	  	"judgement": "sick"
  	  	},
  	  	{
  	  	  	"press": false,
  	  	  	"dir": 2,
  	  	  	"time": 99100.6666666674,
  	  	  	"judgement": null
  	  	},
  	  	{
  	  	  	"press": true,
  	  	  	"dir": 1,
  	  	  	"time": 99217.3333333341,
  	  	  	"judgement": "sick"
  	  	},
  	  	{
  	  	  	"press": false,
  	  	  	"dir": 3,
  	  	  	"time": 99217.3333333341,
  	  	  	"judgement": null
  	  	},
  	  	{
  	  	  	"press": true,
  	  	  	"dir": 0,
  	  	  	"time": 99334.0000000008,
  	  	  	"judgement": "sick"
  	  	},
  	  	{
  	  	  	"press": false,
  	  	  	"dir": 1,
  	  	  	"time": 99367.3333333341,
  	  	  	"judgement": null
  	  	},
  	  	{
  	  	  	"press": true,
  	  	  	"dir": 2,
  	  	  	"time": 99450.6666666675,
  	  	  	"judgement": "sick"
  	  	},
  	  	{
  	  	  	"press": false,
  	  	  	"dir": 0,
  	  	  	"time": 99484.0000000008,
  	  	  	"judgement": null
  	  	},
  	  	{
  	  	  	"press": false,
  	  	  	"dir": 2,
  	  	  	"time": 99550.6666666675,
  	  	  	"judgement": null
  	  	},
  	  	{
  	  	  	"press": true,
  	  	  	"dir": 3,
  	  	  	"time": 99600.6666666675,
  	  	  	"judgement": "sick"
  	  	},
  	  	{
  	  	  	"press": false,
  	  	  	"dir": 3,
  	  	  	"time": 99667.3333333342,
  	  	  	"judgement": null
  	  	},
  	  	{
  	  	  	"press": true,
  	  	  	"dir": 2,
  	  	  	"time": 99684.0000000009,
  	  	  	"judgement": "sick"
  	  	},
  	  	{
  	  	  	"press": true,
  	  	  	"dir": 3,
  	  	  	"time": 99684.0000000009,
  	  	  	"judgement": null
  	  	},
  	  	{
  	  	  	"press": false,
  	  	  	"dir": 3,
  	  	  	"time": 99700.6666666676,
  	  	  	"judgement": null
  	  	},
  	  	{
  	  	  	"press": false,
  	  	  	"dir": 2,
  	  	  	"time": 99800.6666666676,
  	  	  	"judgement": null
  	  	},
  	  	{
  	  	  	"press": true,
  	  	  	"dir": 0,
  	  	  	"time": 99817.3333333343,
  	  	  	"judgement": "sick"
  	  	},
  	  	{
  	  	  	"press": false,
  	  	  	"dir": 0,
  	  	  	"time": 99917.3333333343,
  	  	  	"judgement": null
  	  	},
  	  	{
  	  	  	"press": true,
  	  	  	"dir": 3,
  	  	  	"time": 99984.000000001,
  	  	  	"judgement": "good"
  	  	},
  	  	{
  	  	  	"press": false,
  	  	  	"dir": 3,
  	  	  	"time": 100034.000000001,
  	  	  	"judgement": null
  	  	},
  	  	{
  	  	  	"press": true,
  	  	  	"dir": 1,
  	  	  	"time": 100167.333333334,
  	  	  	"judgement": "sick"
  	  	},
  	  	{
  	  	  	"press": true,
  	  	  	"dir": 0,
  	  	  	"time": 100434.000000001,
  	  	  	"judgement": "sick"
  	  	},
  	  	{
  	  	  	"press": false,
  	  	  	"dir": 1,
  	  	  	"time": 100450.666666668,
  	  	  	"judgement": null
  	  	},
  	  	{
  	  	  	"press": true,
  	  	  	"dir": 2,
  	  	  	"time": 100517.333333334,
  	  	  	"judgement": "sick"
  	  	},
  	  	{
  	  	  	"press": false,
  	  	  	"dir": 0,
  	  	  	"time": 100550.666666668,
  	  	  	"judgement": null
  	  	},
  	  	{
  	  	  	"press": false,
  	  	  	"dir": 2,
  	  	  	"time": 100617.333333334,
  	  	  	"judgement": null
  	  	},
  	  	{
  	  	  	"press": true,
  	  	  	"dir": 3,
  	  	  	"time": 100667.333333335,
  	  	  	"judgement": "sick"
  	  	},
  	  	{
  	  	  	"press": false,
  	  	  	"dir": 3,
  	  	  	"time": 100784.000000001,
  	  	  	"judgement": null
  	  	},
  	  	{
  	  	  	"press": true,
  	  	  	"dir": 1,
  	  	  	"time": 100800.666666668,
  	  	  	"judgement": "sick"
  	  	},
  	  	{
  	  	  	"press": true,
  	  	  	"dir": 0,
  	  	  	"time": 100967.333333335,
  	  	  	"judgement": "good"
  	  	},
  	  	{
  	  	  	"press": false,
  	  	  	"dir": 1,
  	  	  	"time": 100967.333333335,
  	  	  	"judgement": null
  	  	},
  	  	{
  	  	  	"press": false,
  	  	  	"dir": 0,
  	  	  	"time": 101084.000000001,
  	  	  	"judgement": null
  	  	},
  	  	{
  	  	  	"press": true,
  	  	  	"dir": 1,
  	  	  	"time": 101167.333333335,
  	  	  	"judgement": "bad"
  	  	},
  	  	{
  	  	  	"press": false,
  	  	  	"dir": 1,
  	  	  	"time": 101284.000000001,
  	  	  	"judgement": null
  	  	},
  	  	{
  	  	  	"press": true,
  	  	  	"dir": 2,
  	  	  	"time": 101467.333333335,
  	  	  	"judgement": "good"
  	  	},
  	  	{
  	  	  	"press": false,
  	  	  	"dir": 2,
  	  	  	"time": 101500.666666668,
  	  	  	"judgement": null
  	  	},
  	  	{
  	  	  	"press": true,
  	  	  	"dir": 0,
  	  	  	"time": 101534.000000001,
  	  	  	"judgement": "sick"
  	  	},
  	  	{
  	  	  	"press": false,
  	  	  	"dir": 0,
  	  	  	"time": 101634.000000001,
  	  	  	"judgement": null
  	  	},
  	  	{
  	  	  	"press": true,
  	  	  	"dir": 2,
  	  	  	"time": 101650.666666668,
  	  	  	"judgement": "sick"
  	  	},
  	  	{
  	  	  	"press": true,
  	  	  	"dir": 3,
  	  	  	"time": 101717.333333335,
  	  	  	"judgement": "sick"
  	  	},
  	  	{
  	  	  	"press": false,
  	  	  	"dir": 2,
  	  	  	"time": 101717.333333335,
  	  	  	"judgement": null
  	  	},
  	  	{
  	  	  	"press": false,
  	  	  	"dir": 3,
  	  	  	"time": 101784.000000001,
  	  	  	"judgement": null
  	  	},
  	  	{
  	  	  	"press": true,
  	  	  	"dir": 1,
  	  	  	"time": 101850.666666668,
  	  	  	"judgement": "sick"
  	  	},
  	  	{
  	  	  	"press": false,
  	  	  	"dir": 1,
  	  	  	"time": 101934.000000002,
  	  	  	"judgement": null
  	  	},
  	  	{
  	  	  	"press": true,
  	  	  	"dir": 0,
  	  	  	"time": 102100.666666668,
  	  	  	"judgement": "sick"
  	  	},
  	  	{
  	  	  	"press": false,
  	  	  	"dir": 0,
  	  	  	"time": 102184.000000002,
  	  	  	"judgement": null
  	  	},
  	  	{
  	  	  	"press": true,
  	  	  	"dir": 2,
  	  	  	"time": 102334.000000002,
  	  	  	"judgement": "sick"
  	  	},
  	  	{
  	  	  	"press": false,
  	  	  	"dir": 2,
  	  	  	"time": 102400.666666668,
  	  	  	"judgement": null
  	  	},
  	  	{
  	  	  	"press": true,
  	  	  	"dir": 1,
  	  	  	"time": 102467.333333335,
  	  	  	"judgement": "sick"
  	  	},
  	  	{
  	  	  	"press": false,
  	  	  	"dir": 1,
  	  	  	"time": 102534.000000002,
  	  	  	"judgement": null
  	  	},
  	  	{
  	  	  	"press": true,
  	  	  	"dir": 3,
  	  	  	"time": 102584.000000002,
  	  	  	"judgement": "sick"
  	  	},
  	  	{
  	  	  	"press": false,
  	  	  	"dir": 3,
  	  	  	"time": 102667.333333335,
  	  	  	"judgement": null
  	  	},
  	  	{
  	  	  	"press": true,
  	  	  	"dir": 0,
  	  	  	"time": 102684.000000002,
  	  	  	"judgement": "sick"
  	  	},
  	  	{
  	  	  	"press": false,
  	  	  	"dir": 0,
  	  	  	"time": 102784.000000002,
  	  	  	"judgement": null
  	  	},
  	  	{
  	  	  	"press": true,
  	  	  	"dir": 2,
  	  	  	"time": 102817.333333335,
  	  	  	"judgement": null
  	  	},
  	  	{
  	  	  	"press": false,
  	  	  	"dir": 2,
  	  	  	"time": 102867.333333335,
  	  	  	"judgement": null
  	  	},
  	  	{
  	  	  	"press": true,
  	  	  	"dir": 3,
  	  	  	"time": 102967.333333335,
  	  	  	"judgement": "sick"
  	  	},
  	  	{
  	  	  	"press": true,
  	  	  	"dir": 1,
  	  	  	"time": 103050.666666669,
  	  	  	"judgement": "sick"
  	  	},
  	  	{
  	  	  	"press": false,
  	  	  	"dir": 3,
  	  	  	"time": 103050.666666669,
  	  	  	"judgement": null
  	  	},
  	  	{
  	  	  	"press": true,
  	  	  	"dir": 0,
  	  	  	"time": 103150.666666669,
  	  	  	"judgement": "sick"
  	  	},
  	  	{
  	  	  	"press": false,
  	  	  	"dir": 1,
  	  	  	"time": 103150.666666669,
  	  	  	"judgement": null
  	  	},
  	  	{
  	  	  	"press": false,
  	  	  	"dir": 0,
  	  	  	"time": 103217.333333335,
  	  	  	"judgement": null
  	  	},
  	  	{
  	  	  	"press": true,
  	  	  	"dir": 3,
  	  	  	"time": 103300.666666669,
  	  	  	"judgement": "sick"
  	  	},
  	  	{
  	  	  	"press": false,
  	  	  	"dir": 3,
  	  	  	"time": 103384.000000002,
  	  	  	"judgement": null
  	  	},
  	  	{
  	  	  	"press": true,
  	  	  	"dir": 2,
  	  	  	"time": 103400.666666669,
  	  	  	"judgement": "sick"
  	  	},
  	  	{
  	  	  	"press": false,
  	  	  	"dir": 2,
  	  	  	"time": 103467.333333335,
  	  	  	"judgement": null
  	  	},
  	  	{
  	  	  	"press": true,
  	  	  	"dir": 0,
  	  	  	"time": 103534.000000002,
  	  	  	"judgement": "sick"
  	  	},
  	  	{
  	  	  	"press": false,
  	  	  	"dir": 0,
  	  	  	"time": 103600.666666669,
  	  	  	"judgement": null
  	  	},
  	  	{
  	  	  	"press": true,
  	  	  	"dir": 3,
  	  	  	"time": 103667.333333335,
  	  	  	"judgement": "sick"
  	  	},
  	  	{
  	  	  	"press": false,
  	  	  	"dir": 3,
  	  	  	"time": 103734.000000002,
  	  	  	"judgement": null
  	  	},
  	  	{
  	  	  	"press": true,
  	  	  	"dir": 2,
  	  	  	"time": 103817.333333335,
  	  	  	"judgement": "sick"
  	  	},
  	  	{
  	  	  	"press": false,
  	  	  	"dir": 2,
  	  	  	"time": 103900.666666669,
  	  	  	"judgement": null
  	  	},
  	  	{
  	  	  	"press": true,
  	  	  	"dir": 0,
  	  	  	"time": 103917.333333335,
  	  	  	"judgement": "sick"
  	  	},
  	  	{
  	  	  	"press": false,
  	  	  	"dir": 0,
  	  	  	"time": 104000.666666669,
  	  	  	"judgement": null
  	  	},
  	  	{
  	  	  	"press": true,
  	  	  	"dir": 3,
  	  	  	"time": 104034.000000002,
  	  	  	"judgement": "sick"
  	  	},
  	  	{
  	  	  	"press": false,
  	  	  	"dir": 3,
  	  	  	"time": 104117.333333336,
  	  	  	"judgement": null
  	  	},
  	  	{
  	  	  	"press": true,
  	  	  	"dir": 1,
  	  	  	"time": 104150.666666669,
  	  	  	"judgement": "sick"
  	  	},
  	  	{
  	  	  	"press": false,
  	  	  	"dir": 1,
  	  	  	"time": 104234.000000002,
  	  	  	"judgement": null
  	  	},
  	  	{
  	  	  	"press": true,
  	  	  	"dir": 2,
  	  	  	"time": 104250.666666669,
  	  	  	"judgement": "sick"
  	  	},
  	  	{
  	  	  	"press": true,
  	  	  	"dir": 3,
  	  	  	"time": 104334.000000002,
  	  	  	"judgement": "sick"
  	  	},
  	  	{
  	  	  	"press": false,
  	  	  	"dir": 2,
  	  	  	"time": 104334.000000002,
  	  	  	"judgement": null
  	  	},
  	  	{
  	  	  	"press": true,
  	  	  	"dir": 2,
  	  	  	"time": 104467.333333336,
  	  	  	"judgement": "sick"
  	  	},
  	  	{
  	  	  	"press": false,
  	  	  	"dir": 3,
  	  	  	"time": 104484.000000002,
  	  	  	"judgement": null
  	  	},
  	  	{
  	  	  	"press": false,
  	  	  	"dir": 2,
  	  	  	"time": 104584.000000002,
  	  	  	"judgement": null
  	  	},
  	  	{
  	  	  	"press": true,
  	  	  	"dir": 1,
  	  	  	"time": 104600.666666669,
  	  	  	"judgement": "sick"
  	  	},
  	  	{
  	  	  	"press": true,
  	  	  	"dir": 0,
  	  	  	"time": 104700.666666669,
  	  	  	"judgement": "sick"
  	  	},
  	  	{
  	  	  	"press": false,
  	  	  	"dir": 1,
  	  	  	"time": 104717.333333336,
  	  	  	"judgement": null
  	  	},
  	  	{
  	  	  	"press": false,
  	  	  	"dir": 0,
  	  	  	"time": 104817.333333336,
  	  	  	"judgement": null
  	  	},
  	  	{
  	  	  	"press": true,
  	  	  	"dir": 3,
  	  	  	"time": 104867.333333336,
  	  	  	"judgement": "sick"
  	  	},
  	  	{
  	  	  	"press": false,
  	  	  	"dir": 3,
  	  	  	"time": 104950.666666669,
  	  	  	"judgement": null
  	  	},
  	  	{
  	  	  	"press": true,
  	  	  	"dir": 1,
  	  	  	"time": 104984.000000002,
  	  	  	"judgement": "sick"
  	  	},
  	  	{
  	  	  	"press": true,
  	  	  	"dir": 0,
  	  	  	"time": 105067.333333336,
  	  	  	"judgement": "sick"
  	  	},
  	  	{
  	  	  	"press": false,
  	  	  	"dir": 1,
  	  	  	"time": 105100.666666669,
  	  	  	"judgement": null
  	  	},
  	  	{
  	  	  	"press": true,
  	  	  	"dir": 2,
  	  	  	"time": 105184.000000002,
  	  	  	"judgement": "sick"
  	  	},
  	  	{
  	  	  	"press": false,
  	  	  	"dir": 0,
  	  	  	"time": 105200.666666669,
  	  	  	"judgement": null
  	  	},
  	  	{
  	  	  	"press": false,
  	  	  	"dir": 2,
  	  	  	"time": 105284.000000003,
  	  	  	"judgement": null
  	  	},
  	  	{
  	  	  	"press": true,
  	  	  	"dir": 1,
  	  	  	"time": 105334.000000003,
  	  	  	"judgement": "sick"
  	  	},
  	  	{
  	  	  	"press": true,
  	  	  	"dir": 0,
  	  	  	"time": 105434.000000003,
  	  	  	"judgement": "sick"
  	  	},
  	  	{
  	  	  	"press": false,
  	  	  	"dir": 1,
  	  	  	"time": 105450.666666669,
  	  	  	"judgement": null
  	  	},
  	  	{
  	  	  	"press": true,
  	  	  	"dir": 3,
  	  	  	"time": 105534.000000003,
  	  	  	"judgement": "sick"
  	  	},
  	  	{
  	  	  	"press": false,
  	  	  	"dir": 0,
  	  	  	"time": 105550.666666669,
  	  	  	"judgement": null
  	  	},
  	  	{
  	  	  	"press": true,
  	  	  	"dir": 2,
  	  	  	"time": 105667.333333336,
  	  	  	"judgement": "sick"
  	  	},
  	  	{
  	  	  	"press": false,
  	  	  	"dir": 3,
  	  	  	"time": 105700.666666669,
  	  	  	"judgement": null
  	  	},
  	  	{
  	  	  	"press": false,
  	  	  	"dir": 2,
  	  	  	"time": 105767.333333336,
  	  	  	"judgement": null
  	  	},
  	  	{
  	  	  	"press": true,
  	  	  	"dir": 0,
  	  	  	"time": 105817.333333336,
  	  	  	"judgement": "sick"
  	  	},
  	  	{
  	  	  	"press": false,
  	  	  	"dir": 0,
  	  	  	"time": 105884.000000003,
  	  	  	"judgement": null
  	  	},
  	  	{
  	  	  	"press": true,
  	  	  	"dir": 3,
  	  	  	"time": 105917.333333336,
  	  	  	"judgement": "sick"
  	  	},
  	  	{
  	  	  	"press": false,
  	  	  	"dir": 3,
  	  	  	"time": 106050.666666669,
  	  	  	"judgement": null
  	  	},
  	  	{
  	  	  	"press": true,
  	  	  	"dir": 2,
  	  	  	"time": 106067.333333336,
  	  	  	"judgement": "bad"
  	  	},
  	  	{
  	  	  	"press": true,
  	  	  	"dir": 3,
  	  	  	"time": 106067.333333336,
  	  	  	"judgement": null
  	  	},
  	  	{
  	  	  	"press": false,
  	  	  	"dir": 0,
  	  	  	"time": 106067.333333336,
  	  	  	"judgement": null
  	  	},
  	  	{
  	  	  	"press": false,
  	  	  	"dir": 1,
  	  	  	"time": 106067.333333336,
  	  	  	"judgement": null
  	  	},
  	  	{
  	  	  	"press": true,
  	  	  	"dir": 0,
  	  	  	"time": 106750.666666667,
  	  	  	"judgement": "sick"
  	  	},
  	  	{
  	  	  	"press": false,
  	  	  	"dir": 2,
  	  	  	"time": 106750.666666667,
  	  	  	"judgement": null
  	  	},
  	  	{
  	  	  	"press": false,
  	  	  	"dir": 3,
  	  	  	"time": 106750.666666667,
  	  	  	"judgement": null
  	  	},
  	  	{
  	  	  	"press": true,
  	  	  	"dir": 2,
  	  	  	"time": 106767.333333333,
  	  	  	"judgement": "bad"
  	  	},
  	  	{
  	  	  	"press": true,
  	  	  	"dir": 3,
  	  	  	"time": 106767.333333333,
  	  	  	"judgement": "bad"
  	  	},
  	  	{
  	  	  	"press": false,
  	  	  	"dir": 0,
  	  	  	"time": 106767.333333333,
  	  	  	"judgement": null
  	  	},
  	  	{
  	  	  	"press": true,
  	  	  	"dir": 0,
  	  	  	"time": 106974,
  	  	  	"judgement": "miss"
  	  	},
  	  	{
  	  	  	"press": true,
  	  	  	"dir": 1,
  	  	  	"time": 106974,
  	  	  	"judgement": "sick"
  	  	},
  	  	{
  	  	  	"press": false,
  	  	  	"dir": 2,
  	  	  	"time": 106990.666666667,
  	  	  	"judgement": null
  	  	},
  	  	{
  	  	  	"press": false,
  	  	  	"dir": 3,
  	  	  	"time": 106990.666666667,
  	  	  	"judgement": null
  	  	},
  	  	{
  	  	  	"press": false,
  	  	  	"dir": 0,
  	  	  	"time": 107040.666666667,
  	  	  	"judgement": null
  	  	},
  	  	{
  	  	  	"press": false,
  	  	  	"dir": 1,
  	  	  	"time": 107040.666666667,
  	  	  	"judgement": null
  	  	},
  	  	{
  	  	  	"press": true,
  	  	  	"dir": 3,
  	  	  	"time": 107124,
  	  	  	"judgement": null
  	  	},
  	  	{
  	  	  	"press": false,
  	  	  	"dir": 3,
  	  	  	"time": 107207.333333333,
  	  	  	"judgement": null
  	  	},
  	  	{
  	  	  	"press": true,
  	  	  	"dir": 3,
  	  	  	"time": 107390.666666667,
  	  	  	"judgement": "sick"
  	  	},
  	  	{
  	  	  	"press": true,
  	  	  	"dir": 0,
  	  	  	"time": 107490.666666667,
  	  	  	"judgement": "sick"
  	  	},
  	  	{
  	  	  	"press": false,
  	  	  	"dir": 3,
  	  	  	"time": 107507.333333333,
  	  	  	"judgement": null
  	  	},
  	  	{
  	  	  	"press": true,
  	  	  	"dir": 1,
  	  	  	"time": 107557.333333334,
  	  	  	"judgement": "good"
  	  	},
  	  	{
  	  	  	"press": false,
  	  	  	"dir": 0,
  	  	  	"time": 107590.666666667,
  	  	  	"judgement": null
  	  	},
  	  	{
  	  	  	"press": false,
  	  	  	"dir": 1,
  	  	  	"time": 107707.333333333,
  	  	  	"judgement": null
  	  	},
  	  	{
  	  	  	"press": true,
  	  	  	"dir": 2,
  	  	  	"time": 107984,
  	  	  	"judgement": "sick"
  	  	},
  	  	{
  	  	  	"press": true,
  	  	  	"dir": 0,
  	  	  	"time": 108334,
  	  	  	"judgement": "sick"
  	  	},
  	  	{
  	  	  	"press": true,
  	  	  	"dir": 1,
  	  	  	"time": 108800.666666667,
  	  	  	"judgement": "sick"
  	  	},
  	  	{
  	  	  	"press": false,
  	  	  	"dir": 0,
  	  	  	"time": 109150.666666667,
  	  	  	"judgement": null
  	  	},
  	  	{
  	  	  	"press": false,
  	  	  	"dir": 1,
  	  	  	"time": 109200.666666667,
  	  	  	"judgement": null
  	  	},
  	  	{
  	  	  	"press": true,
  	  	  	"dir": 3,
  	  	  	"time": 109217.333333334,
  	  	  	"judgement": "sick"
  	  	},
  	  	{
  	  	  	"press": false,
  	  	  	"dir": 2,
  	  	  	"time": 109234,
  	  	  	"judgement": null
  	  	},
  	  	{
  	  	  	"press": false,
  	  	  	"dir": 3,
  	  	  	"time": 109300.666666667,
  	  	  	"judgement": null
  	  	},
  	  	{
  	  	  	"press": true,
  	  	  	"dir": 0,
  	  	  	"time": 109317.333333334,
  	  	  	"judgement": "sick"
  	  	},
  	  	{
  	  	  	"press": true,
  	  	  	"dir": 1,
  	  	  	"time": 109450.666666667,
  	  	  	"judgement": "sick"
  	  	},
  	  	{
  	  	  	"press": false,
  	  	  	"dir": 0,
  	  	  	"time": 110394,
  	  	  	"judgement": null
  	  	},
  	  	{
  	  	  	"press": false,
  	  	  	"dir": 1,
  	  	  	"time": 110410.666666667,
  	  	  	"judgement": null
  	  	},
  	  	{
  	  	  	"press": true,
  	  	  	"dir": 1,
  	  	  	"time": 111460.666666667,
  	  	  	"judgement": null
  	  	},
  	  	{
  	  	  	"press": false,
  	  	  	"dir": 1,
  	  	  	"time": 111560.666666667,
  	  	  	"judgement": null
  	  	},
  	  	{
  	  	  	"press": true,
  	  	  	"dir": 1,
  	  	  	"time": 111577.333333334,
  	  	  	"judgement": null
  	  	},
  	  	{
  	  	  	"press": false,
  	  	  	"dir": 1,
  	  	  	"time": 111677.333333334,
  	  	  	"judgement": null
  	  	},
  	  	{
  	  	  	"press": true,
  	  	  	"dir": 1,
  	  	  	"time": 111827.333333334,
  	  	  	"judgement": null
  	  	},
  	  	{
  	  	  	"press": false,
  	  	  	"dir": 1,
  	  	  	"time": 111894.000000001,
  	  	  	"judgement": null
  	  	},
  	  	{
  	  	  	"press": true,
  	  	  	"dir": 1,
  	  	  	"time": 111927.333333334,
  	  	  	"judgement": null
  	  	},
  	  	{
  	  	  	"press": false,
  	  	  	"dir": 1,
  	  	  	"time": 112027.333333334,
  	  	  	"judgement": null
  	  	},
  	  	{
  	  	  	"press": true,
  	  	  	"dir": 1,
  	  	  	"time": 112160.666666667,
  	  	  	"judgement": null
  	  	},
  	  	{
  	  	  	"press": false,
  	  	  	"dir": 1,
  	  	  	"time": 112227.333333334,
  	  	  	"judgement": null
  	  	},
  	  	{
  	  	  	"press": true,
  	  	  	"dir": 1,
  	  	  	"time": 112294.000000001,
  	  	  	"judgement": null
  	  	},
  	  	{
  	  	  	"press": false,
  	  	  	"dir": 1,
  	  	  	"time": 112377.333333334,
  	  	  	"judgement": null
  	  	},
  	  	{
  	  	  	"press": true,
  	  	  	"dir": 1,
  	  	  	"time": 112560.666666667,
  	  	  	"judgement": null
  	  	},
  	  	{
  	  	  	"press": false,
  	  	  	"dir": 1,
  	  	  	"time": 112660.666666667,
  	  	  	"judgement": null
  	  	},
  	  	{
  	  	  	"press": true,
  	  	  	"dir": 3,
  	  	  	"time": 112777.333333334,
  	  	  	"judgement": null
  	  	},
  	  	{
  	  	  	"press": true,
  	  	  	"dir": 2,
  	  	  	"time": 112877.333333334,
  	  	  	"judgement": null
  	  	},
  	  	{
  	  	  	"press": false,
  	  	  	"dir": 3,
  	  	  	"time": 112894.000000001,
  	  	  	"judgement": null
  	  	},
  	  	{
  	  	  	"press": true,
  	  	  	"dir": 0,
  	  	  	"time": 112960.666666668,
  	  	  	"judgement": null
  	  	},
  	  	{
  	  	  	"press": false,
  	  	  	"dir": 2,
  	  	  	"time": 113010.666666668,
  	  	  	"judgement": null
  	  	},
  	  	{
  	  	  	"press": false,
  	  	  	"dir": 0,
  	  	  	"time": 113077.333333334,
  	  	  	"judgement": null
  	  	},
  	  	{
  	  	  	"press": true,
  	  	  	"dir": 3,
  	  	  	"time": 113177.333333334,
  	  	  	"judgement": null
  	  	},
  	  	{
  	  	  	"press": true,
  	  	  	"dir": 1,
  	  	  	"time": 113277.333333334,
  	  	  	"judgement": null
  	  	},
  	  	{
  	  	  	"press": true,
  	  	  	"dir": 0,
  	  	  	"time": 113360.666666668,
  	  	  	"judgement": null
  	  	},
  	  	{
  	  	  	"press": false,
  	  	  	"dir": 3,
  	  	  	"time": 113360.666666668,
  	  	  	"judgement": null
  	  	},
  	  	{
  	  	  	"press": false,
  	  	  	"dir": 1,
  	  	  	"time": 113427.333333334,
  	  	  	"judgement": null
  	  	},
  	  	{
  	  	  	"press": false,
  	  	  	"dir": 0,
  	  	  	"time": 113527.333333334,
  	  	  	"judgement": null
  	  	},
  	  	{
  	  	  	"press": true,
  	  	  	"dir": 1,
  	  	  	"time": 113544.000000001,
  	  	  	"judgement": null
  	  	},
  	  	{
  	  	  	"press": false,
  	  	  	"dir": 1,
  	  	  	"time": 113727.333333334,
  	  	  	"judgement": null
  	  	},
  	  	{
  	  	  	"press": true,
  	  	  	"dir": 0,
  	  	  	"time": 113760.666666668,
  	  	  	"judgement": null
  	  	},
  	  	{
  	  	  	"press": true,
  	  	  	"dir": 2,
  	  	  	"time": 113860.666666668,
  	  	  	"judgement": null
  	  	},
  	  	{
  	  	  	"press": false,
  	  	  	"dir": 0,
  	  	  	"time": 113877.333333334,
  	  	  	"judgement": null
  	  	},
  	  	{
  	  	  	"press": false,
  	  	  	"dir": 2,
  	  	  	"time": 114060.666666668,
  	  	  	"judgement": null
  	  	},
  	  	{
  	  	  	"press": true,
  	  	  	"dir": 0,
  	  	  	"time": 114077.333333335,
  	  	  	"judgement": null
  	  	},
  	  	{
  	  	  	"press": true,
  	  	  	"dir": 2,
  	  	  	"time": 114210.666666668,
  	  	  	"judgement": null
  	  	},
  	  	{
  	  	  	"press": false,
  	  	  	"dir": 0,
  	  	  	"time": 114210.666666668,
  	  	  	"judgement": null
  	  	},
  	  	{
  	  	  	"press": false,
  	  	  	"dir": 2,
  	  	  	"time": 114377.333333335,
  	  	  	"judgement": null
  	  	},
  	  	{
  	  	  	"press": true,
  	  	  	"dir": 0,
  	  	  	"time": 114394.000000001,
  	  	  	"judgement": null
  	  	},
  	  	{
  	  	  	"press": false,
  	  	  	"dir": 0,
  	  	  	"time": 114544.000000001,
  	  	  	"judgement": null
  	  	},
  	  	{
  	  	  	"press": true,
  	  	  	"dir": 1,
  	  	  	"time": 114594.000000001,
  	  	  	"judgement": null
  	  	},
  	  	{
  	  	  	"press": true,
  	  	  	"dir": 3,
  	  	  	"time": 114727.333333335,
  	  	  	"judgement": null
  	  	},
  	  	{
  	  	  	"press": false,
  	  	  	"dir": 1,
  	  	  	"time": 114744.000000001,
  	  	  	"judgement": null
  	  	},
  	  	{
  	  	  	"press": true,
  	  	  	"dir": 1,
  	  	  	"time": 114877.333333335,
  	  	  	"judgement": null
  	  	},
  	  	{
  	  	  	"press": false,
  	  	  	"dir": 1,
  	  	  	"time": 114944.000000001,
  	  	  	"judgement": null
  	  	},
  	  	{
  	  	  	"press": false,
  	  	  	"dir": 3,
  	  	  	"time": 115094.000000001,
  	  	  	"judgement": null
  	  	},
  	  	{
  	  	  	"press": true,
  	  	  	"dir": 2,
  	  	  	"time": 115294.000000002,
  	  	  	"judgement": "sick"
  	  	},
  	  	{
  	  	  	"press": false,
  	  	  	"dir": 2,
  	  	  	"time": 115344.000000002,
  	  	  	"judgement": null
  	  	},
  	  	{
  	  	  	"press": true,
  	  	  	"dir": 0,
  	  	  	"time": 117210.666666669,
  	  	  	"judgement": null
  	  	},
  	  	{
  	  	  	"press": true,
  	  	  	"dir": 2,
  	  	  	"time": 117294.000000002,
  	  	  	"judgement": null
  	  	},
  	  	{
  	  	  	"press": false,
  	  	  	"dir": 0,
  	  	  	"time": 117344.000000002,
  	  	  	"judgement": null
  	  	},
  	  	{
  	  	  	"press": false,
  	  	  	"dir": 2,
  	  	  	"time": 117460.666666669,
  	  	  	"judgement": null
  	  	},
  	  	{
  	  	  	"press": true,
  	  	  	"dir": 1,
  	  	  	"time": 117610.666666669,
  	  	  	"judgement": null
  	  	},
  	  	{
  	  	  	"press": false,
  	  	  	"dir": 1,
  	  	  	"time": 117760.666666669,
  	  	  	"judgement": null
  	  	},
  	  	{
  	  	  	"press": true,
  	  	  	"dir": 3,
  	  	  	"time": 117927.333333336,
  	  	  	"judgement": null
  	  	},
  	  	{
  	  	  	"press": false,
  	  	  	"dir": 3,
  	  	  	"time": 118846.333333334,
  	  	  	"judgement": null
  	  	},
  	  	{
  	  	  	"press": true,
  	  	  	"dir": 2,
  	  	  	"time": 119113,
  	  	  	"judgement": null
  	  	},
  	  	{
  	  	  	"press": false,
  	  	  	"dir": 2,
  	  	  	"time": 119463,
  	  	  	"judgement": null
  	  	},
  	  	{
  	  	  	"press": true,
  	  	  	"dir": 0,
  	  	  	"time": 119496.333333334,
  	  	  	"judgement": null
  	  	},
  	  	{
  	  	  	"press": true,
  	  	  	"dir": 1,
  	  	  	"time": 119863.000000001,
  	  	  	"judgement": null
  	  	},
  	  	{
  	  	  	"press": false,
  	  	  	"dir": 0,
  	  	  	"time": 119896.333333334,
  	  	  	"judgement": null
  	  	},
  	  	{
  	  	  	"press": false,
  	  	  	"dir": 1,
  	  	  	"time": 120813.000000001,
  	  	  	"judgement": null
  	  	},
  	  	{
  	  	  	"press": true,
  	  	  	"dir": 2,
  	  	  	"time": 121013.000000001,
  	  	  	"judgement": null
  	  	},
  	  	{
  	  	  	"press": true,
  	  	  	"dir": 3,
  	  	  	"time": 121379.666666668,
  	  	  	"judgement": null
  	  	},
  	  	{
  	  	  	"press": false,
  	  	  	"dir": 2,
  	  	  	"time": 121413.000000001,
  	  	  	"judgement": null
  	  	},
  	  	{
  	  	  	"press": true,
  	  	  	"dir": 0,
  	  	  	"time": 121779.666666668,
  	  	  	"judgement": null
  	  	},
  	  	{
  	  	  	"press": false,
  	  	  	"dir": 3,
  	  	  	"time": 121846.333333334,
  	  	  	"judgement": null
  	  	},
  	  	{
  	  	  	"press": true,
  	  	  	"dir": 1,
  	  	  	"time": 122929.666666668,
  	  	  	"judgement": null
  	  	},
  	  	{
  	  	  	"press": true,
  	  	  	"dir": 3,
  	  	  	"time": 122946.333333335,
  	  	  	"judgement": null
  	  	},
  	  	{
  	  	  	"press": false,
  	  	  	"dir": 3,
  	  	  	"time": 124416.333333334,
  	  	  	"judgement": null
  	  	},
  	  	{
  	  	  	"press": true,
  	  	  	"dir": 3,
  	  	  	"time": 124533,
  	  	  	"judgement": null
  	  	},
  	  	{
  	  	  	"press": false,
  	  	  	"dir": 0,
  	  	  	"time": 124533,
  	  	  	"judgement": null
  	  	},
  	  	{
  	  	  	"press": false,
  	  	  	"dir": 1,
  	  	  	"time": 124566.333333334,
  	  	  	"judgement": null
  	  	},
  	  	{
  	  	  	"press": true,
  	  	  	"dir": 0,
  	  	  	"time": 124666.333333334,
  	  	  	"judgement": null
  	  	},
  	  	{
  	  	  	"press": true,
  	  	  	"dir": 2,
  	  	  	"time": 124666.333333334,
  	  	  	"judgement": null
  	  	},
  	  	{
  	  	  	"press": true,
  	  	  	"dir": 1,
  	  	  	"time": 124799.666666667,
  	  	  	"judgement": null
  	  	},
  	  	{
  	  	  	"press": false,
  	  	  	"dir": 0,
  	  	  	"time": 125403,
  	  	  	"judgement": null
  	  	},
  	  	{
  	  	  	"press": false,
  	  	  	"dir": 1,
  	  	  	"time": 125403,
  	  	  	"judgement": null
  	  	},
  	  	{
  	  	  	"press": false,
  	  	  	"dir": 2,
  	  	  	"time": 125436.333333334,
  	  	  	"judgement": null
  	  	},
  	  	{
  	  	  	"press": false,
  	  	  	"dir": 3,
  	  	  	"time": 125453,
  	  	  	"judgement": null
  	  	},
  	  	{
  	  	  	"press": true,
  	  	  	"dir": 0,
  	  	  	"time": 125753,
  	  	  	"judgement": null
  	  	},
  	  	{
  	  	  	"press": true,
  	  	  	"dir": 1,
  	  	  	"time": 125753,
  	  	  	"judgement": null
  	  	},
  	  	{
  	  	  	"press": true,
  	  	  	"dir": 2,
  	  	  	"time": 125753,
  	  	  	"judgement": null
  	  	},
  	  	{
  	  	  	"press": true,
  	  	  	"dir": 3,
  	  	  	"time": 125753,
  	  	  	"judgement": null
  	  	},
  	  	{
  	  	  	"press": false,
  	  	  	"dir": 0,
  	  	  	"time": 126153,
  	  	  	"judgement": null
  	  	},
  	  	{
  	  	  	"press": false,
  	  	  	"dir": 1,
  	  	  	"time": 126153,
  	  	  	"judgement": null
  	  	},
  	  	{
  	  	  	"press": false,
  	  	  	"dir": 3,
  	  	  	"time": 126153,
  	  	  	"judgement": null
  	  	},
  	  	{
  	  	  	"press": false,
  	  	  	"dir": 2,
  	  	  	"time": 126186.333333334,
  	  	  	"judgement": null
  	  	},
  	  	{
  	  	  	"press": true,
  	  	  	"dir": 2,
  	  	  	"time": 126369.666666667,
  	  	  	"judgement": null
  	  	},
  	  	{
  	  	  	"press": true,
  	  	  	"dir": 3,
  	  	  	"time": 126369.666666667,
  	  	  	"judgement": null
  	  	},
  	  	{
  	  	  	"press": true,
  	  	  	"dir": 0,
  	  	  	"time": 126469.666666667,
  	  	  	"judgement": null
  	  	},
  	  	{
  	  	  	"press": false,
  	  	  	"dir": 3,
  	  	  	"time": 126536.333333334,
  	  	  	"judgement": null
  	  	},
  	  	{
  	  	  	"press": false,
  	  	  	"dir": 0,
  	  	  	"time": 126636.333333334,
  	  	  	"judgement": null
  	  	},
  	  	{
  	  	  	"press": false,
  	  	  	"dir": 2,
  	  	  	"time": 126653.000000001,
  	  	  	"judgement": null
  	  	},
  	  	{
  	  	  	"press": true,
  	  	  	"dir": 1,
  	  	  	"time": 126936.333333334,
  	  	  	"judgement": null
  	  	},
  	  	{
  	  	  	"press": true,
  	  	  	"dir": 0,
  	  	  	"time": 127036.333333334,
  	  	  	"judgement": null
  	  	},
  	  	{
  	  	  	"press": false,
  	  	  	"dir": 1,
  	  	  	"time": 127086.333333334,
  	  	  	"judgement": null
  	  	},
  	  	{
  	  	  	"press": false,
  	  	  	"dir": 0,
  	  	  	"time": 127136.333333334,
  	  	  	"judgement": null
  	  	},
  	  	{
  	  	  	"press": true,
  	  	  	"dir": 0,
  	  	  	"time": 127536.333333334,
  	  	  	"judgement": null
  	  	},
  	  	{
  	  	  	"press": true,
  	  	  	"dir": 1,
  	  	  	"time": 127536.333333334,
  	  	  	"judgement": null
  	  	},
  	  	{
  	  	  	"press": true,
  	  	  	"dir": 3,
  	  	  	"time": 127536.333333334,
  	  	  	"judgement": null
  	  	},
  	  	{
  	  	  	"press": false,
  	  	  	"dir": 0,
  	  	  	"time": 127603.000000001,
  	  	  	"judgement": null
  	  	},
  	  	{
  	  	  	"press": true,
  	  	  	"dir": 0,
  	  	  	"time": 127636.333333334,
  	  	  	"judgement": null
  	  	},
  	  	{
  	  	  	"press": false,
  	  	  	"dir": 0,
  	  	  	"time": 127719.666666668,
  	  	  	"judgement": null
  	  	},
  	  	{
  	  	  	"press": false,
  	  	  	"dir": 1,
  	  	  	"time": 127803.000000001,
  	  	  	"judgement": null
  	  	},
  	  	{
  	  	  	"press": false,
  	  	  	"dir": 3,
  	  	  	"time": 127819.666666668,
  	  	  	"judgement": null
  	  	},
  	  	{
  	  	  	"press": true,
  	  	  	"dir": 0,
  	  	  	"time": 128036.333333334,
  	  	  	"judgement": null
  	  	},
  	  	{
  	  	  	"press": true,
  	  	  	"dir": 2,
  	  	  	"time": 128036.333333334,
  	  	  	"judgement": null
  	  	},
  	  	{
  	  	  	"press": true,
  	  	  	"dir": 3,
  	  	  	"time": 128036.333333334,
  	  	  	"judgement": null
  	  	},
  	  	{
  	  	  	"press": true,
  	  	  	"dir": 1,
  	  	  	"time": 128269.666666668,
  	  	  	"judgement": null
  	  	},
  	  	{
  	  	  	"press": false,
  	  	  	"dir": 0,
  	  	  	"time": 128619.666666668,
  	  	  	"judgement": null
  	  	}
  	],
  	"mix": "bf",
  	"difficulty": "hard",
  	"song": "blammed d-side"
}